-- phpMyAdmin SQL Dump
-- version 4.6.6
-- https://www.phpmyadmin.net/
--
-- Хост: localhost
-- Время создания: Июл 27 2017 г., 17:05
-- Версия сервера: 5.7.18-15-beget-5.7.18-15-2-3-log
-- Версия PHP: 5.6.30

SET SQL_MODE = "NO_AUTO_VALUE_ON_ZERO";
SET time_zone = "+00:00";


/*!40101 SET @OLD_CHARACTER_SET_CLIENT=@@CHARACTER_SET_CLIENT */;
/*!40101 SET @OLD_CHARACTER_SET_RESULTS=@@CHARACTER_SET_RESULTS */;
/*!40101 SET @OLD_COLLATION_CONNECTION=@@COLLATION_CONNECTION */;
/*!40101 SET NAMES utf8mb4 */;

--
-- База данных: `vitality_craft`
--

-- --------------------------------------------------------

--
-- Структура таблицы `build`
--
-- Создание: Янв 18 2017 г., 01:55
-- Последнее обновление: Июл 27 2017 г., 10:59
-- Последняя проверка: Июл 21 2017 г., 02:07
--

DROP TABLE IF EXISTS `build`;
CREATE TABLE `build` (
  `id` int(6) NOT NULL,
  `name` varchar(30) COLLATE utf8_unicode_ci NOT NULL,
  `date` datetime NOT NULL,
  `ip` varchar(20) COLLATE utf8_unicode_ci NOT NULL,
  `hash` varchar(20) COLLATE utf8_unicode_ci NOT NULL,
  `buildtext` text COLLATE utf8_unicode_ci NOT NULL,
  `uniqueid` varchar(20) COLLATE utf8_unicode_ci NOT NULL
) ENGINE=MyISAM DEFAULT CHARSET=utf8 COLLATE=utf8_unicode_ci;

--
-- Дамп данных таблицы `build`
--

INSERT INTO `build` (`id`, `name`, `date`, `ip`, `hash`, `buildtext`, `uniqueid`) VALUES
(3681, 'Филимон', '2017-07-26 23:49:19', '84.39.245.211', '5979004f813f6', 'W3sidHBlcmsiOnt9LMOKcmFpdHPDkMOJVFJBSVRfRkFTw6FTSE9Uw5Axw5TDncOfw6FCUlVJU0VSw6vDkyLDjMOOw5rDkSJQRV9Rw7NDS19SRUNPVsO2WcObInZvbMOrw5RsdsSTOlszXcO5xIBfQk9OVVPEh0FOR0VEX0RBTUHEqMSPxJHEmMOsIsSWxJhbNsScw5TEnsOjw6XDtl9IRUFMScSnxLHEksSUxLXEl8OQWznEusO/xIFOSUdIw6FWw7RJxKHFh8SzxJXFi8SZMTLFj8SeVMO2TcWFQVRPw7fDvsSyxYnEtsWMMTXFosSBTUVOVMWDxJ9MT8SFxZvFrsWeWzE4xbNfxYRGRUdJxIzFq8OJxa06xLTFr8SZMjHGhMWExZTDpsWkUMW+xo/FncS3MjTGhEVYUMW7xIjGjMSQxYjGnMWKxp43xoROQVBST8W7TcabxpDGgDMwxoTDnsSwxazGqca3xLczxJt9w7l0YWfDvcOJaGVhdnnFiW9yZMONbMePxqpzw4xlZMO4w5Rza2lsbMeJIjHEj8eLx43HllswLDLGusOUdGhyb3duxYzHq8euIseRx5Nyx5XHtsesx7jHmGXHmse+x63Fj8a5x6bHjMeOxbAzOCzGrcOUx7rHlMepMTY2LMiAx5nHm8WfN8iWx7hsaWdodMe+yI8iZW7DjWfHqceryKXHsMeyx7THvjHHuG1lbMiCyLHFsseddMiCxLfHq8WxyIYzxI/Ikce8yKvHv13DlGRvY3THkcixxrrHhMOUZseMw5nEj8elw77In3Zlx77InmV2aMmbyYciYXBvacWMLcOsyLNkbWfFjDI1yJfFjzLEj8mYyZrEmTfJscO5yYHJl2nJmcWMybjHuMmjyaXFsMm5w5Q0ybTJvcm2W8qAxY81yojJvsm3yoUiNsqPyorKjMO5N8qVyb/KkjjKmsqRyY/DlDnKnsqLybHElcmdyZ/Fn8e3xY/IssqjypfDlDHJlsOJybXKm8qgx6TJs8m8ypDKpMq1Mcm7yrLKicq0yqvKh8q4ypbKksWxyq3LhcqUy4PLgMO5McqZy4rKn8qryp3Lj8SaMsuFyqLLk8quIsety4fKtcaTyq3LlcudyrfKvsq5y5kyyr3Etcq/y5DDucafy5zJssqOy5jKkjLLicujy4TLncuOy7TFjDXLpcuSy7jLqsOUMsuXy73GgcqSx4LKo8mwyY/DuXJlc2lzyKPDvsaCxI9ux5FtYci9LMi5xLVhc8ONx77MmWZpzIrMnsmhcGzMm8yVzKPDlGV4zKVvx5PMqcimyLbJi8eyzKPLq8uCw4nMq8ytzK/Emcerya/EnMO5cXXMi8yPw4nEnsSuX8OfRMa2xp3FjMeCzL/DlMmkaW7JlMyQw5DHq8uaw5DGk8OUybs0y5Uiy4I2M8OUy684NMOUy4nIssmwIsuOxaDIliLLkjE0ybgiy5fIlMiNx6Qww6s4OcqvyZbGk82XxaDNmTPEtMq8zZk1zZ7Nsc2ZN82ix6TLr8yAzabHpMuJzoPNqsuNw5DHgs2uzJE6M8u6yq/LlzM3zbfLm86aOc28y5rJls2dzZcyyrc0NMS0y6bDkDQ2zZ7LrDo0OM6Mya/DkDUwzpDLss66ya/Lv8uONc6xy7/LkjU2zbPMgM66z4jNm825Os2ezoPNmc2byrcyw7nMjmHNlMOJw6XFq8aByqrEu8O2xYzNpse4xbZVxbDPniJDSEHKhMe4xYXDqsSZyI3HuMSvScWMyJ3JoUxVQ8+hypJib2/Dj8m8yKHMj8+dyJcsw5LJocinyKnIk8e30IZ9yaHJg8e9zLzQhcOJzIXDvtCQ0IssyLLMv8mhc2NpyKdjyorIstCT0I7DlMyKcMOXcs+m0KTJocOWbmfMncqp0KzNkMyKd2HQqsaS0IzQh8mQw4nHh8m2Ms23zJx4w5AizJXHtcqmyZnEmMeCx6/Hh8yPzZfHhseIzZbNkMmlzZPDvc2eyIHQnsyWzZHNk9GSw7rDjWvRm9GOw5RuYci00YQlRDAlQTTRqNGqQjjRriVCQtGy0bDRtkPRtkXRts2K0I4=', '58ef74d2a56dc'),
(3682, 'Герман', '2017-07-27 00:00:53', '84.39.245.211', '597902fcf2d46', 'W3sidHBlcmsiOnt9LMOKcmFpdHPDkMOJVFJBSVRfQlJVSVNFUsOQMcOUw53Dn8OhRkFTw6FTSE9Uw6rDkyLDjMOOw5rDkSJQRV9Rw6VDS19SRUNPVsOoWcObInZvbMOqw5RsdsSTOlszXcO5xIBfR8OfTl/EgFJDRVBUSU9OxI/EkcSYw6sixJbEmFs2xJzDlMSeSEVBTMOoxK3EksSUxLHEl8OQWznEtsO/xIFOSUdIw6FWw6bEqsSsw77ErsWAxLLFgzEyxYbEnlTDqE1JTkFUT8OpxZLEvzrEsMWVxJkxNcWZxIFCxKtVU8SHxaDEgU9GX0ZJxIjEvsSvxJXFgsWpOMWsX0zFisWMX8OyxKfFu8WUxb5bMjHGgcaDRkVHScSMxaPDicWTxabFvcSzMjTGj8aUxZ5HX0HFn8WhTcSOxaTFvMWBxps3xoFNRURJQ8aJxpnGqsWDMzDEnMO5dGFnw73DiWhlYXZ5xYBvcmTDjWzHhMa0c8OMZWTDuMOUc2tpbGzGviIxxI/HgMeCx4tbMCwyxrjDlMeGx4hyx4rFg8egx6Jdx5LHjseQxJnHqsa4w7kyNsSPZG9jdMeGxYM1w6sxx6Mix6XHiceexaoyLMe/x6wix5zHg8WWMTYsyIDHjWXHj8WWM8iPx7LDlDI3x7bHuMe6csepx6HImCIyOMSPyJLIlMSZNDTIkMiJyIvHnsiXyInIgsenx57HoMiIw7nGt8SPyLLHqMewyIfIgMe3x7nHu8i8yLbDuWbHgcOZxI/HmsO+YXBvacWDLcOryIBtZG1nxYMyNcisx7PEj2xpdmXFgzfJmsOUM8mcyZ7JoMSZyaLIgMmLyY3FlsmjIjTJpsmfyaHJrzXJssmoW8mqxYbHtcO+yZ3Js8SZyJrJr8ibyb3Jp8m0yKLIpcqEyb/JucmvOcm3yobFhse/yo7JqcmvMcmJw4nJvsm4ybrDucWXypLKi8iiMcmlyonKmcqUybHKosqPypvJtsqmypPKn8m8ypfKhcqrypDKg8quyorKmsOUMcqIyrPKo8qfyo3KqsqexYbHosqdyrXIo8qWxLHKr8q+x7Myy4HJrzLKocq5yqfImcqly47JqciGyKLJmMuKy5XKrcuFyrTLi8qyy5rKusq/yrjLnsuPyKPKvMuSW8mRxrnDlHJlc2lzdMSPxo3Ej2V4cGxvx4jIoMmYy6kicXXLrMuww77Enk1BxqJJRMazxafGi8e0y7zJjGluyYfDvsmJx6DIo8OQxo3JpMOQNMiGybDDkDYzw5TKqTjIqyLJvMe/yZkiyoPFl8iPIsqIMTTJoiLKvMiOOMq2MMOqODnKtsmJxo3MlMqcOsuMxLDKoMyWNcybzK7MljfMn8eZyqkyOcyjyI7DkDPFqsq2yoMzyJbKtsqIMzXMsDHKvDM3zLTIo8y2OjM5zLnLg8yZx6LImcuJOsiqxLDLjMyZNsybxpzMmTjNicuWOjUwzKPHtMOQN8yUyJrDkDnNrsytyJnMssO5y69hzJHDicOyxaPLp8egyIDEpMWDyI/GjsOURU5VxZbOj8iJQ0hBya7IgMWew7fEmcy0yIBBxpPKj8OUTFXGssWpya9ib2/Dj8qEZ2jMgc6OyJAsw5LIiWVuw41nyITOj865fcixx4fIg8igx6DDicikyLnPhcizzpnIvca5yIlzY2nOvGPJuMe/zrjOusuqZXDDl8ifxanPgc+aIsOWbmfDjc+Oz4jPg8OUcMurd2HPn8aMz6HPg33Dk8OJxrzJqDXNiXPLtMOQIm1hbiLElWXJn8SYxrfDlMa7Z8yBzJTQicO9zJTMjsyQw73EsMiSz5NhbNCQ0IvPq8ONa9CYw5DMlG5hbcmoIiVEMCU5M9Cl0KdCNdClMSU40KfQpiVCQ9Cr0LXQs9CszIjPgw==', '58ef74d2a56dc'),
(3683, 'Антонин', '2017-07-27 00:03:01', '37.235.183.213', '59790379854a1', 'W3sidHBlcmsiOsOJUEVfUVVJQ0tfUkVDT1ZFUlnDkDEsIsOTX0JPT0tXT1JNw6TDpsOoVMOhTUlOQVTDr8Oyw6fDlE5JR0hUX1ZJU0lPTsO9w6hEw7ZBTF9JTVBBQ1TEjMOUTUFTw7VSX1RISUVGxJnDqcSKVVNfxINIX8O6VMSWS1PEpkVYUEzDr8OhxKZGxJzEnsSrRcSQw7hHw6R9w6Z0cmFpdHPDkMOJVFJBScSEQlLDl1PEujrDpSLFj8WRxITFl1jErlDDk8SQxYTDpsOMw47FjMORw77DlcOXw5nDm8Odw5/DocOjxap2b2zDvWx2xbc6WzNdxYXFq8S1xLfEuVLFjSLFtcW7xZrFucW7WzbFv8Ozw5TEvMSdw6HEv8WBTsWDxbTFtsW4xbrDkFs5xo/Fq8SOw7DEkMSSxJTElsSYxpnGicOmxovGnTEyxqDDqMOqTsSpxKvEocSuVMSww5nEs8apxpvGjDE1xrDDv8SBxIPEhcSHxInEi8a8xZnGq8acxbwxOMeBxKDDtsO4w7rDvMeJxorHjFsyMceQw6rDrMOuw7DGhsaIxr3GnTI0x5DEm8aTxJ/EocSjxKXHlseLxowyN8eQx6vEpMehxprHiiLGrMW8MzDHkEhBUkTHtsaqx7nHmDPFvsaAw6hQw5hLUE/DmUXGqMOJx6LHuMe6xb3GjsiJw5THv8OwTEVTxrvIk8e3x5fGjDPGn8iZX8SVxa7FkMiSxofIosevxp00xq99xoB0YWfFqcOJaGFjw4/HuHN0ZWHIhG1lbGVlxaUic2tpbGzIuCIxxoZoyYF2ecadMCzHvcOmyLrIvMmYLDLJm8mKyYDJgsmfyaFdw6bIv8mHxozJmcmiyYTJhsmIxbzJmcmnxoAyNsmTyLvIvVsxOTbJmsmoyaPJgca+NTLJv8Omya/Jh8adM8m+x73JtTfGhsmqyaXJsiw0yaLJncm6yZnKlcagx7zKkG7JgcqYLDHKlsm5yabHgMmpyaTJrMmgyqbDisWIcMWpW8mzx4DGgMilypDKqMmfyprIs8OmZsmBxYvGhsmSxaphcG9pxp0tw6XJrmRtZ8ekNcqGIm1heMaMNcmtxqAyxoZsaXbJsVs3yb/Ks8uYy5rLnMueyaLLgcuDxq3Ln8OmNMuhy5vGncukxqA1y6zLo8upIsm3xarLmcutxbw1y6/GgMqPy7fLosuuy7Q4y7LMgcqNw6Y5zITFvMuvxqtldmjGrcuVxoDKosyJy53LtDHKv8OJy7jLs8yGyZHLl8u/y7lbNMyLx7nMjcyPx43LjcycMTPMlMu8w6Yxy6vMn8ybxqDGv8yszJbLtsyZzIDMisyWy77MuMygzK3JkcyDzLHMhcyzzIjNgsy6zJzJocy1zYjMmMe5zLnMlc2IzJ7MvcyyybXMq82GzY/LlsywzZLNg8yMzI7KisyRw6Yyy7HNlsy/ybbNisuWzLzNjcy+y7QyzYHNms2Hy5bNhc2uybvLtMiHy5jMpcadzKjGoMixxobLkMuSx6TKhcqNxoByZXNpyL/FjcaAcXXOhHTOiMWmy4Nuyr3Fqsq/yZkizJ7HmsOmzZXIscuqw5A2M8OmzaI4NMOmy7bKosuNIsu+xq7JviLNgcyvy54izYUxNjjMrjDDpDg5zK7Kv8eazpXGrsOQMjPFmsyqzr/KhMyuzLDHsc6fyZHNojI5zqPJkcu2z4HOpzHLvsiHzqvHjsOQM8u7zK7NhTM3zrTOls62OsilzrnOlsq/yLHOlTLMnjQ0xZrPgMOQNDbKhc6WzLA0OM+JzaHDkMuUz47NpTrPqMu+zpjOls2BzpvOls2F0IPKnDrQhs+mz7Izz6rQi86a0IvPtNCLzaLQhsu20IbLvtCG0ILQi9CFz7LKlc+v0JzQisaAyL9hzpLDicSdxoXHjcuVxpDQp82zyaJFxrPMkMuOQ8e/zbjLjsO4xqhbzrTJokFHScad0LnKgExVQ8uozJxib2/Ivcy4Z2jOjdCoyZose33KgGXKnnJnyZfRjsmZ0ZHKgG9yZMONbNGYybvJrdGQ0ZLJqWNp0ZRjy5zKotGP0ZvDps6DcMWJctCw0ZrRpiLFiG5nw43RtdGlyoBwzoN3YdG0xbzJodGu0ZLKucOJyLbJsdCAc2V4w5DLj2FuIs2cyYXQnsWGyLbRjc6VyLXIt8OQzpXLgmnOkcWp0INzw4zRqMmC0qHOkdKfxabDjWvSqtKbw6ZuYcmE0pElRDAlOdK50rglQkTStzElODLSt9K5QkXThtK+04DSvUI404rSvyLRkg==', '5903432e2ed31'),
(3684, 'Дамир', '2017-07-27 00:05:27', '84.39.245.211', '59790417cd156', 'W3sidHBlcmsiOnt9LMOKcmFpdHPDkMOJVFJBSVRfRkFTw6FTSE9Uw5Axw5TDncOfw6ZFWF9BUFBFQUzDq8OTIsOMw47DmsORIsO2X0dBTUJMRVLDmyJ2b2zDq8OUbHbEjzpbNV3Du8SCw7FQTE9SxInEi8SNxJTDrCLEksSUWzbEmMOUxIJCT05VU1/Dnk5HRURfRMSFQcS1xKHEjsSQxKXEk8OQWznEqsSBRV9OSUdIw6FWSVNJxK7EvcSjxJHFgcSVMTLFhcSCVMSJTUlOQVTEnsWTxL/EpsWCMcSXxJnFh0zFisWMX8OlRVDFpDrEpMWmxZc4xZrFh0FDVMWRTl/ErVnFs8W1xZZbMjHFuV9NRU5Uw7jGgMSdQ0vGg8WVxKcyNMaJxaxGRUdJVsSgxIDEosWlxoUyN8aJxaBQUk/EnU3GlMWAxKczMMaJw57EvMahxL7FtMaVxYIzM8SYw7t0YWfDv8OJc8OMZWTEv29yZMONbHnEv2hlYXbHjsW0w7tza2lsbMeCIjHEi8eEZceGxYIwLDLGssOUx4nHi3LHjcejx6XHpyJtZWzHocetx69saWdodMe1XcOUx5DHkseUW8ekx6bFhTXHn8eFx4fFlzE4LDbGssO7xrHEi8epx4zIgciLMizHr8egx6LElciXx6/Hv8eTxac3yJfGpsSRx7jHusetyKQiZW7DjWfIgcekyKl0aHJvd27HrTHHr8exx7NlyLjEl8OUc3THocSnx6TFqMWFxrvIkseKyJTHrciEw5Rkb2N0x4nIuMiPw7tmx5HDmcSLx57EgG1heMSnNcekyI/DlDLEi8e3dsi9xJU3yJjJh8mmacmoxYLJq8mjIjTJrsmwyarJrMO7yIbEgMmnyalbybLFhTbJtsm+NcqAw7s3yoPJscm5w5Q4yonJuMmzOcqOyb/Ki8edMMqSyobDlDHJm8OJyb3KismzxZjKl8qUMTPKocqfybXJvMmvyb7KmMedybvKnMqpyp7FhTHKgsqoybfKk8qfyojKtMqqyqLKjcq5yrDDuzHKkcq9yo/FhcemyqXLhMqbxKXKr8uDw5RhcG9pxYLIncuEyaXLgsq2y4TKpMuVyqvGl8qSM8uSw7syyq3Licq1y5rKs8quy6PKlMalypfLnsmkyrzLpsq6ybMyy4HLrsWnypTJiMuVyIzHr8uNy4/LtMmVw5RyZXNpyYHJmsutyKp4cGxvx4vJjMWpyaTKp8OJbseJyZ3JhCzIv8SlYXPDjcetzJZmacu/zJvHvcO8bMyYyZ3MoMOUZcyHzInMi8SVx6TMlseyZcmRyLTMoH3Du3F1zIDHu8SAxIJNQcOzSUTGrsW2W8a7xYXLjV92Y82BxoXNhMO7aHBfx4vIt8a2xZTGr8a6xrzMtMOUy45pbsmZxIDJm8ekIsuUxofDlMuYNMiXybTDkDYzw5TJu8SkyrMyzafKuDTNqyLKvDY0w5TLgTg1ypnKlsW0MDbKmcmbxZjJq8edy5QxNMiMx53LmMqyOcqZyqfLgM2gxajDkMaHxKTKss6Uy53Kmcq4y6DNtMiLzpQ3zbjHncuBy7HNvM2hzb4zyrLJpMmbxrvOhc2ww5AzNc6KMsuYMzfOjs2hyqc0MM2gy6DDkM2mxKQyyrM0zabJpM2yzarLrM6+OM6hy7HPic6hyJE6zaDOqMOQz5HLlDDHlsa/zZ3DicOlxIrFl8mizKHDts+cW8Osx6/GjFXFp8+ew5RDSEHLvMyhxZ/DqsSVy7jMocS7ScWCzoHHr0xVQ8WCzbjJs2Jvb8OPyqjHucy5z6LJoizDksyhyKvIrciV0IfQiceoyYrHq8ivyJjQiCLLtsOJyJPQks+nLMi5xr3MoXNjacirY8m+yLnQlNCPIsu/cMOXctCbx6TQqMOWbmfMms+d0Kd9zKFwy793YdCtyJzQjtC3zZjDiceAyak1zbTMmXjDkMewYci3xJFlyajElMa7w5TGv2fMuc2g0ZPDv82gzZrNnNGYyYDDjNChYWzRmtGVzZnDjWvRos+Tw5RuYcex0YklRDAlOTTRrtGwQtGw0a8lQkPRtNG5ONGuMSU4ypbQtw==', '58ef74d2a56dc'),
(3685, 'Донат', '2017-07-27 13:59:32', '94.244.35.21', '5979c7944fe5c', 'W3sidHBlcmsiOnt9LMOKcmFpdHPDkMOJVFJBSVRfRkFTw6FNRVRBQk9MSVNNw5Axw5TDncOfw6HDo8OlX1NIT1TDscOTIsOMw47DmsORIlBFX1FVSUNLX1BPxIzDqFPDmyJ2b2zDscOUbHbEmDpbM13Dv8SGX0hFQUxFUsSUxJbEncOyIsSbxJ1bNsShw5TEo0FERF9Bw6lDxKvEl8SZxK/EnMOQWznEtMSFxIfDrUZFR0lWxKnEvsStxJrFgsSeMTLFhsSjw6tOVVNfw55UxIdPRsOiSVJFxZDFgMSwxYMxNcWXxIdBQ1RJT05fw6tZxac6xK7FqcWUOMWtX8WfUk1JTsS7T8SqxITErMWoxZNbMjHFvk1Vw6nFn8W4xbrGizI0xb7Et8WlxoTDrU7Eh1LFm0jGlMWSxLEyN8Shw790YWfEg8OJZW7DjWd5xYBvcmTDjWzGs8W5w5Rkb2N0xrXDvsOUc2tpbGzGrSIxxJTGr8axxrpbMCwyMF3DlMa1xrdyxrnFg8eRx5PHlSLGvca/x4HEnsecx5TDvzMwxJTHl8a4x48xODQsxZXHnseNcsayxYPHk8evx5TGvMa+x4ByxYM4LMe5InJlcMOXx73Hoyw2yIFsaWdodMebyInIgXNjacavY2XIkciKx57GtWHHvMePx5E0xb3Hg3RlYcSxx5EzxLPDlHTDlsa3yJHIqseew5ZuZ8ONyJrHpcO/Zsimw5nElMeLxITIjHbImcSeNceRyItldmjHtsmFxYYyxJTJgMmCWzfIgMWGM8mOacmBxYPJkselw5Q0yZbJmMSeyZrFhjXJnsmQyaHDvzbJpMmZyZPDvzfJqcmgyavDlDjJrsmRybAiOcmzyabDlDHHqMi/yZfJpcm1Mci+w4nJj8mqyZvHismNyb3Jn8mRMsqAyZXKicm/yoYxyZ3Kj8qFxYbFq8m4yoDJqMqUya/KkcmtypvJtMqRybLKn8mhw5RhcG9px7bKgMm3yqPJtceTypjKhsaNyrDJjMqIyoPJvsqVw78yyo7KtsqKybkixpfJszPKvjLJo8qtyrHKmsq8ypDJjMqey4nFg8uCyq7KosuNypzJjMqsy5Jbw7LIuMOUyINzaXPIkMORw79xdWXLnsObw7/Kp2luyLzEhMi+x5HKv8OQxo3DlMqONMqMIsqTNjPDlMuFx67DlMqaybs1w5TKnsWVNsmxw7E0yZLJtsOxNse/x4rJvMetOcm6yL7GjcuuxZXLsDPErjHKjsuEy7XKksuwN8u5x4rLhTI5x6/HisqazJfMgMeKyp4zyKrJusqiMzXMiDHKrMuCzIzKrzozOcyQyr/Ivsu0y64yyog0NMSuyrrDkDQ2y7XLgDo1NMygy4TDkDU2zKUyypo1OMypxqbDkMiKzITKv8qizYjMiMyjzZrGpsO/y57InseJw6XGh8SyyZPEtcWPxJ7MhMiBRcWaxarJi8OUQ0hBxarNqyLGg8O9xJ7Hv8iBQcWMx77NukxVxL3FlMm1Ym9vw4/JvciOy5/HkMiALMOJx6fJls6PzbPIksaox7LGsMe0x6zJhc6TfcicxrbHq8iRx5HOlMm8w4nHqseZzp7HsMWWfc6hx4PIlciXyZDOn86nxJTIlMiWbsiYzpjIm86vyLLIhMiGzqXOkyLOlcSEyIPIhWnIh8uXx5HOvc6wyIJhyLTItsiIzqbPhM6oz4/Pkc+KybvOmc6+w5RwyIN3Yc+KzrXPlcepw5bIn86DyKLHnsueyKbEscyEyLHIrMiuyZDPrsSzzr7Or8+DxqvJgjTMu3NleMOQIm3PkCLEmsmHZcSdx6fIrMary5/LrsaqxqzDkMuuy6jLqsSDxK5zw4zIlcin0JHQi8+dw41r0JnFgG5hbcmCIiVEMCXMpNCl0KdCRdCqJUJE0K5C0KdEMSU4yY3OoQ==', '5964ccc04fe71');

-- --------------------------------------------------------

--
-- Структура таблицы `craft`
--
-- Создание: Янв 18 2017 г., 01:55
-- Последнее обновление: Июл 21 2017 г., 02:07
-- Последняя проверка: Июл 21 2017 г., 02:07
--

DROP TABLE IF EXISTS `craft`;
CREATE TABLE `craft` (
  `id` smallint(6) NOT NULL,
  `pid` varchar(50) COLLATE utf8_unicode_ci NOT NULL,
  `description` varchar(255) COLLATE utf8_unicode_ci NOT NULL,
  `param1` varchar(150) COLLATE utf8_unicode_ci DEFAULT NULL,
  `param2` varchar(150) COLLATE utf8_unicode_ci DEFAULT NULL,
  `items` varchar(200) COLLATE utf8_unicode_ci NOT NULL,
  `tool` varchar(150) COLLATE utf8_unicode_ci DEFAULT NULL,
  `output` varchar(50) COLLATE utf8_unicode_ci NOT NULL,
  `exp` smallint(6) DEFAULT NULL
) ENGINE=MyISAM DEFAULT CHARSET=utf8 COLLATE=utf8_unicode_ci;

--
-- Дамп данных таблицы `craft`
--

INSERT INTO `craft` (`id`, `pid`, `description`, `param1`, `param2`, `items`, `tool`, `output`, `exp`) VALUES
(2, 'PID_LEATHER_JACKET', 'Сшейте куртку из обработанной кожи.', 'KARMA_MARRIED 1', 'KARMA_MARRIED 1', 'PID_MET_LEATHER 2&PID_RAGS 3', 'PID_SHIV 1&PID_COMBAT_KNIFE 1|PID_KNIFE 1', 'PID_LEATHER_JACKET 1', 120),
(3, 'PID_LEATHER_JACKET', 'Воспользуйтесь старой выкройкой и сделайте действительно качественную куртку.', 'KARMA_MARRIED 1', 'KARMA_MARRIED 1', 'PID_MET_LEATHER 3&PID_RAGS 3&PID_CHEMICALS 1', 'PID_LEATHER_JACKET_RECIPE 1&PID_SHIV 1&PID_COMBAT_KNIFE 1|PID_KNIFE 1', 'PID_LEATHER_JACKET 1', 180),
(4, 'PID_LEATHER_ARMOR', 'Дубленая кожа, сшитая в несколько слоёв, позволит чувствовать себя защищённей.', 'KARMA_MARRIED 1', 'KARMA_MARRIED 1', 'PID_MET_LEATHER 3&PID_POCKET_LINT 1&PID_ROPE 1', 'PID_SHIV 1&PID_COMBAT_KNIFE 1|PID_KNIFE 1', 'PID_LEATHER_ARMOR 1', 140),
(5, 'PID_LEATHER_ARMOR', 'Броня на схеме так проста, что хочется тут же сделать себе такую же.', 'KARMA_MARRIED 1', 'KARMA_MARRIED 1', 'PID_MET_LEATHER 4&PID_POCKET_LINT 1&PID_ROPE 1', 'PID_LEATHER_ARMOR_RECIPE 1&PID_SHIV 1&PID_COMBAT_KNIFE 1|PID_KNIFE 1', 'PID_LEATHER_ARMOR 1', 210),
(6, 'PID_LEATHER_ARMOR_MK_II', 'Укрепите броню несколькими слоями кожи для улучшения защитных свойств.', 'KARMA_MARRIED 1', 'KARMA_MARRIED 1', 'PID_LEATHER_ARMOR 1&PID_MET_LEATHER 1&PID_POCKET_LINT 1', 'PID_SHIV 1&PID_COMBAT_KNIFE 1|PID_KNIFE 1', 'PID_LEATHER_ARMOR_MK_II 1', 217),
(7, 'PID_LEATHER_ARMOR_MK_II', 'Следуйте инструкциям для улучшения свойств своей брони.', 'KARMA_MARRIED 1', 'KARMA_MARRIED 1', 'PID_LEATHER_ARMOR 1&PID_MET_LEATHER 1&PID_POCKET_LINT 1&PID_CHEMICALS 2', 'PID_LEATHER_ARMOR_II_RECIPE 1&PID_SHIV 1&PID_COMBAT_KNIFE 1|PID_KNIFE 1', 'PID_LEATHER_ARMOR_MK_II 1', 320),
(8, 'PID_CURED_LEATHER_ARMOR', 'Если на горизонте показались проблемы, то лучше забыть про стиль и укрепить свою старую добрую куртку ещё десятком слоёв кожи.', 'KARMA_MARRIED 1', 'KARMA_MARRIED 1', 'PID_LEATHER_JACKET 1&PID_MET_LEATHER 2&PID_POCKET_LINT 1', 'PID_SHIV 1&PID_COMBAT_KNIFE 1|PID_KNIFE 1', 'PID_CURED_LEATHER_ARMOR 1', 130),
(9, 'PID_CURED_LEATHER_ARMOR', 'Укрепить свою кожаную куртку с умом и по инструкции - неплохая идея.', 'KARMA_MARRIED 1', 'KARMA_MARRIED 1', 'PID_LEATHER_JACKET 1&PID_MET_LEATHER 3&PID_POCKET_LINT 1', 'PID_COMBAT_LEATHER_RECIPE 1&PID_SHIV 1&PID_COMBAT_KNIFE 1|PID_KNIFE 1', 'PID_CURED_LEATHER_ARMOR 1', 200),
(10, 'PID_METAL_ARMOR', 'Боитесь ножей из-за угла и когтей гекко? С вашей новой металлической бронёй они будут для вас не больше, чем царапинами.', 'KARMA_MARRIED 1', 'KARMA_MARRIED 2', 'PID_CURED_LEATHER_ARMOR 1&PID_WELDING 1&PID_STEEL 3', 'PID_SUPER_TOOL_KIT 1', 'PID_METAL_ARMOR 1', 495),
(11, 'PID_METAL_ARMOR', 'Изготовление и соединение металических пластин может показаться непростым делом - но для этого и существуют готовые схемы.', 'KARMA_MARRIED 1', 'KARMA_MARRIED 2', 'PID_CURED_LEATHER_ARMOR 1&PID_WELDING 1&PID_STEEL 4', 'PID_METAL_ARMOR_RECIPE 1&PID_SUPER_TOOL_KIT 1', 'PID_METAL_ARMOR 1', 740),
(12, 'PID_METAL_ARMOR_MK_II', 'Укрепите слабые места на броне, а затем обработайте напильником и отполируйте до блеска для лучше защиты от лазерного оружия.', 'KARMA_MARRIED 1', 'KARMA_MARRIED 2', 'PID_METAL_ARMOR 1&PID_STEEL 2&PID_WELDING 1', 'PID_SUPER_TOOL_KIT 1&PID_MOUSE_SKIN 1', 'PID_METAL_ARMOR_MK_II 1', 615),
(13, 'PID_METAL_ARMOR_MK_II', 'Раз уж у вас есть готовые рекомендации по улучшению защитных свойств металлической брони, почему бы ими не воспользоваться?', 'KARMA_MARRIED 1', 'KARMA_MARRIED 2', 'PID_METAL_ARMOR 1&PID_STEEL 3&PID_WELDING 1', 'PID_METAL_ARMOR_II_RECIPE 1&PID_SUPER_TOOL_KIT 1&PID_MOUSE_SKIN 1', 'PID_METAL_ARMOR_MK_II 1', 920),
(14, 'PID_TESLA_ARMOR', 'Установите на свою металлическую броню катушки Тесла, чтобы они рассеивали заряды энергооружия. И не забудьте про шапочку из фольги! Требуется верстак.', 'KARMA_MARRIED 2', 'KARMA_MARRIED 3&PE_RATING 2', 'PID_METAL_ARMOR_MK_II 1&PID_EL_CONDENSATS 2&PID_EL_CABLE 1&PID_MET_WIRES_STEEL 3&PID_V15_COMPUTER_PART 3', 'PID_SUPER_TOOL_KIT 1&PID_DEANS_ELECTRONICS 1', 'PID_TESLA_ARMOR 1', 1540),
(15, 'PID_TESLA_ARMOR', 'Сборка схемы интегрированной в броню катушки Тесла - непростое занятие, лучше воспользоваться готовой схемой. Требуется верстак.', 'KARMA_MARRIED 2', 'KARMA_MARRIED 3&PE_RATING 2', 'PID_METAL_ARMOR_MK_II 1&PID_EL_CONDENSATS 3&PID_EL_CABLE 1&PID_MET_WIRES_STEEL 4&PID_V15_COMPUTER_PART 4', 'PID_TESLA_ARMOR_RECIPE 1&PID_SUPER_TOOL_KIT 1&PID_DEANS_ELECTRONICS 1', 'PID_TESLA_ARMOR 1', 2300),
(16, 'PID_COMBAT_ARMOR', 'Обшейте кожаную броню арамидной тканью, закройте жизненно-важные органы дополнительным слоем из кевлара и сделайте кевларовый шлем. Требуется верстак.', 'KARMA_MARRIED 2', 'KARMA_MARRIED 3&PE_RATING 2', 'PID_MET_KEVLAR_FIBER 2&PID_MET_ARAMID_FABRIC 3&PID_MET_WIRES_STEEL 1&PID_LEATHER_ARMOR 1|PID_LEATHER_ARMOR_MK_II 1', 'PID_SUPER_TOOL_KIT 1', 'PID_COMBAT_ARMOR 1', 1510),
(17, 'PID_COMBAT_ARMOR', 'Сделайте самую настоящую боевую броню. Требуется верстак.', 'KARMA_MARRIED 3', 'KARMA_MARRIED 3&PE_RATING 2', 'PID_MET_KEVLAR_FIBER 2&PID_MET_ARAMID_FABRIC 4&PID_MET_WIRES_STEEL 1&PID_LEATHER_ARMOR 1|PID_LEATHER_ARMOR_MK_II 1', 'PID_COMBAT_ARMOR_RECIPE 1&PID_SUPER_TOOL_KIT 1', 'PID_COMBAT_ARMOR 1', 2200),
(18, 'PID_COMBAT_ARMOR_MK_II', 'Карбон хоть и дороже арамида, но защитит вас гораздо лучше. Добавте свинца для защиты от облучения. Требуется верстак.', 'KARMA_MARRIED 3', 'KARMA_MARRIED 4&PE_RATING 4', 'PID_COMBAT_ARMOR 1&PID_MET_CARBON_FIBER 2&PID_CHEM_ACID 1&PID_MET_PLUMBUM 1', 'PID_SUPER_TOOL_KIT 1', 'PID_COMBAT_ARMOR_MK_II 1', 1843),
(19, 'PID_COMBAT_ARMOR_MK_II', 'Используйте чертежи для оптимального расположения кевларовых пластин и улучшения защитных свойств вашей брони. Требуется верстак.', 'KARMA_MARRIED 4', 'KARMA_MARRIED 4&PE_RATING 4', 'PID_COMBAT_ARMOR 1&PID_MET_CARBON_FIBER 3&PID_CHEM_ACID 2&PID_MET_PLUMBUM 1', 'PID_COMBAT_ARMOR_II_RECIPE 1&PID_SUPER_TOOL_KIT 1', 'PID_COMBAT_ARMOR_MK_II 1', 2750),
(20, 'PID_DESERT_ARMOR', 'В Пустоши иногда лучше быть незаметным, чем лезть на рожон. Вы можете окрасить боевую броню под цвет окружающей пустыни.', 'KARMA_MARRIED 4', 'KARMA_MARRIED 4&PE_RATING 4', 'PID_COMBAT_ARMOR_MK_II 1&PID_OCHRE_COLOR 2&PID_CAI_FIRE 2', 'PID_SCOUT_HANDBOOK 1', 'PID_DESERT_ARMOR 1', 250),
(21, 'PID_DESERT_ARMOR', 'Совместите процесс покраски брони с внесением некоторых улучшений.', 'KARMA_MARRIED 4', 'KARMA_MARRIED 4&PE_RATING 4', 'PID_COMBAT_ARMOR_MK_II 1&PID_OCHRE_COLOR 3&PID_CAI_FIRE 3', 'PID_COMBAT_ARMOR_II_RECIPE 1&PID_SCOUT_HANDBOOK 1', 'PID_DESERT_ARMOR 1', 350),
(22, 'PID_SPEC_K', 'Вымочите кожаную броню в химикатах. Приделайте рукава и брюки. И покрасьте все в цвет пустыни.', 'KARMA_MARRIED 2', 'KARMA_MARRIED 3', 'PID_RAGS 8&PID_CHEMICALS 1&PID_OCHRE_COLOR 1&PID_LEATHER_ARMOR 1|PID_LEATHER_ARMOR_MK_II 1', 'PID_SHIV 1&PID_COMBAT_KNIFE 1|PID_KNIFE 1', 'PID_SPEC_K 1', 100),
(23, 'PID_SPEC_K', 'Маскировка никогда не была вашей сильной стороной, поэтому в изготовлении максимально неприметного костюма стоит обратиться к готовому источнику информации.', 'KARMA_MARRIED 2', 'KARMA_MARRIED 3', 'PID_RAGS 8&PID_CHEMICALS 2&PID_OCHRE_COLOR 2&PID_LEATHER_ARMOR 1|PID_LEATHER_ARMOR_MK_II 1', 'PID_SPEC_K_RECIPE 1&PID_SHIV 1&PID_COMBAT_KNIFE 1|PID_KNIFE 1', 'PID_SPEC_K 1', 150),
(26, 'PID_CUSTOM_ARMOR', 'Используя куртку как каркас, дополните ее прочными креплениями и нательными карманами для защитных модулей.', 'KARMA_MARRIED 1', 'KARMA_MARRIED 2&PE_RATING 3', 'PID_RAGS 4&PID_MET_WIRES_STEEL 2&PID_LEATHER_JACKET 1&PID_MET_LEATHER 1', 'PID_MULTI_TOOL 1&PID_COMBAT_KNIFE 1|PID_KNIFE 1', 'PID_CUSTOM_ARMOR 1', 270),
(30, 'PID_10MM_PISTOL', 'В общем то все не так страшно. Слегка модифицировать спусковой механизм от самопала и изготовить автоматический затвор.', 'KARMA_BERSERKER 1', 'KARMA_BERSERKER 1', 'PID_TRIGGER_SEMIAUTO 1&PID_MET_PLASTIC 1&PID_TECH_MECHANISM 1', 'PID_MULTI_TOOL 1&PID_LIGHTER 1', 'PID_10MM_PISTOL 1', 225),
(31, 'PID_SHOTGUN', 'Найдите две трубы более-менее подходящего диаметра, изготовьте к ним приклад и простенький спусковой механизм. Требуется верстак.', 'KARMA_BERSERKER 1', 'KARMA_BERSERKER 1', 'PID_MET_BARRELS_A1 1&PID_FIREWOOD 1&PID_TRIGGER_SEMIAUTO 1&PID_TECH_MECHANISM 1', 'PID_MULTI_TOOL 1&PID_COMBAT_KNIFE 1|PID_KNIFE 1', 'PID_SHOTGUN 1', 242),
(32, 'PID_SAWED_OFF_SHOTGUN', 'Укорачивание ствола на десяток дюймов позволит комфортно прятать дробовик под одеждой, чтобы удивлять противника в самый неподходящий момент.', 'KARMA_BERSERKER 1', 'KARMA_BERSERKER 1', 'PID_SHOTGUN 1', 'PID_SUPER_TOOL_KIT 1', 'PID_SAWED_OFF_SHOTGUN 1', 80),
(33, 'PID_9MM_MAUSER', 'Сбор незатейливых механизмов всегда удавался вам легко. В изготовлении маузера нет ничего сложного, однако в журнальчик придется подглядывать. Требуется верстак.', 'KARMA_BERSERKER 1', 'KARMA_BERSERKER 1', 'PID_TRIGGER_SEMIAUTO 1&PID_MET_PLASTIC 1&PID_TECH_MECHANISM 2', 'PID_MULTI_TOOL 1&PID_GUNS_AND_BULLETS 1&PID_LIGHTER 1', 'PID_9MM_MAUSER 1', 557),
(34, 'PID_44_MAGNUM_REVOLVER', 'Изготовьте барабан, сделайте в нем отверстия для патронов. Полученный магазин смонтируйте на самопал, не забудьте усилить ствол - патроны магнум довольно мощная штука! Требуется верстак.', 'KARMA_BERSERKER 1', 'KARMA_BERSERKER 1', 'PID_TRIGGER_SEMIAUTO 1&PID_STEEL 1&PID_TECH_MECHANISM 2', 'PID_MULTI_TOOL 1&PID_GUNS_AND_BULLETS 1', 'PID_44_MAGNUM_REVOLVER 1', 598),
(35, 'PID_DESERT_EAGLE', 'Разберите на части свой самопальный пистолет, обзаведитесь сопутствующими материалами, ну а далее следуйте инструкции из журнала.', 'KARMA_BERSERKER 1', 'KARMA_BERSERKER 1', 'PID_TRIGGER_SEMIAUTO 1&PID_MET_PLASTIC 1&PID_TECH_MECHANISM 2', 'PID_MULTI_TOOL 1&PID_GUNS_AND_BULLETS 1&PID_LIGHTER 1', 'PID_DESERT_EAGLE 1', 608),
(36, 'PID_14MM_PISTOL', 'Невероятно но из многострадального 10 мм пистолета возможно сделать 14мм.', 'KARMA_BERSERKER 1', 'KARMA_BERSERKER 1', 'PID_10MM_PISTOL 1&PID_MET_PLASTIC 2&PID_STEEL 1&PID_TECH_MECHANISM 1', 'PID_MULTI_TOOL 1&PID_GUNS_AND_BULLETS 1&PID_LIGHTER 1', 'PID_14MM_PISTOL 1', 701),
(37, 'PID_HUNTING_RIFLE', 'Вы видели как когда то у вас на глазах было собранно отличное охотничье ружье. Освежив свои знания из журнала «пушки и пули», вам удастся повторить увиденное. Требуется верстак.', 'KARMA_BERSERKER 1', 'KARMA_BERSERKER 1', 'PID_FIREWOOD 2&PID_TRIGGER_SEMIAUTO 1&PID_MET_BARRELS_A1 1&PID_TECH_MECHANISM 2', 'PID_MULTI_TOOL 1&PID_GUNS_AND_BULLETS 1&PID_COMBAT_KNIFE 1', 'PID_HUNTING_RIFLE 1', 820),
(38, 'PID_SCOPED_HUNTING_RIFLE', 'Если насадить на охотничью винтовку оптический прицел, то меткость выстрела существенно повысится.', 'KARMA_BERSERKER 1', 'KARMA_BERSERKER 1', 'PID_HUNTING_RIFLE 1&PID_OPT_SCOPE_OLD 1&PID_MET_WIRES_COPPER 1', 'PID_MULTI_TOOL 1&PID_GUNS_AND_BULLETS 1', 'PID_SCOPED_HUNTING_RIFLE 1', 150),
(39, 'PID_ASSAULT_RIFLE_EXT_MAG', 'Изготовьте новый магазин и сможете меньше думать о перезарядке.', 'KARMA_BERSERKER 1', 'KARMA_BERSERKER 2', 'PID_ASSAULT_RIFLE 1&PID_TECH_MECHANISM 1&PID_STEEL 1', 'PID_SUPER_TOOL_KIT 1', 'PID_ASSAULT_RIFLE_EXT_MAG 1', 120),
(40, 'PID_44_MAGNUM_SPEEDLOADER', 'Скорость - это важный вопрос. Увеличивая свою скорострельность, вы увеличиваете свою выживаемость.', 'KARMA_BERSERKER 1', 'KARMA_BERSERKER 2', 'PID_44_MAGNUM_REVOLVER 1&PID_TECH_MECHANISM 1', 'PID_GUNS_AND_BULLETS 1&PID_SUPER_TOOL_KIT 1', 'PID_44_MAGNUM_SPEEDLOADER 1', 170),
(41, 'PID_DESERT_EAGLE_EXT_MAG', 'Увеличив магазин, вы добьетесь большей скорострельности.', 'KARMA_BERSERKER 1', 'KARMA_BERSERKER 2', 'PID_DESERT_EAGLE 1&PID_TECH_MECHANISM 1&PID_STEEL 1', 'PID_SUPER_TOOL_KIT 1', 'PID_DESERT_EAGLE_EXT_MAG 1', 100),
(42, 'PID_FN_FAL_HPFA', 'Пускай отдача будет ломать вам плечо, но это улучшение того стоит.', 'KARMA_BERSERKER 1', 'KARMA_BERSERKER 2', 'PID_FN_FAL 1&PID_TECH_MECHANISM 2&PID_STEEL 1', 'PID_SUPER_TOOL_KIT 1&PID_GUNS_AND_BULLETS 1', 'PID_FN_FAL_HPFA 1', 250),
(43, 'PID_MAUSER_SMG', 'В одном из номеров журнала \"Пушки и пули\" была опубликована схема автоматического Маузера М712 калибра 7,62. Изучив её, вы поняли, что 9мм Маузер можно было бы переделать подобным образом.', 'KARMA_BERSERKER 1', 'KARMA_BERSERKER 2', 'PID_9MM_MAUSER 1&PID_TECH_MECHANISM 2&PID_STEEL 1', 'PID_MULTI_TOOL 1&PID_GUNS_AND_BULLETS 1', 'PID_MAUSER_SMG 1', 410),
(44, 'PID_223_PISTOL', 'Интеграция револьверного барабана в винтовку, да ещё и не того калибра - непростая задача, но в результат можно будет влюбиться.', 'KARMA_BERSERKER 2', 'KARMA_BERSERKER 3', 'PID_HUNTING_RIFLE 1&PID_44_MAGNUM_REVOLVER 1&PID_WELDING 1', 'PID_SUPER_TOOL_KIT 1&PID_GUNS_AND_BULLETS 1', 'PID_223_PISTOL 1', 710),
(45, 'PID_10MM_SMG', 'Взяв за основу стандартный 10 мм пистолет, поменяйте спусковой механизм с полуавтомата на автомат, прикрутите ручку и увеличьте магазин.', 'KARMA_BERSERKER 1', 'KARMA_BERSERKER 2', 'PID_10MM_PISTOL 1&PID_TRIGGER_AUTO 1&PID_STEEL 1&PID_TECH_MECHANISM 3', 'PID_MULTI_TOOL 1&PID_GUNS_AND_BULLETS 1', 'PID_10MM_SMG 1', 714),
(46, 'PID_TOMMY_GUN', 'Вырежьте из дерева цевье, приклад, смонтируйте на это трубу и автоматический спусковой механизм, вот и готово оружие гангстеров.', 'KARMA_BERSERKER 1', 'KARMA_BERSERKER 2', 'PID_TRIGGER_AUTO 1&PID_TECH_MECHANISM 3&PID_MET_BARRELS_A1 1&PID_STEEL 2&PID_FIREWOOD 2', 'PID_MULTI_TOOL 1&PID_GUNS_AND_BULLETS 1', 'PID_TOMMY_GUN 1', 1035),
(47, 'PID_GREASE_GUN', 'Гриз ган по сути своей тот же 10мм ПП, только другого калибра. Теперь вам известно, что нужно сделать, расточить патронник и ствол, заменить выброс гильз под новый размер.', 'KARMA_BERSERKER 1', 'KARMA_BERSERKER 2', 'PID_10MM_SMG 1&PID_TECH_MECHANISM 2&PID_TRIGGER_AUTO 1&PID_STEEL 1', 'PID_GUNS_AND_BULLETS 1&PID_SUPER_TOOL_KIT 1', 'PID_GREASE_GUN 1', 1123),
(48, 'PID_ASSAULT_RIFLE', 'После долгих чтений журнала «пушки и пули» вас осенило как сделать из охотничьего ружья, штурмовую винтовку.', 'KARMA_BERSERKER 1', 'KARMA_BERSERKER 2', 'PID_HUNTING_RIFLE 1&PID_TECH_MECHANISM 3&PID_TRIGGER_AUTO 1&PID_STEEL 1', 'PID_MULTI_TOOL 1&PID_GUNS_AND_BULLETS 1', 'PID_ASSAULT_RIFLE 1', 1226),
(49, 'PID_HK_P90C', 'Если кардинально изменить способ подачи патрон в ПП то можно увеличить длину ствола, при этом габариты нового автомата сохранятся такими же компактными, ну чем не P90C.', 'KARMA_BERSERKER 2', 'KARMA_BERSERKER 3', 'PID_10MM_SMG 1&PID_TECH_MECHANISM 3&PID_TRIGGER_AUTO 1&PID_STEEL 1&PID_MET_PLASTIC 3', 'PID_SUPER_TOOL_KIT 1&PID_GUNS_AND_BULLETS 1&PID_LIGHTER 1', 'PID_HK_P90C 1', 1332),
(50, 'PID_COMBAT_SHOTGUN', 'Плохо то, что от дробовика вам мало что понадобится, почти все придется делать с нуля, но есть и положительный момент, усилия будут не напрасны.', 'KARMA_BERSERKER 2', 'KARMA_BERSERKER 3', 'PID_SHOTGUN 1&PID_MET_BARRELS_A1 1&PID_TECH_MECHANISM 2&PID_STEEL 2&PID_MET_PLASTIC 1', 'PID_SUPER_TOOL_KIT 1&PID_GUNS_AND_BULLETS 1&PID_LIGHTER 1', 'PID_COMBAT_SHOTGUN 1', 1343),
(51, 'PID_FN_FAL', 'Как вы выяснили, при должной прямоте рук и ясной голове собрать автоматическую винтовку не составляет труда.', 'KARMA_BERSERKER 2', 'KARMA_BERSERKER 3', 'PID_MET_BARRELS_A1 1&PID_TRIGGER_AUTO 1&PID_TECH_MECHANISM 2&PID_STEEL 2&PID_FIREWOOD 3', 'PID_SUPER_TOOL_KIT 1&PID_GUNS_AND_BULLETS 1', 'PID_FN_FAL 1', 1352),
(52, 'PID_NEEDLER_PISTOL', 'Разберите 14 мм пистолет, выкиньте добрую половину всех деталей и замените только что изготовленными и найденными, согласно схеме указанной в журнале.', 'KARMA_BERSERKER 2', 'KARMA_BERSERKER 3', 'PID_14MM_PISTOL 1&PID_TECH_MECHANISM 2&PID_STEEL 2&PID_MET_PLASTIC 3', 'PID_SUPER_TOOL_KIT 1&PID_GUNS_AND_BULLETS 1&PID_LIGHTER 1', 'PID_NEEDLER_PISTOL 1', 1439),
(53, 'PID_SNIPER_RIFLE', 'Легкими движениями рук, вооруженных всевозможными инструментами и подручными материалами, унылая и бесполезная винтовка превращается в грозу пустоши.', 'KARMA_BERSERKER 3', 'KARMA_BERSERKER 4', 'PID_HUNTING_RIFLE 1&PID_MET_BALLISTIC_METALL 1&PID_MET_BARRELS_A2 1&PID_MET_PLASTIC 3&PID_OPT_SCOPE_LRT 1', 'PID_SUPER_TOOL_KIT 1&PID_GUNS_AND_BULLETS 1&PID_COMBAT_KNIFE 1&PID_LIGHTER 1', 'PID_SNIPER_RIFLE 1', 1532),
(54, 'PID_HK_CAWS', 'Перевести боевой дробовик на систему булл-пап, дело не хитрое, главное не забудьте укрепить и удлинить ствол.', 'KARMA_BERSERKER 2', 'KARMA_BERSERKER 3', 'PID_COMBAT_SHOTGUN 1&PID_TECH_MECHANISM 2&PID_STEEL 2&PID_MET_PLASTIC 3', 'PID_SUPER_TOOL_KIT 1&PID_GUNS_AND_BULLETS 1&PID_LIGHTER 1', 'PID_HK_CAWS 1', 1872),
(55, 'PID_PANCOR_JACKHAMMER', 'Если вы надумали выжать максимум из 12 калибра, тогда время мастерить Панкор Джекхаммер.', 'KARMA_BERSERKER 3', 'KARMA_BERSERKER 4', 'PID_HK_CAWS 1&PID_MET_BALLISTIC_METALL 2&PID_MET_BARRELS_A2 1&PID_TECH_MECHANISM 6&PID_MET_PLASTIC 4', 'PID_SUPER_TOOL_KIT 1&PID_GUNS_AND_BULLETS 1&PID_LIGHTER 1', 'PID_PANCOR_JACKHAMMER 1', 2154),
(56, 'PID_HK_G11', 'Вам удалось выяснить, что P90C и G11 имеют схожую систему подачи зарядов в патронник, остается только модифицировать спусковой механизм и заточить ствол орудия под новый калибр.', 'KARMA_BERSERKER 3', 'KARMA_BERSERKER 4', 'PID_HK_P90C 1&PID_MET_BARRELS_A2 1&PID_TECH_MECHANISM 5&PID_MET_BALLISTIC_METALL 2&PID_MET_PLASTIC 4', 'PID_SUPER_TOOL_KIT 1&PID_GUNS_AND_BULLETS 1&PID_LIGHTER 1', 'PID_HK_G11 1', 2475),
(57, 'PID_HK_G11E', 'Если удлинить ствол у G11 и обеспечить электронное срабатывания затвора то таким образом можно повысить убойную силу автомата. А электронный прицел обеспечит быстрое наведение.', 'KARMA_BERSERKER 4', 'KARMA_BERSERKER 4', 'PID_HK_G11 1&PID_TRIGGER_ELECTRO 1&PID_MET_BALLISTIC_METALL 1&PID_OPT_SCOPE_ELEC 1&PID_EL_BATTERY 1&PID_EL_CABLE 1&PID_MET_PLASTIC 1', 'PID_SUPER_TOOL_KIT 1&PID_GUNS_AND_BULLETS 1&PID_LIGHTER 1', 'PID_HK_G11E 1', 2700),
(58, 'PID_PK12_GAUSS_PISTOL', 'Да мотать салинойды дело долгое и нудное, а еще надо обеспечить их равномерное срабатывания, с этим поможет производственная установка. Требуется верстак.', 'KARMA_BERSERKER 4', 'KARMA_BERSERKER 4&PE_RATING 2', 'PID_TRIGGER_ELECTRO 1&PID_MET_BALLISTIC_METALL 6&PID_MET_BARRELS_A2 1&PID_MET_WIRES_COPPER 12&PID_EL_CONDENSATS 12&PID_TECH_ENGINE_SMALL 3&PID_EL_BATTERY 3', 'PID_SUPER_TOOL_KIT 1&PID_GUNS_AND_BULLETS 1&PID_BIG_BOOK_OF_SCIENCE 1', 'PID_PK12_GAUSS_PISTOL 1', 2670),
(59, 'PID_M72_GAUSS_RIFLE', 'Увеличение витков проволоки в каждом солинойде, позволит увеличить мощность магнитного поля и разогнать иглу до фантастической скорости. Требуется верстак.', 'KARMA_BERSERKER 4', 'KARMA_BERSERKER 4&PE_RATING 4', 'PID_PK12_GAUSS_PISTOL 1&PID_MET_BALLISTIC_METALL 3&PID_MET_BARRELS_A2 1&PID_MET_WIRES_COPPER 6&PID_EL_CONDENSATS 6&PID_TECH_ENGINE_SMALL 2&PID_EL_BATTERY 2', 'PID_SUPER_TOOL_KIT 1&PID_GUNS_AND_BULLETS 1&PID_BIG_BOOK_OF_SCIENCE 1', 'PID_M72_GAUSS_RIFLE 1', 3390),
(61, 'PID_FLAMER', 'Одним сварочным аппаратом совершаем магическое превращение груды металла в тело огнемёта, а вторым привариваем горелку и систему подачи топлива первого к этой конструкции.', 'KARMA_CHAMPION 1', 'KARMA_CHAMPION 1', 'PID_WELDING 2&PID_TECH_MECHANISM 2&PID_STEEL 2&PID_TUBE 1', 'PID_SUPER_TOOL_KIT 1', 'PID_FLAMER 1', 535),
(62, 'PID_IMPROVED_FLAMETHROWER', 'Получив новый опыт в механике, вы поняли, что систему подачи топлива и сопло можно было бы переделать, чтобы уменьшить разбрызгивание топлива. Требуется верстак.', 'KARMA_CHAMPION 1', 'KARMA_CHAMPION 2', 'PID_FLAMER 1&PID_WELDING 1&PID_TECH_MECHANISM 1&PID_STEEL 1', 'PID_SUPER_TOOL_KIT 1', 'PID_IMPROVED_FLAMETHROWER 1', 813),
(63, 'PID_ROCKET_LAUNCHER', 'Пожалуй самой сложной задачей здесь будет отыскать трубу нужного диаметра и достаточно прочную. Покрасьте ее в пастельный зеленый и установить неприхотливый спусковой механизм.', 'KARMA_CHAMPION 1', 'KARMA_CHAMPION 2', 'PID_MET_BARRELS_A2 1&PID_TRIGGER_SEMIAUTO 1&PID_TECH_MECHANISM 5&PID_WELDING 1&PID_STEEL 2', 'PID_SUPER_TOOL_KIT 1&PID_GUNS_AND_BULLETS 1', 'PID_ROCKET_LAUNCHER 1', 1180),
(64, 'PID_M60', 'Изготовить пулемет не имея основы. Для вас это не проблема тем более если речи идет об М-60.', 'KARMA_CHAMPION 1', 'KARMA_CHAMPION 1', 'PID_MET_BARRELS_A1 1&PID_TRIGGER_AUTO 1&PID_FIREWOOD 2&PID_STEEL 3&PID_TECH_MECHANISM 5&PID_WELDING 1&PID_MET_AMMOBELT 1', 'PID_SUPER_TOOL_KIT 1&PID_GUNS_AND_BULLETS 1&PID_COMBAT_KNIFE 1', 'PID_M60 1', 1575),
(65, 'PID_MINIGUN', 'При сборке минигана главное точность. Расположите 6 стволов строго по законам геометрии, и откалибруйте спусковой механизм.', 'KARMA_CHAMPION 1', 'KARMA_CHAMPION 2', 'PID_MET_BARRELS_A1 6&PID_TECH_ENGINE_MID 1&PID_TECH_MECHANISM 12&PID_TECH_MOVE_PARTS 6&PID_MET_AMMOBELT 5', 'PID_SUPER_TOOL_KIT 1&PID_GUNS_AND_BULLETS 1', 'PID_MINIGUN 1', 3200),
(67, 'PID_LIGHT_SUPPORT_WEAPON', 'Тут прибавить там переделать, много переделать, установить сошки и автоматический режим стрельбы. Вуаля Легкий Пулемет.', 'KARMA_CHAMPION 2', 'KARMA_CHAMPION 3', 'PID_SNIPER_RIFLE 1&PID_TRIGGER_AUTO 1&PID_MET_BARRELS_A2 1&PID_FIREWOOD 1&PID_TECH_MECHANISM 6&PID_WELDING 3', 'PID_SUPER_TOOL_KIT 1&PID_GUNS_AND_BULLETS 1', 'PID_LIGHT_SUPPORT_WEAPON 1', 2510),
(68, 'PID_AVENGER_MINIGUN', 'У обычного минигана в целом все отлично кроме одного маленького недостатка, стволы слишком сильно греются от этого теряется точность и дальность. Обеспечьте достойное охлаждения стволов и усильте их сплав.', 'KARMA_CHAMPION 2', 'KARMA_CHAMPION 3', 'PID_MINIGUN 1&PID_MET_BALLISTIC_METALL 2&PID_EL_COOLANT 1&PID_EL_CABLE 2', 'PID_SUPER_TOOL_KIT 1&PID_GUNS_AND_BULLETS 1', 'PID_AVENGER_MINIGUN 1', 2715),
(69, 'PID_VINDICATOR_MINIGUN', 'Мощный пулемет, предназначенный даже для авиации, был адаптирован под пехоту. Усиленный миниган будет необходимо расточить под новый калибр и усилить спусковые механизмы. Требуется верстак.', 'KARMA_CHAMPION 3', 'KARMA_CHAMPION 4&PE_RATING 4', 'PID_AVENGER_MINIGUN 1&PID_MET_BARRELS_A2 6&PID_TECH_ENGINE_GUN 1&PID_TECH_GCU 1&PID_TECH_GATLING_CLUTCH 1&PID_TECH_DELINKER 1', 'PID_SUPER_TOOL_KIT 1&PID_GUNS_AND_BULLETS 1&PID_BIG_BOOK_OF_SCIENCE 1', 'PID_VINDICATOR_MINIGUN 1', 3623),
(70, 'PID_BOZAR', 'Имея весьма внушительную длину ствола и подходящий калибр, снайперская винтовка является, пожалуй, лучшим донором для изготовления такого великолепного орудия как БОЗАР. А замена тяжелых частей на углепластик сильно облегчит оружие. Требуется верстак.', 'KARMA_CHAMPION 3', 'KARMA_CHAMPION 4&PE_RATING 4', 'PID_SNIPER_RIFLE 1&PID_TRIGGER_AUTO 1&PID_MET_BALLISTIC_METALL 3&PID_TECH_DELINKER 1&PID_TECH_GCU 1&PID_MET_CARBITEX 2', 'PID_SUPER_TOOL_KIT 1&PID_GUNS_AND_BULLETS 1&PID_BIG_BOOK_OF_SCIENCE 1', 'PID_BOZAR 1', 3773),
(81, 'PID_LASER_PISTOL', 'Комбинация простого лазерного целеуказателя с хорошими конденсаторами и источником энергии может сделать его вполне реальным оружием. Требуется верстак.', 'KARMA_SEPARATED 1', 'KARMA_SEPARATED 1', 'PID_TECH_LASER 1&PID_TRIGGER_ELECTRO 1&PID_EL_BATTERY 1&PID_EL_CONDENSATS 4&PID_STEEL 2', 'PID_MULTI_TOOL 1&PID_DEANS_ELECTRONICS 1', 'PID_LASER_PISTOL 1', 1044),
(82, 'PID_MAGNETO_LASER_PISTOL', 'Установка специальных магнитов вокруг рубинового стержня уплотнит поток боевых фотонов.', 'KARMA_SEPARATED 1', 'KARMA_SEPARATED 1', 'PID_LASER_PISTOL 1&PID_MET_WIRES_COPPER 2&PID_EL_CONDENSATS 2&PID_TECH_MECHANISM 1', 'PID_SUPER_TOOL_KIT 1&PID_DEANS_ELECTRONICS 1', 'PID_MAGNETO_LASER_PISTOL 1', 1276),
(83, 'PID_LASER_SMG', 'Можно ускорить реакцию возникновения лазерного излучения с помощью катализатора, а ограничитель выходной мощности выпилить нафиг.', 'KARMA_SEPARATED 1', 'KARMA_SEPARATED 2', 'PID_LASER_PISTOL 1&PID_POW_CELL_LASER 1&PID_EL_CONDENSATS 3&PID_TECH_MECHANISM 2&PID_STEEL 2', 'PID_SUPER_TOOL_KIT 1&PID_DEANS_ELECTRONICS 1', 'PID_LASER_SMG 1', 2536),
(84, 'PID_PLASMA_PISTOL', 'По сути своей, плазма - раскаленный газ. Раскалять мы его будем лазером, осталось лишь преобразовать энергию в поток. Требуется верстак.', 'KARMA_SEPARATED 1', 'KARMA_SEPARATED 2', 'PID_TECH_LASER 1&PID_TRIGGER_ELECTRO 1&PID_PLASMA_TRANSFORMER 1&PID_EL_CONDENSATS 2', 'PID_SUPER_TOOL_KIT 1&PID_DEANS_ELECTRONICS 1', 'PID_PLASMA_PISTOL 1', 1410),
(85, 'PID_PLASMA_PISTOL_EXT_CART', 'Вы можете модернизировать плазменный пистолет, увеличив вмещаемость зарядов за счет накопления остаточной энергии.', 'KARMA_SEPARATED 1', 'KARMA_SEPARATED 2', 'PID_PLASMA_PISTOL 1&PID_EL_PLASM_CONDENSAT 2', 'PID_SUPER_TOOL_KIT 1&PID_DEANS_ELECTRONICS 1', 'PID_PLASMA_PISTOL_EXT_CART 1', 150),
(86, 'PID_LASER_RIFLE', 'Смонтировав в стволе орудия серию линз, и мощный излучатель, станок сделает вам отличную лазерную винтовку. Требуется верстак.', 'KARMA_SEPARATED 2', 'KARMA_SEPARATED 3', 'PID_TECH_LASER 2&PID_MET_BARRELS_A2 1&PID_TRIGGER_ELECTRO 1&PID_OPT_LENS 2&PID_EL_CONDENSATS 8&PID_STEEL 3', 'PID_SUPER_TOOL_KIT 1&PID_DEANS_ELECTRONICS 1', 'PID_LASER_RIFLE 1', 2641),
(87, 'PID_LASER_RIFLE_EXT_CAP', 'Лазерное оружие можно модернизировать, снабдив дополнительным местом для зарядов.', 'KARMA_SEPARATED 2', 'KARMA_SEPARATED 3', 'PID_LASER_RIFLE 1&PID_POW_CUBE_LASER 1&PID_EL_CABLE 2&PID_EL_CONDENSATS 4', 'PID_SUPER_TOOL_KIT 1&PID_DEANS_ELECTRONICS 1', 'PID_LASER_RIFLE_EXT_CAP 1', 180),
(88, 'PID_LASER_RIFLE_AUTO', 'Кульминация серии 2000-Ватт. Ускоряем реакцию излучения катализатором и снабжаем дополнительным накопителем для непрерывной стрельбы.', 'KARMA_SEPARATED 3', 'KARMA_SEPARATED 4', 'PID_LASER_RIFLE_EXT_CAP 1&PID_POW_CUBE_LASER 1&PID_POW_CELL_LASER 2&PID_EL_CABLE 4&PID_EL_CONDENSATS 8', 'PID_SUPER_TOOL_KIT 1&PID_DEANS_ELECTRONICS 1', 'PID_LASER_RIFLE_AUTO 1', 3100),
(89, 'PID_PLASMA_RIFLE', 'Для стрельбы раскаленной плазмой нужен сверх высокий проводник.', 'KARMA_SEPARATED 2', 'KARMA_SEPARATED 3', 'PID_PLASMA_PISTOL_EXT_CART 1&PID_MET_BARRELS_A2 1&PID_EL_PLASM_CONDENSAT 6&PID_POW_CELL_PLASMA 1&PID_STEEL 2', 'PID_SUPER_TOOL_KIT 1&PID_DEANS_ELECTRONICS 1', 'PID_PLASMA_RIFLE 1', 2935),
(90, 'PID_TURBO_PLASMA_RIFLE', 'Вы можете модернизировать плазменное оружие, усилив его. Требуется верстак.', 'KARMA_SEPARATED 4', 'KARMA_SEPARATED 4&PE_RATING 4', 'PID_PLASMA_RIFLE 1&PID_POW_CUBE_PLASMA 1&PID_POW_CELL_PLASMA 2&PID_PLASMA_TRANSFORMER 2&PID_EL_COOLANT 1', 'PID_SUPER_TOOL_KIT 1&PID_DEANS_ELECTRONICS 1', 'PID_TURBO_PLASMA_RIFLE 1', 3300),
(91, 'PID_YK32_PULSE_PISTOL', 'Мощное лучевое оружие, основанное на беспроводной передаче энергии. Требуется верстак.', 'KARMA_SEPARATED 3', 'KARMA_SEPARATED 4', 'PID_TRIGGER_ELECTRO 1&PID_EL_PULSE_TRANS 1&PID_EL_BATTERY 3&PID_EL_CONDENSATS 20&PID_MET_WIRES_COPPER 3&PID_STEEL 2', 'PID_SUPER_TOOL_KIT 1&PID_DEANS_ELECTRONICS 1', 'PID_YK32_PULSE_PISTOL 1', 4000),
(92, 'PID_YK42B_PULSE_RIFLE', 'Мощное лучевое оружие, основанное на беспроводной передаче энергии. Требуется верстак.', 'KARMA_SEPARATED 4', 'KARMA_SEPARATED 4&PE_RATING 4', 'PID_YK32_PULSE_PISTOL 1&PID_MET_BARRELS_A2 1&PID_TECH_GCU 1&PID_POW_CUBE_PULSE 1&PID_POW_CELL_PULSE 2&PID_EL_PULSE_TRANS 3&PID_STEEL 2', 'PID_SUPER_TOOL_KIT 1&PID_DEANS_ELECTRONICS 1', 'PID_YK42B_PULSE_RIFLE 1', 4000),
(100, 'PID_NAILGUN', 'Пневматический гвоздомет? Что может быть проще.', 'PE_COMBAT_ENGINEER 1', 'PE_COMBAT_ENGINEER 1', 'PID_TRIGGER_SEMIAUTO 1&PID_TECH_MECHANISM 2&PID_MET_PLASTIC 2&PID_STEEL 1', 'PID_MULTI_TOOL 1&PID_LIGHTER 1', 'PID_NAILGUN 1', 240),
(101, 'PID_C_NAILGUN', 'Перенесите пневматику гвоздомета в новый каркас и усильте её за счет баллона с сжатым газом. У оружия появится легкая отдача, но простой деревянный приклад решит эту проблему. Требуется верстак.', 'PE_COMBAT_ENGINEER 1', 'PE_COMBAT_ENGINEER 1', 'PID_NAILGUN 1&PID_TRIGGER_AUTO 1&PID_WELDING 1&PID_TECH_MECHANISM 3&PID_MET_PLASTIC 3&PID_FIREWOOD 1', 'PID_SUPER_TOOL_KIT 1&PID_GUNS_AND_BULLETS 1&PID_COMBAT_KNIFE 1&PID_LIGHTER 1', 'PID_C_NAILGUN 1', 840),
(102, 'PID_FRAG_SHOTGUN', 'Возьмите три ствола 12 калибра и синхронизируйте спуск на все три механизма. Несколько слоев резины слегка уменьшат отдачу оружия. Требуется верстак.', 'PE_COMBAT_ENGINEER 1', 'PE_COMBAT_ENGINEER 1', 'PID_TRIGGER_SEMIAUTO 3&PID_MET_BARRELS_A2 3&PID_WELDING 2&PID_TECH_MECHANISM 6&PID_STEEL 3&PID_RUBBER_BOOTS 3', 'PID_SUPER_TOOL_KIT 1&PID_GUNS_AND_BULLETS 1&PID_COMBAT_KNIFE 1', 'PID_FRAG_SHOTGUN 1', 1000),
(103, 'PID_SHAITAN', 'Найдите две трубы разного диаметра, чтобы одна плотно входила в другую и могла вместить в себя ракету. Встройте спусковой механизм и подведите капсуль с порохом к заряду. Требуется верстак.', 'PE_COMBAT_ENGINEER 1', 'PE_COMBAT_ENGINEER 1', 'PID_TUBE 6&PID_EXPLOSIVE_ROCKET 3&PID_TRIGGER_SEMIAUTO 3&PID_TECH_MECHANISM 3&PID_MET_SHELLS_12CAL 3', 'PID_SUPER_TOOL_KIT 1&PID_SLEDGEHAMMER 1&PID_WELDING 1', 'PID_SHAITAN 3', 960),
(104, 'PID_GASLASER', 'Снимите ограничители с лазерного ружья и измените тип луча на непрерывный. Перепаяйте схему на формирование индуцированного излучения и усильте луч последовательностью линз. Требуется верстак.', 'PE_COMBAT_ENGINEER 1', 'PE_COMBAT_ENGINEER 1&PE_RATING 4', 'PID_WELDING 1&PID_POW_CUBE_LASER 1&PID_OPT_LENS 4&PID_POW_CELL_LASER 3&PID_LASER_RIFLE 1|PID_LASER_RIFLE_EXT_CAP 1|PID_LASER_RIFLE_AUTO 1', 'PID_SUPER_TOOL_KIT 1&PID_BIG_BOOK_OF_SCIENCE 1', 'PID_GASLASER 1', 2127),
(105, 'PID_NAILS_BIG', 'Из листа качественной стали нужно нарезать заготовок и придать им форму больших гвоздей. Требуется верстак.', 'PE_COMBAT_ENGINEER 1', 'PE_COMBAT_ENGINEER 1', 'PID_MET_BALLISTIC_METALL 1', 'PID_SUPER_TOOL_KIT 1&PID_TECH_LASER 1', 'PID_NAILS_BIG 10', 2127),
(110, 'PID_MOLOTOV_COCKTAIL', 'Растворяйте пластик в кислоте до получения вязкой массы, затем разбавьте ее спиртом и разлейте по бутылкам. Пропитанная смесью ткань сработает как фитиль.', 'KARMA_SEXPERT 1|PE_PYROMANIAC 1', 'KARMA_SEXPERT 1|PE_PYROMANIAC 1', 'PID_BOTTLE_GLASS 5&PID_RAGS 5&PID_CHEM_ACID 1&PID_CHEM_ETHANOL 1&PID_MET_PLASTIC 2', 'NULL', 'PID_MOLOTOV_COCKTAIL 5', 410),
(111, 'PID_FRAG_GRENADE', 'Поместите взрывчатое вещевство в осколочную рубашку и придумайте простенький взрыватель.', 'KARMA_SEXPERT 1', 'KARMA_SEXPERT 1', 'PID_MET_BALLISTIC_METALL 2&PID_MET_PLUMBUM 1&PID_TNT 3', 'PID_MULTI_TOOL 1', 'PID_FRAG_GRENADE 10', 460),
(112, 'PID_PLASMA_GRENADE', 'С помощью ионизатора накачайте раскаленный газ в обмотанный проволокой свинцовый корпус. Поместите нестабильный элемент в контейнер из тонкой стали.', 'KARMA_SEXPERT 2', 'KARMA_SEXPERT 3', 'PID_MET_BALLISTIC_METALL 1&PID_MET_PLUMBUM 2&PID_MET_WIRES_COPPER 3&PID_POW_CELL_PLASMA 1', 'PID_MULTI_TOOL 1&PID_DEANS_ELECTRONICS 1', 'PID_PLASMA_GRENADE 10', 925),
(113, 'PID_PULSE_GRENADE', 'Задача не из простых - заставить образоваться электромагнитный импульс большой мощности в маленьком объекте. К счастью вы знаете, как это сделать. Требуется верстак.', 'KARMA_SEXPERT 2', 'KARMA_SEXPERT 3', 'PID_MET_BALLISTIC_METALL 1&PID_MET_WIRES_COPPER 3&PID_EL_CONDENSATS 10&PID_EL_BATTERY 10', 'PID_MULTI_TOOL 1&PID_DEANS_ELECTRONICS 1', 'PID_PULSE_GRENADE 10', 1242),
(114, 'PID_HAND_LAUNCHER', 'Переделайте муфту гатлинга в барабанную систему зарядки и приварите к стволу, чтобы ствол был более качественный. Требуется верстак.', 'KARMA_SEXPERT 3', 'KARMA_SEXPERT 4&PE_RATING 10', 'PID_P_G 1&PID_TECH_GATLING_CLUTCH 1&PID_OPT_SCOPE_LRT 1&PID_TECH_MOVE_PARTS 1&PID_TECH_MECHANISM 6&PID_WELDING 2&PID_MET_BARRELS_A2 1', 'PID_MULTI_TOOL 1', 'PID_HAND_LAUNCHER 1', 1000),
(150, 'PID_BBS', 'Настригите при помощи кусачек 2х граммовые частички, придайте им шарообразную форму вот и готовы пули для пневматической винтовки.', 'KARMA_BERSERKER 1', 'KARMA_BERSERKER 1', 'PID_MET_PLUMBUM 10', 'PID_MULTI_TOOL 1', 'PID_BBS 100', 10),
(151, 'PID_10MM_JHP', 'Насыпьте пороха в гильзы, вбейте капсюль и вставьте пули, рецепт любого патрона. Требуется верстак.', 'KARMA_BERSERKER 1', 'KARMA_BERSERKER 1', 'PID_MET_SHELLS_PISTOL 50&PID_MET_PLUMBUM 3&PID_GUNPOWDER 3', 'PID_MULTI_TOOL 1', 'PID_10MM_JHP 50', 100),
(152, 'PID_10MM_AP', 'Усильте наконечники пуль, путем их закалки, ну чем не бронебойные патроны.', 'KARMA_BERSERKER 1', 'KARMA_BERSERKER 1', 'PID_MET_SHELLS_PISTOL 50&PID_MET_BALLISTIC_METALL 1&PID_GUNPOWDER 3', 'PID_MULTI_TOOL 1', 'PID_10MM_AP 50', 100),
(153, 'PID_10MM_HYDRA', 'Усильте пули баллистическим сплавом и взрывчатым зарядом для большей бронебойности.', 'KARMA_BERSERKER 3', 'KARMA_BERSERKER 4', 'PID_MET_SHELLS_PISTOL 30&PID_MET_BALLISTIC_METALL 3&PID_GUNPOWDER 3&PID_PLASTIC_EXPLOSIVES_DULL 1', 'PID_MULTI_TOOL 1', 'PID_10MM_HYDRA 30', 500),
(154, 'PID_10MM_APFIRE', 'Усильте пули баллистическим сплавом и залейте в сердечник воспламеняющуюся смесь.Требуется верстак.', 'KARMA_BERSERKER 4|PE_PYROMANIAC 1', 'KARMA_BERSERKER 4|PE_PYROMANIAC 1', 'PID_MET_SHELLS_PISTOL 30&PID_MET_BALLISTIC_METALL 3&PID_GUNPOWDER 3&PID_CHEM_REACTIVE 1', 'PID_SUPER_TOOL_KIT 1', 'PID_10MM_APFIRE 30', 600),
(155, 'PID_SHOTGUN_SHELLS', 'Отлейте тонкий пластиковый контейнер под 12 калибр, добавьте пороха и свинцовых шариков. Требуется верстак.', 'KARMA_BERSERKER 1', 'KARMA_BERSERKER 1', 'PID_MET_SHELLS_12CAL 20&PID_BBS 20&PID_MET_PLASTIC 1&PID_GUNPOWDER 1', 'PID_MULTI_TOOL 1', 'PID_SHOTGUN_SHELLS 20', 100),
(156, 'PID_12MM_BULL', 'Отлейте тонкий пластиковый контейнер под 12 калибр, добавьте усиленную смесь пороха и тротила. Довершите начатое тяжелой стальной пулей. Требуется верстак.', 'KARMA_BERSERKER 3', 'KARMA_BERSERKER 4&PE_RATING 8', 'PID_MET_SHELLS_12CAL 20&PID_MET_BALLISTIC_METALL 2&PID_GUNPOWDER 4&PID_PLASTIC_EXPLOSIVES_DULL 2', 'PID_SUPER_TOOL_KIT 1', 'PID_12MM_BULL 20', 700),
(157, 'PID_12MM_FIRE', 'Отлейте тонкий пластиковый контейнер под 12 калибр, добавьте пороха и свинцовых шариков. Заполните пустоты легковоспаменимой смесью. Требуется верстак.', 'KARMA_BERSERKER 4|PE_PYROMANIAC 1', 'KARMA_BERSERKER 4|PE_PYROMANIAC 1', 'PID_MET_SHELLS_12CAL 10&PID_BBS 10&PID_CHEM_REACTIVE 1', 'PID_SUPER_TOOL_KIT 1', 'PID_12MM_FIRE 10', 100),
(158, 'PID_44_MAGNUM_JHP', 'Насыпьте пороха в гильзы, вбейте капсюль и вставьте пули, рецепт любого патрона.', 'KARMA_BERSERKER 1', 'KARMA_BERSERKER 2', 'PID_MET_SHELLS_MAGNUM 40&PID_MET_PLUMBUM 3&PID_GUNPOWDER 2', 'PID_MULTI_TOOL 1', 'PID_44_MAGNUM_JHP 40', 100),
(159, 'PID_44_FMJ_MAGNUM', 'Насыпьте пороха в гильзы, вбейте капсюль и вставьте пули, рецепт любого патрона.', 'KARMA_BERSERKER 1', 'KARMA_BERSERKER 2', 'PID_MET_SHELLS_MAGNUM 40&PID_MET_BALLISTIC_METALL 1&PID_GUNPOWDER 2', 'PID_MULTI_TOOL 1', 'PID_44_FMJ_MAGNUM 40', 100),
(160, 'PID_14MM_AP', 'Насыпьте пороха в гильзы, вбейте капсюль и вставьте пули, рецепт любого патрона.', 'KARMA_BERSERKER 2', 'KARMA_BERSERKER 2', 'PID_MET_SHELLS_14MM 40&PID_MET_BALLISTIC_METALL 2&PID_GUNPOWDER 2', 'PID_MULTI_TOOL 1', 'PID_14MM_AP 40', 150),
(161, 'PID_45_CALIBER_AMMO', 'Насыпьте пороха в гильзы, вбейте капсюль и вставьте пули, рецепт любого патрона. Требуется верстак.', 'KARMA_BERSERKER 2', 'KARMA_BERSERKER 2', 'PID_MET_SHELLS_PISTOL 50&PID_MET_PLUMBUM 3&PID_GUNPOWDER 2', 'PID_GUNS_AND_BULLETS 1&PID_MULTI_TOOL 1', 'PID_45_CALIBER_AMMO 50', 100),
(162, 'PID_45_AP', 'Вставьте цельнометалическую пулю вместо свинцовой, для большей бронебойности. Требуется верстак.', 'KARMA_BERSERKER 2', 'KARMA_BERSERKER 3', 'PID_MET_SHELLS_PISTOL 50&PID_MET_BALLISTIC_METALL 1&PID_GUNPOWDER 2', 'PID_GUNS_AND_BULLETS 1&PID_MULTI_TOOL 1', 'PID_45_AP 50', 100),
(163, 'PID_HN_NEEDLER_CARTRIDGE', 'Немного пороха, специальная пластиковая гильза, вот и готовы патроны для инъектора. Содержимое шприцов теперь, правда, совсем не лечебное.', 'KARMA_BERSERKER 2', 'KARMA_BERSERKER 3', 'PID_MET_PLASTIC 4&PID_MET_PLUMBUM 2&PID_GUNPOWDER 1', 'PID_MULTI_TOOL 1&PID_LIGHTER 1', 'PID_HN_NEEDLER_CARTRIDGE 40', 300),
(164, 'PID_HN_AP_NEEDLER_CARTRIDGE', 'Закалите иглы и обогатите их углеродом. Что ж, теперь эти крохи могут пробить даже хорошую броню.', 'KARMA_BERSERKER 3', 'KARMA_BERSERKER 3', 'PID_HN_NEEDLER_CARTRIDGE 20&PID_GUNPOWDER 1&PID_MET_BALLISTIC_METALL 1', 'PID_MULTI_TOOL 1', 'PID_HN_AP_NEEDLER_CARTRIDGE 20', 300),
(165, 'PID_2MM_EC_AMMO', 'Намагничивание небольших игл лучше отдать машине, ей же можно поручить изготовить обойму для них, Вам же останется самая важная роль – нажать на кнопку пуск и наблюдать. Требуется военная произв. установка.', 'KARMA_BERSERKER 3', 'KARMA_BERSERKER 4&PE_RATING 4', 'PID_MET_BALLISTIC_METALL 4&PID_EL_CONDENSATS 6&PID_MET_WIRES_COPPER 3&PID_EL_PULSE_TRANS 1', 'NULL', 'PID_2MM_EC_AMMO 60', 2500),
(166, 'PID_2MM_MAG', 'Вы хотите усилить собственный магнитный заряд 2мм игл? Тогда не жалейте ресурсов. Требуется военная произв. установка.', 'KARMA_BERSERKER 4', 'KARMA_BERSERKER 4&PE_RATING 8', 'PID_2MM_EC_AMMO 20&PID_MET_WIRES_STEEL 3&PID_POW_CELL_PULSE 1', 'PID_POW_CUBE_PULSE 1', 'PID_2MM_MAG 20', 2500),
(167, 'PID_NUKLE', 'Станок укатает гильзы 14мм до необходимого диаметра. В сердечник будет помещен заряд тротила и тонкий тритиевый стержень. Конечная пуля пройдет быструю криообработку, чтобы уменьшить излучение. Требуется военная произв. установка.', 'KARMA_BERSERKER 4', 'KARMA_BERSERKER 4', 'PID_MET_SHELLS_14MM 25&PID_MET_BALLISTIC_METALL 3&PID_CHEM_TRITIY 1&PID_CHEM_NITROGEN 1&PID_TNT 5', 'NULL', 'PID_NUKLE 25', 3400),
(170, 'PID_5MM_JHP', 'Насыпьте пороха в гильзы, вбейте капсюль и вставьте пули, рецепт любого патрона.', 'KARMA_BERSERKER 1|KARMA_CHAMPION 1', 'KARMA_BERSERKER 2|KARMA_CHAMPION 1', 'PID_MET_SHELLS_5MM 100&PID_MET_PLUMBUM 3&PID_GUNPOWDER 3', 'PID_GUNS_AND_BULLETS 1&PID_SUPER_TOOL_KIT 1', 'PID_5MM_JHP 100', 150),
(171, 'PID_5MM_AP', 'Усильте наконечники пуль, путем их закалки, ну чем не бронебойные патроны.', 'KARMA_BERSERKER 2|KARMA_CHAMPION 1', 'KARMA_BERSERKER 3|KARMA_CHAMPION 2', 'PID_MET_SHELLS_5MM 100&PID_MET_BALLISTIC_METALL 1&PID_GUNPOWDER 3', 'PID_GUNS_AND_BULLETS 1&PID_SUPER_TOOL_KIT 1', 'PID_5MM_AP 100', 100),
(172, 'PID_7_62MM_AMMO', 'Насыпьте пороха в гильзы, вбейте капсюль и вставьте пули, рецепт любого патрона.', 'KARMA_BERSERKER 2|KARMA_CHAMPION 2', 'KARMA_BERSERKER 3|KARMA_CHAMPION 2', 'PID_MET_SHELLS_762 50&PID_MET_BALLISTIC_METALL 1&PID_GUNPOWDER 2', 'PID_GUNS_AND_BULLETS 1&PID_SUPER_TOOL_KIT 1', 'PID_7_62MM_AMMO 50', 100),
(173, 'PID_223_FMJ', 'Насыпьте пороха в гильзы, вбейте капсюль и вставьте пули, рецепт любого патрона. Требуется верстак.', 'KARMA_BERSERKER 1|KARMA_CHAMPION 1', 'KARMA_BERSERKER 2|KARMA_CHAMPION 1', 'PID_MET_SHELLS_223 30&PID_MET_BALLISTIC_METALL 1&PID_GUNPOWDER 2', 'PID_GUNS_AND_BULLETS 1&PID_SUPER_TOOL_KIT 1', 'PID_223_FMJ 30', 150),
(174, 'PID_4_7MM_CASELESS', 'Во-первых, потребуется много пластика для разрушаемых контейнеров. Во-вторых, это безгильзовые патроны, поэтому нужна исключительная точность. В-третьих, требуется верстак.', 'KARMA_BERSERKER 3|KARMA_CHAMPION 2', 'KARMA_BERSERKER 4|KARMA_CHAMPION 3', 'PID_MET_PLASTIC 10&PID_MET_BALLISTIC_METALL 3&PID_MET_PLUMBUM 3&PID_GUNPOWDER 4', 'PID_GUNS_AND_BULLETS 1&PID_SUPER_TOOL_KIT 1&PID_BIG_BOOK_OF_SCIENCE 1&PID_LIGHTER 1', 'PID_4_7MM_CASELESS 100', 500),
(180, 'PID_FLAMETHROWER_FUEL', 'Найдите побольше пластика, растворяйте в роме, пока эта смесь не станет густой.', 'KARMA_CHAMPION 1|PE_PYROMANIAC 1', 'KARMA_CHAMPION 1|PE_PYROMANIAC 1', 'PID_ROT_GUT 5&PID_MET_PLASTIC 3', 'NULL', 'PID_FLAMETHROWER_FUEL 10', 50),
(181, 'PID_FLAMETHROWER_FUEL_MK_II', 'Немного алюминиевой пудры, натёртой собственными руками, повысит температуру горения топлива. Не рекомендуется использовать его со стандартными моделями огнемётов во избежание забивания сопла.', 'KARMA_CHAMPION 1|PE_PYROMANIAC 1', 'KARMA_CHAMPION 2|PE_PYROMANIAC 1', 'PID_FLAMETHROWER_FUEL 5&PID_METAL_TRASH 1', 'PID_MULTI_TOOL 1', 'PID_FLAMETHROWER_FUEL_MK_II 5', 100),
(182, 'PID_NAPALM', 'Напалм получают путём добавления к жидкому горючему специальных загустителей, состоящих из смеси алюминиевых солей органических кислот.', 'KARMA_CHAMPION 2|PE_PYROMANIAC 1', 'KARMA_CHAMPION 3|PE_PYROMANIAC 1', 'PID_MET_PLASTIC 10&PID_CHEM_REACTIVE 1&PID_FLAMETHROWER_FUEL_MK_II 5', 'PID_CHEMISTRY_MANUAL 1&PID_CHEM_LAB 1', 'PID_NAPALM 5', 1000),
(183, 'PID_12_7MM', 'У вас есть высококачественная сталь. Станок изготовит из нее гильзы, изготовит и закалит пули, накачает сердечник раскаленным газом и стабилизирует патрон криоконсервацией. Требуется высокотехнологичная произв. установка.', 'KARMA_CHAMPION 4', 'KARMA_CHAMPION 4', 'PID_MET_BALLISTIC_METALL 6&PID_CHEM_ACID 3&PID_CHEM_CATALYST 4&PID_CHEM_NITROGEN 1&PID_POW_CELL_PLASMA 1', 'PID_POW_CUBE_PLASMA 1', 'PID_12_7MM 40', 600),
(190, 'PID_SMALL_ENERGY_CELL', 'Небольшие, но высокоемкие конденсаторы. Требуется верстак.', 'KARMA_SEPARATED 1', 'KARMA_SEPARATED 2', 'PID_EL_BATTERY 5&PID_EL_CONDENSATS 10&PID_MET_PLUMBUM 3&PID_MET_WIRES_COPPER 3&PID_URANIUM_ORE 1|PID_REFINED_ORE 1', 'PID_SUPER_TOOL_KIT 1&PID_BIG_BOOK_OF_SCIENCE 1', 'PID_SMALL_ENERGY_CELL 50', 400),
(191, 'PID_MICRO_FUSION_CELL', 'Необходимо обогатить ураном небольшое количество изотопа. Требуется верстак.', 'KARMA_SEPARATED 2', 'KARMA_SEPARATED 3', 'PID_SMALL_ENERGY_CELL 50&PID_EL_PLASM_CONDENSAT 1&PID_MET_WIRES_STEEL 2&PID_STEEL 2&PID_URANIUM_ORE 3|PID_REFINED_ORE 3', 'PID_SUPER_TOOL_KIT 1&PID_BIG_BOOK_OF_SCIENCE 1', 'PID_MICRO_FUSION_CELL 50', 550),
(200, 'PID_EXPLOSIVE_ROCKET', 'Вырежите корпус ракеты из баллистической стали. Насыпьте туда взрывчатого вещества, установите запал, а из тротила или пластида сделайте боеголовку.', 'KARMA_SEXPERT 1', 'KARMA_SEXPERT 2', 'PID_MET_BALLISTIC_METALL 3&PID_HEXOGEN 2&PID_CHEM_REACTIVE 1&PID_PLASTIC_EXPLOSIVES_DULL 1|PID_TNT 1', 'PID_MULTI_TOOL 1&PID_TECH_LASER 1', 'PID_EXPLOSIVE_ROCKET 10', 800),
(201, 'PID_ROCKET_AP', 'Срежьте с наконечника снаряда одну треть, и поставьте на это место только что отлитый конус из закаленной стали.', 'KARMA_SEXPERT 2', 'KARMA_SEXPERT 3', 'PID_EXPLOSIVE_ROCKET 10&PID_MET_BALLISTIC_METALL 1&PID_WELDING 1', 'PID_MULTI_TOOL 1&PID_TECH_LASER 1', 'PID_ROCKET_AP 10', 720),
(202, 'PID_PG_FRAG', 'Из баллистической стали, гранаты и пороха, по образцу сделайте гранату 40мм.', 'KARMA_SEXPERT 2', 'KARMA_SEXPERT 3', 'PID_MET_BALLISTIC_METALL 1&PID_FRAG_GRENADE 10&PID_GUNPOWDER 3', 'PID_MULTI_TOOL 1&PID_PG_FRAG 1', 'PID_PG_FRAG 10', 925),
(203, 'PID_PG_PLAS', 'Из баллистической стали, гранаты и пороха, по образцу сделайте гранату 40мм.', 'KARMA_SEXPERT 2', 'KARMA_SEXPERT 3', 'PID_MET_BALLISTIC_METALL 1&PID_PLASMA_GRENADE 10&PID_GUNPOWDER 3', 'PID_MULTI_TOOL 1&PID_PG_PLAS 1', 'PID_PG_PLAS 10', 925),
(204, 'PID_PG_PULS', 'Из баллистической стали, гранаты и пороха, по образцу сделайте гранату 40мм.', 'KARMA_SEXPERT 2', 'KARMA_SEXPERT 3', 'PID_MET_BALLISTIC_METALL 1&PID_PULSE_GRENADE 10&PID_GUNPOWDER 3', 'PID_MULTI_TOOL 1&PID_PG_PULS 1', 'PID_PG_PULS 10', 925),
(205, 'PID_80MM_AMMO', 'Перепаяйте обычные гранатометные снаряды до калибра 80мм и усильте мощность взрыва. Требуется военная произв. установка.', 'KARMA_SEXPERT 3', 'KARMA_SEXPERT 4', 'PID_WELDING 1&PID_PLASTIC_EXPLOSIVES_DULL 3&PID_HEXOGEN 2&PID_CHEM_REACTIVE 1&PID_EXPLOSIVE_ROCKET 9|PID_ROCKET_AP 9', 'NULL', 'PID_80MM_AMMO 3', 1000),
(210, 'PID_NAILS', 'Вытащите из мусора ржавые гвозди и придайте им изначальную форму с помощью подручных средств.', 'PE_COMBAT_ENGINEER 1|SK_OUTDOORSMAN 60', 'PE_COMBAT_ENGINEER 1|SK_OUTDOORSMAN 80', 'PID_PUMP_PARTS 3', 'PID_ROCK 1|PID_SLEDGEHAMMER 1', 'PID_NAILS 10', 50),
(211, 'PID_NAILS', 'С помощью подходящих инструментов и своих познаний в области ремонта сделайте из железа столько новых гвоздей, сколько вам нужно.', 'PE_COMBAT_ENGINEER 1|SK_REPAIR 60', 'PE_COMBAT_ENGINEER 1|SK_REPAIR 80', 'PID_METAL_TRASH 3', 'PID_MULTI_TOOL 1|PID_SUPER_TOOL_KIT 1', 'PID_NAILS 50', 100),
(250, 'PID_STIMPAK', 'Растворите таблетки в чистой воде, наполните этой смесью стеклянный шприц и прокипятите. Потом простерилизуйте иглу спиртом.', 'KARMA_PRIZEFIGHTER 1', 'KARMA_PRIZEFIGHTER 1', 'PID_CHEM_WATER_CLEAN 1&PID_HYPODERMIC_NEEDLE 10&PID_CHEM_MEDS_WEAK 1', 'PID_CHEM_ETHANOL 1&PID_CHEM_BURNER 1|PID_CHEM_LAB 1', 'PID_STIMPAK 10', 470),
(251, 'PID_SUPER_STIMPAK', 'Для начала увеличьте емкость лекарственного вещества, затем сконцентрируйте содержимое стимпаков с добавлением новых соединений. Полученным зельем зарядите суперстипак.', 'KARMA_PRIZEFIGHTER 2', 'KARMA_PRIZEFIGHTER 3', 'PID_CHEM_WATER_CLEAN 1&PID_STIMPAK 5&PID_CHEM_CATALYST 1&PID_CHEM_MEDS_WEAK 2', 'PID_CHEM_ETHANOL 1&PID_FIRST_AID_BOOK 1&PID_CHEM_LAB 1', 'PID_SUPER_STIMPAK 5', 865),
(252, 'PID_PSYCHO', 'Выделите сильнодействующие вещества из мощных медикаментов, используя качественные реактивы и катализатор. Полученные реагенты смешайте с дистиллированной водой для получения однородного раствора.', 'KARMA_PRIZEFIGHTER 3', 'KARMA_PRIZEFIGHTER 4', 'PID_CHEM_WATER_CLEAN 2&PID_CHEM_MEDS_HARD 1&PID_CHEM_CATALYST 2&PID_CHEM_REACTIVE 1', 'PID_CHEM_ETHANOL 1&PID_CHEM_LAB 1', 'PID_PSYCHO 2', 4680),
(300, 'PID_MET_LEATHER', 'Для выделки кожи используйте метод минерализации.', 'KARMA_MARRIED 1', 'KARMA_MARRIED 1&PE_GECKO_SKINNING 1', 'PID_MINERAL 2&PID_GECKO_PELT 6|PID_GOLDEN_GECKO_PELT 3|PID_BRAHMIN_SKIN 2', 'PID_ROCK 1', 'PID_MET_LEATHER 3', 100),
(301, 'PID_CAI_AIV', 'Изготовьте защитную пластину из углепластика или арамида.', 'KARMA_MARRIED 1', 'KARMA_MARRIED 3', 'PID_MET_BALLISTIC_METALL 1&PID_MET_ARAMID_FABRIC 1|PID_MET_CARBON_FIBER 1', 'PID_SUPER_TOOL_KIT 1', 'PID_CAI_AIV 1', 1000),
(302, 'PID_CAI_FIRE', 'Обработайте шкуру огненного гекко химикатами на однородной материи для получения огнеупорной ткани.', 'KARMA_MARRIED 1', 'KARMA_MARRIED 4', 'PID_FIRE_GECKO_PELT 2&PID_CHEM_ACID 1&PID_RAGS 3', 'PID_SUPER_TOOL_KIT 1&PID_COMBAT_KNIFE 1|PID_KNIFE 1', 'PID_CAI_FIRE 1', 1000),
(303, 'PID_CAI_EOD', 'Перешейте мешки на несколько маленьких съемных карманов. Заполните их песком и минералами.', 'KARMA_MARRIED 1', 'KARMA_MARRIED 2', 'PID_MINERAL 4&PID_SANDBAG_EMPTY 4&PID_POCKET_LINT 4', 'PID_SUPER_TOOL_KIT 1&PID_SHIV 1', 'PID_CAI_EOD 1', 1000),
(304, 'PID_CAI_FFL', 'Извлеките катушку Тесла из брони и откалибруйте ее на максимальное поглощение лазерного воздействия.', 'KARMA_MARRIED 1', 'KARMA_MARRIED 2', 'PID_TESLA_ARMOR 1&PID_EL_MICROCHIPS 2', 'PID_SUPER_TOOL_KIT 1&PID_BIG_BOOK_OF_SCIENCE 1&PID_WELDING 1', 'PID_CAI_FFL 1', 1000),
(305, 'PID_CAI_FFP', 'Извлеките катушку Тесла из брони и откалибруйте ее на максимальное поглощение раскаленной плазмы.', 'KARMA_MARRIED 1', 'KARMA_MARRIED 3', 'PID_TESLA_ARMOR 1&PID_EL_MICROCHIPS 2', 'PID_SUPER_TOOL_KIT 1&PID_BIG_BOOK_OF_SCIENCE 1&PID_WELDING 1', 'PID_CAI_FFP 1', 1000),
(306, 'PID_CAI_FFE', 'Извлеките катушку Тесла из брони и откалибруйте ее на максимальное поглощение электро-магнитного импульса.', 'KARMA_MARRIED 1', 'KARMA_MARRIED 4', 'PID_TESLA_ARMOR 1&PID_EL_MICROCHIPS 2', 'PID_SUPER_TOOL_KIT 1&PID_BIG_BOOK_OF_SCIENCE 1&PID_WELDING 1', 'PID_CAI_FFE 1', 1000),
(310, 'PID_TRIGGER_SEMIAUTO', 'Соберите полуавтоматический ударно-спусковой механизм. Упругая стальная проволока сойдет как материал для пружины.', 'KARMA_BERSERKER 1|KARMA_CHAMPION 1', 'KARMA_BERSERKER 1|KARMA_CHAMPION 1', 'PID_TECH_MECHANISM 2&PID_METAL_TRASH 1&PID_MET_WIRES_STEEL 1', 'PID_MULTI_TOOL 1', 'PID_TRIGGER_SEMIAUTO 1', 380),
(311, 'PID_TRIGGER_AUTO', 'Дополните полуавтоматический ударно-спусковой механизм разобщителем.', 'KARMA_BERSERKER 2|KARMA_CHAMPION 2', 'KARMA_BERSERKER 3|KARMA_CHAMPION 2', 'PID_TRIGGER_SEMIAUTO 1&PID_TECH_MECHANISM 1', 'PID_MULTI_TOOL 1', 'PID_TRIGGER_AUTO 1', 500),
(312, 'PID_TRIGGER_ELECTRO', 'Все что нужно сделать - это создать необходимый сигнал при нажатии курка.', 'KARMA_BERSERKER 3|KARMA_SEPARATED 1', 'KARMA_BERSERKER 4|KARMA_SEPARATED 2', 'PID_MET_PLASTIC 1&PID_EL_CABLE 1&PID_EL_MICROCHIPS 2&PID_V15_COMPUTER_PART 1', 'PID_MULTI_TOOL 1&PID_LIGHTER 1', 'PID_TRIGGER_ELECTRO 1', 420),
(313, 'PID_TECH_MECHANISM', 'Выточите из груды железок и стали механические детали согласно ГОСТу.', 'KARMA_BERSERKER 3|KARMA_CHAMPION 1', 'KARMA_BERSERKER 4|KARMA_CHAMPION 2', 'PID_METAL_TRASH 4&PID_STEEL 2', 'PID_MULTI_TOOL 1', 'PID_TECH_MECHANISM 3', 420),
(314, 'PID_EL_CONDENSATS', 'Из одного мотка медной нити и пары железных пластин сделайте несколько небольших конденсаторов. В качестве диэлектрика и внешнего корпуса подойдет обычный пластик.', 'KARMA_SEPARATED 1', 'KARMA_SEPARATED 2', 'PID_MET_PLASTIC 2&PID_MET_WIRES_COPPER 1&PID_METAL_TRASH 3', 'PID_MULTI_TOOL 1', 'PID_EL_CONDENSATS 6', 560),
(315, 'PID_EL_BATTERY', 'Обматайте свинцовый стержень медной проволокой и зачистите контакты. Готовую батарейку поместите в простой железный корпус и залейте электролитом.', 'KARMA_SEPARATED 2', 'KARMA_SEPARATED 3', 'PID_MET_PLUMBUM 1&PID_MET_WIRES_COPPER 3&PID_METAL_TRASH 3&PID_CHEM_ACID 1', 'PID_MULTI_TOOL 1', 'PID_EL_BATTERY 3', 760),
(316, 'PID_EL_PLASM_CONDENSAT', 'Чтобы конденсаторы начали накапливать плазменный заряд, энергию нужно преобразовать еще на входе в цепь.', 'KARMA_SEPARATED 3', 'KARMA_SEPARATED 4', 'PID_EL_CONDENSATS 3&PID_PLASMA_TRANSFORMER 1&PID_MET_WIRES_STEEL 1', 'PID_MULTI_TOOL 1', 'PID_EL_PLASM_CONDENSAT 1', 1420),
(320, 'PID_TRAP_KIT', 'Соберите необходимые запчасти для установки ловушек в одном универсальном наборе.', 'KARMA_SEXPERT 1', 'KARMA_SEXPERT 1', 'PID_MET_WIRES_COPPER 3&PID_MET_WIRES_STEEL 1&PID_POCKET_LINT 6&PID_GUNPOWDER 1&PID_NAILS 10&PID_MET_LEATHER 1', 'PID_MULTI_TOOL 1', 'PID_TRAP_TOOLKIT 1', 220),
(321, 'PID_DYNAMITE', 'Смешайте нитроглицерин с абсорбентом для получения клейкой массы. Перемешайте её с опилками, скатайте в цилиндры и дайте высохнуть. Присоедините взрыватель.', 'KARMA_SEXPERT 1', 'KARMA_SEXPERT 2', 'PID_NITROGLYCERIN 1&PID_MINERAL 1&PID_FIREWOOD 1&PID_TECH_MECHANISM 1&PID_MET_SHELLS_12CAL 1&PID_GUNPOWDER 1', 'PID_MULTI_TOOL 1', 'PID_DYNAMITE 1', 635),
(322, 'PID_PLASTIC_EXPLOSIVES', 'Соберите радиодетонатор из запчастей и старого радио. Требуется верстак.', 'KARMA_SEXPERT 3', 'KARMA_SEXPERT 4', 'PID_PLASTIC_EXPLOSIVES_DULL 1&PID_TECH_MECHANISM 1&PID_MET_SHELLS_12CAL 1&PID_RADIO 1', 'PID_MULTI_TOOL 1&PID_DEANS_ELECTRONICS 1', 'PID_PLASTIC_EXPLOSIVES 1', 995),
(323, 'PID_MINE', 'Отлейте пластиковый корпус для мины и высыпьте внутрь гексоген, соорудите простенький взрыватель с использованием капсюля ружейного патрона.', 'KARMA_SEXPERT 2', 'KARMA_SEXPERT 3', 'PID_HEXOGEN 1&PID_MET_PLASTIC 2&PID_TECH_MECHANISM 1&PID_MET_SHELLS_12CAL 1&PID_GUNPOWDER 1', 'PID_MULTI_TOOL 1', 'PID_MINE 1', 600),
(324, 'PID_MINE_PP', 'Используйте готовую рубашку гранаты и куски свинца для добавления множества разлетающихся осколков к поражающим факторам. Но дополнительный вес неминуемо уменьшит урон от самого взрыва. Требуется верстак.', 'KARMA_SEXPERT 2', 'KARMA_SEXPERT 3', 'PID_MINE 1&PID_FRAG_GRENADE 1&PID_MET_PLUMBUM 1', 'PID_MULTI_TOOL 1', 'PID_MINE_PP 1', 300),
(325, 'PID_MINE_PLASMA', 'Разберите плазменные гранаты и разместите емкости с плазмой поближе к взрывчатке. Требуется верстак.', 'KARMA_SEXPERT 2', 'KARMA_SEXPERT 3', 'PID_MINE 1&PID_PLASMA_GRENADE 2&PID_MET_PLASTIC 1', 'PID_MULTI_TOOL 1', 'PID_MINE_PLASMA 1', 300);
INSERT INTO `craft` (`id`, `pid`, `description`, `param1`, `param2`, `items`, `tool`, `output`, `exp`) VALUES
(326, 'PID_MINE_PULS', 'Импульсные гранаты слишком тяжелые для бросков, куда интереснее будет разместить их на мине. Требуется верстак.', 'KARMA_SEXPERT 2', 'KARMA_SEXPERT 3', 'PID_PULSE_GRENADE 1&PID_MINE 1', 'PID_MULTI_TOOL 1&PID_DEANS_ELECTRONICS 1', 'PID_MINE_PULS 1', 300),
(327, 'PID_MINE_STAN', 'Извлеките из гранаты светозвуковой состав и разместите его на мине, кардинально поменяв её действие. Требуется верстак.', 'KARMA_SEXPERT 2', 'KARMA_SEXPERT 3', 'PID_STAN_GRENADE 1&PID_TECH_MECHANISM 1&PID_MINE 1', 'PID_MULTI_TOOL 1&PID_DEANS_ELECTRONICS 1', 'PID_MINE_STAN 1', 300),
(328, 'PID_TRAP_BEAR', 'Из стальной проволоки нужно сформировать две пружины. Прямоугольные заготовки рамок нужно изогнуть между собой, а затем подвергнуть сварке, поместив между ними диск от подшипника. Зазубренные рамы должны плотно прилегать друг к другу. Удачной охоты.', 'KARMA_SEXPERT 1', 'KARMA_SEXPERT 2', 'PID_MET_WIRES_STEEL 1&PID_STEEL 6&PID_TECH_MECHANISM 1&PID_FLINT 1', 'PID_TRAP_TOOLKIT 1&PID_WELDING 1', 'PID_TRAP_BEAR 1', 400),
(329, 'PID_TRAP_CRIPPLE', 'Иногда нужно не умертвить добычу, а просто задержать. Для таких случаев используется капкан с усиленной пружиной и толстыми прямыми рамами.', 'KARMA_SEXPERT 2', 'KARMA_SEXPERT 2', 'PID_MET_WIRES_STEEL 2&PID_STEEL 8&PID_TECH_MECHANISM 1', 'PID_TRAP_TOOLKIT 1&PID_WELDING 1', 'PID_TRAP_CRIPPLE 1', 400),
(330, 'PID_TRAP_TRIPFLARE', 'Используя датчик сенсора, подведите  его срабатывание к  сигнальной  шашке. Усильте эффект пиротехническим составом.', 'KARMA_SEXPERT 2', 'KARMA_SEXPERT 3', 'PID_MOTION_SENSOR 1&PID_EL_MICROCHIPS 1&PID_FLARE 1&PID_CHEM_REACTIVE 1', 'PID_TRAP_TOOLKIT 1', 'PID_TRAP_TRIPFLARE 1', 1000),
(331, 'PID_TRAP_TRIPFLAREC4', 'Используя датчик сенсора, подведите  его срабатывание к  сигнальной  шашке. Усильте эффект пиротехническим составом. И просто примотайте к конструкции пластид.', 'KARMA_SEXPERT 3', 'KARMA_SEXPERT 4&PE_DEMOLITION_EXPERT 1', 'PID_MOTION_SENSOR 1&PID_EL_MICROCHIPS 1&PID_FLARE 1&PID_CHEM_REACTIVE 1&PID_PLASTIC_EXPLOSIVES 1', 'PID_TRAP_TOOLKIT 1', 'PID_TRAP_TRIPFLAREC4 1', 1500),
(332, 'PID_TRAP_GR_FRAG', 'Просто поместите гранату в неприметную консервную банку и настройте нехитрый рычаг активации. Не забудьте пометить банку, чтобы случайно не открыть.', 'KARMA_SEXPERT 3', 'KARMA_SEXPERT 3&PE_DEMOLITION_EXPERT 1', 'PID_FRAG_GRENADE 1&PID_MET_WIRES_COPPER 1&PID_TECH_MECHANISM 1', 'PID_TRAP_TOOLKIT 1', 'PID_TRAP_GR_FRAG 1', 500),
(333, 'PID_TRAP_GR_PLASMA', 'Просто поместите гранату в неприметную консервную банку и настройте нехитрый рычаг активации. Не забудьте пометить банку, чтобы случайно не открыть.', 'KARMA_SEXPERT 3', 'KARMA_SEXPERT 3&PE_DEMOLITION_EXPERT 1', 'PID_PLASMA_GRENADE 1&PID_MET_WIRES_COPPER 1&PID_TECH_MECHANISM 1', 'PID_TRAP_TOOLKIT 1', 'PID_TRAP_GR_PLASMA 1', 500),
(334, 'PID_TRAP_GR_PULSE', 'Просто поместите гранату в неприметную консервную банку и настройте нехитрый рычаг активации. Не забудьте пометить банку, чтобы случайно не открыть.', 'KARMA_SEXPERT 3', 'KARMA_SEXPERT 3&PE_DEMOLITION_EXPERT 1', 'PID_PULSE_GRENADE 1&PID_MET_WIRES_COPPER 1&PID_TECH_MECHANISM 1', 'PID_TRAP_TOOLKIT 1', 'PID_TRAP_GR_PULSE 1', 500),
(335, 'PID_TRAP_GR_FIRE', 'Просто поместите гранату в неприметную консервную банку и настройте нехитрый рычаг активации. Не забудьте пометить банку, чтобы случайно не открыть.', 'KARMA_SEXPERT 3', 'KARMA_SEXPERT 3&PE_DEMOLITION_EXPERT 1', 'PID_MOLOTOV_COCKTAIL 1&PID_MET_WIRES_COPPER 1&PID_TECH_MECHANISM 1', 'PID_TRAP_TOOLKIT 1', 'PID_TRAP_GR_FIRE 1', 500),
(336, 'PID_TRAP_GR_SMOKE', 'Просто поместите гранату в неприметную консервную банку и настройте нехитрый рычаг активации. Не забудьте пометить банку, чтобы случайно не открыть.', 'KARMA_SEXPERT 3', 'KARMA_SEXPERT 3&PE_DEMOLITION_EXPERT 1', 'PID_SMOKE_GRENADE 1&PID_MET_WIRES_COPPER 1&PID_TECH_MECHANISM 1', 'PID_TRAP_TOOLKIT 1', 'PID_TRAP_GR_SMOKE 1', 500),
(337, 'PID_TRAP_GR_GAS', 'Просто поместите гранату в неприметную консервную банку и настройте нехитрый рычаг активации. Не забудьте пометить банку, чтобы случайно не открыть.', 'KARMA_SEXPERT 3', 'KARMA_SEXPERT 3&PE_DEMOLITION_EXPERT 1', 'PID_MUSTARD_GAS_GRENADE 1&PID_MET_WIRES_COPPER 1&PID_TECH_MECHANISM 1', 'PID_TRAP_TOOLKIT 1', 'PID_TRAP_GR_GAS 1', 500),
(338, 'PID_TRAP_GR_FLARE', 'Просто поместите гранату в неприметную консервную банку и настройте нехитрый рычаг активации. Не забудьте пометить банку, чтобы случайно не открыть.', 'KARMA_SEXPERT 3', 'KARMA_SEXPERT 3&PE_DEMOLITION_EXPERT 1', 'PID_STAN_GRENADE 1&PID_MET_WIRES_COPPER 1&PID_TECH_MECHANISM 1', 'PID_TRAP_TOOLKIT 1', 'PID_TRAP_GR_FLARE 1', 500),
(339, 'PID_TRAP_KIT_CRIPPLE', 'Дробящий капкан можно не только на землю установить, но потребуются дополнительные материалы. Подготовьте все необходимое для его вертикального закрепления.', 'KARMA_SEXPERT 3', 'KARMA_SEXPERT 4&PE_DEMOLITION_EXPERT 1', 'PID_TRAP_CRIPPLE 1&PID_NAILS 10&PID_POCKET_LINT 2', 'PID_TRAP_TOOLKIT 1', 'PID_TRAP_KIT_CRIPPLE 1', 2000),
(340, 'PID_TRAP_KIT_POISON', 'Зарядите картридж инъектора отравляющей смесью и подготовьте материалы для закрепления на двери.', 'KARMA_SEXPERT 3', 'KARMA_SEXPERT 4&PE_DEMOLITION_EXPERT 1', 'PID_TRAP_POISON 1&PID_NEEDLER_PISTOL 1&PID_NAILS 10&PID_MET_WIRES_COPPER 2', 'PID_TRAP_TOOLKIT 1', 'PID_TRAP_KIT_POISON 1', 2000),
(341, 'PID_TRAP_KIT_CHEMS', 'Отберите самые опасные разъедающие вещества и залейте их в контейнеры хлопушки. Подготовьте материалы для установки на дверях в неприметной коробке.', 'KARMA_SEXPERT 3', 'KARMA_SEXPERT 4&PE_DEMOLITION_EXPERT 1', 'PID_CHEM_ACID 3&PID_TRAP_VACUUM 1&PID_NAILS 10&PID_MET_WIRES_COPPER 2', 'PID_TRAP_TOOLKIT 1', 'PID_TRAP_KIT_CHEMS 1', 2000),
(342, 'PID_TRAP_KIT_RAD', 'Осторожно влейте ионизирующий состав в контейнеры хлопушки и соберите необходимые материалы для закрепления на дверях.', 'KARMA_SEXPERT 3', 'KARMA_SEXPERT 4&PE_DEMOLITION_EXPERT 1', 'PID_TRAP_TOXIC 1&PID_TRAP_VACUUM 1&PID_NAILS 10&PID_MET_WIRES_COPPER 2', 'PID_TRAP_TOOLKIT 1', 'PID_TRAP_KIT_RAD 1', 2000),
(343, 'PID_TRAP_KIT_JET', 'Зарядите картридж инъектора летальной дозой сильных препаратов и подготовьте материалы для установки на двери.', 'KARMA_SEXPERT 3', 'KARMA_SEXPERT 4&PE_DEMOLITION_EXPERT 1', 'PID_CHEM_MEDS_HARD 2&PID_NEEDLER_PISTOL 1&PID_NAILS 10&PID_MET_WIRES_COPPER 2', 'PID_TRAP_TOOLKIT 1', 'PID_TRAP_KIT_JET 1', 2000),
(344, 'PID_TNT', 'Вливайте азотную кислоту в толуол, постоянно нагревая. Получившийся осадок просушите. Готово.', 'KARMA_SEXPERT 1', 'KARMA_SEXPERT 1', 'PID_CHEM_ACID 2&PID_BOTTLE_FULL 1|PID_CHEM_WATER_CLEAN 1', 'PID_CHEMISTRY_MANUAL 1&PID_CHEM_BURNER 1|PID_CHEM_LAB 1', 'PID_TNT 3', 210),
(345, 'PID_PLASTIC_EXPLOSIVES_DULL', 'Нагрейте пластик до плавления и вмешивайте в него порошок гексогена. Всё, теперь он удобен для хранения.', 'KARMA_SEXPERT 1', 'KARMA_SEXPERT 2', 'PID_MET_PLASTIC 2&PID_HEXOGEN 1', 'PID_CHEM_BURNER 1|PID_CHEM_LAB 1', 'PID_PLASTIC_EXPLOSIVES_DULL 1', 270),
(346, 'PID_NITROGLYCERIN', 'Отделите жир от мяса, смешивайте с азотной и серной кислотой для получения нитроглицерина. Следите за тем, чтобы смесь не перегревалась во время реакции.', 'KARMA_SEXPERT 1', 'KARMA_SEXPERT 2', 'PID_MEAT 1&PID_CHEM_ACID 1&PID_BOTTLE_FULL 1|PID_CHEM_WATER_CLEAN 1', 'PID_CHEMISTRY_MANUAL 1', 'PID_NITROGLYCERIN 5', 310),
(347, 'PID_GUNPOWDER', 'Используйте кислоту для получения калийной селитры, смешайте 6 частей селитры с 1 частью угля и 1 серы. Требуется верстак.', 'KARMA_SEXPERT 1', 'KARMA_SEXPERT 1', 'PID_CHEM_ACID 1&PID_MINERAL 3&PID_FIREWOOD 1', 'PID_ROCK 1', 'PID_GUNPOWDER 6', 110),
(348, 'PID_HEXOGEN', 'Получите нитрат аммония смешиванием собственной мочи с азотной кислотой и выпариванием. Залейте второй частью кислоты, охлаждайте, процедите осадок.', 'KARMA_SEXPERT 1', 'KARMA_SEXPERT 2', 'PID_CHEM_CATALYST 1&PID_CHEM_ACID 2&PID_RAGS 1&PID_BOTTLE_FULL 1|PID_CHEM_WATER_CLEAN 1', 'PID_CHEMISTRY_MANUAL 1&PID_CHEM_NITROGEN 1&PID_CHEM_BURNER 1|PID_CHEM_LAB 1', 'PID_HEXOGEN 3', 650),
(349, 'PID_TRAP_VACUUM', 'Используя герметичные контейнеры из пластика, откачайте из них содержимое с помощью ингаляционного механизма упаковки с джетом. Соедините  части магнитными кольцами. Дополните пустыми контейнерами для жидкостей.', 'KARMA_SEXPERT 3', 'KARMA_SEXPERT 3', 'PID_MET_PLASTIC 3&PID_TECH_MECHANISM 3&PID_WELDING 1&PID_MET_WIRES_COPPER 1', 'PID_TRAP_TOOLKIT 1&PID_LIGHTER 1&PID_CHEMISTRY_MANUAL 1&PID_EMPTY_JET 1', 'PID_TRAP_VACUUM 1', 1000),
(350, 'PID_TRAP_TOXIC', 'Радиация - самое страшное и, в то же время, обыденное явление в Пустоши. Но до сих пор мало кто сталкивался с \"настоящей\" радиацией.', 'KARMA_SEXPERT 3', 'KARMA_SEXPERT 3', 'PID_BIO_GEL 1&PID_CHEMICALS 3&PID_CHEM_CATALYST 2&PID_CHEM_REACTIVE 2E 3', 'PID_TRAP_TOOLKIT 1&PID_CHEMISTRY_MANUAL 1', 'PID_TRAP_TOXIC 1', 1500),
(351, 'PID_TRAP_POISON', 'Животный яд рад-скорпиона достаточно слаб, но, в сочетании с синтетическим отравляющим веществом газовой гранаты, может выйти смертельная отрава.', 'KARMA_SEXPERT 3', 'KARMA_SEXPERT 3', 'PID_HYPODERMIC_NEEDLE 1&PID_SCORPION_TAIL 1&PID_MUSTARD_GAS_GRENADE 1&PID_CHEM_CATALYST 1', 'PID_TRAP_TOOLKIT 1&PID_CHEMISTRY_MANUAL 1', 'PID_TRAP_POISON 1', 1500),
(352, 'PID_SENSOR_SPY', 'Извлеките из рации схему, отвечающую за отправку радиосигналов и запрограммируйте полученный жучок на самоуничтожение при срабатывании.', 'KARMA_SEXPERT 2', 'KARMA_SEXPERT 3', 'PID_RADIO 1&PID_EL_MICROCHIPS 1', 'PID_MULTI_TOOL 1', 'PID_SENSOR_SPY 1', 500),
(360, 'PID_FIRST_AID_KIT', 'Бинты, спирт для промывки ран и другие полезные вещи в сумке из кожи многострадального гекко. Или не гекко...', 'KARMA_PRIZEFIGHTER 1', 'KARMA_PRIZEFIGHTER 1', 'PID_RAGS 5&PID_CHEM_ETHANOL 1&PID_ANTIDOTE 1&PID_CHEM_MEDS_WEAK 1&PID_MET_LEATHER 1', 'NULL', 'PID_FIRST_AID_KIT 1', 270),
(361, 'PID_DRUG_PACK_EMPTY', 'Простерилизуйте шприц и поделите контейнер на несколько отсеков, используя тонкую мембрану как границу.', 'KARMA_PRIZEFIGHTER 2', 'KARMA_PRIZEFIGHTER 2', 'PID_HYPODERMIC_NEEDLE 1', 'PID_CHEM_ETHANOL 1&PID_FIRST_AID_KIT 1|PID_FIELD_MEDIC_KIT 1', 'PID_DRUG_PACK_EMPTY 1', 100),
(362, 'PID_MECH_ARM', 'Вы неплохо знаете, как устроено немутировавшее человеческое тело, а также какие мышцы отвечают за сгибание и разгибание руки. Если все сделать правильно, то большую часть нагрузки можно перенести на механический протез. Требуется верстак.', 'KARMA_PRIZEFIGHTER 3', 'KARMA_PRIZEFIGHTER 4', 'PID_EL_ROBOT_HAND 1&PID_EL_MICROCHIPS 2&PID_TECH_MOVE_PARTS 2&PID_TECH_ENGINE_SMALL 1&PID_EL_CABLE 2&PID_TECH_MECHANISM 4&PID_EL_BATTERY 4', 'PID_SUPER_TOOL_KIT 1', 'PID_MECH_ARM 1', 2500),
(363, 'PID_CHEM_WATER_CLEAN', 'Добавьте водоочищающие таблетки в жидкость и прокипятите.', 'KARMA_PRIZEFIGHTER 4', 'KARMA_PRIZEFIGHTER 4', 'PID_CHEM_WATERCLEANER 1&PID_BOTTLE_FULL 3', 'PID_CHEM_BURNER 1|PID_CHEM_LAB 1', 'PID_CHEM_WATER_CLEAN 3', 900),
(370, 'PID_CE_SHOVEL', 'Модернизируйте обычную лопату более прочным сплавом металла и парой десятков полезных гаджетов.', 'PE_COMBAT_ENGINEER 1', 'PE_COMBAT_ENGINEER 1', 'PID_SHOVEL 1&PID_SUPER_TOOL_KIT 2&PID_MET_BALLISTIC_METALL 1&PID_TECH_MECHANISM 4', 'PID_MOUSE_SKIN 1&PID_WELDING 1', 'PID_CE_SHOVEL 1', 1000),
(371, 'PID_WIRE', 'Смотайте стальную проволоку и гвозди особым образом, чтобы получить непроходимую вязь колючки.', 'PE_COMBAT_ENGINEER 1', 'PE_COMBAT_ENGINEER 1', 'PID_MET_WIRES_STEEL 2&PID_NAILS 30', 'PID_MULTI_TOOL 1', 'PID_WIRE 1', 150),
(372, 'PID_MET_SHELLS_PISTOL', 'Сделайте простейшие гильзы из свинца и стали.', 'SK_REPAIR 30', 'SK_REPAIR 40', 'PID_MET_PLUMBUM 5&PID_STEEL 5', 'PID_MULTI_TOOL 1', 'PID_MET_SHELLS_PISTOL 20', 30),
(373, 'PID_MET_SHELLS_MAGNUM', 'Сделайте простейшие гильзы с пламасовым капсулем.', 'SK_REPAIR 20', 'SK_REPAIR 25', 'PID_MET_PLASTIC 5&PID_METAL_TRASH 5', 'PID_MULTI_TOOL 1', 'PID_MET_SHELLS_MAGNUM 25', 30),
(500, 'PID_LEATHER_ARMOR', 'Дубленая кожа, сшитая в несколько слоёв, позволит чувствовать себя защищённей.', 'ST_KNOWLEDGE_METALLURGY 25&ST_KNOWLEDGE_BALLISTIC 25', 'ST_KNOWLEDGE_METALLURGY 35&ST_KNOWLEDGE_BALLISTIC 35', 'PID_MET_LEATHER 3&PID_POCKET_LINT 1&PID_ROPE 1', 'PID_SHIV 1&PID_COMBAT_KNIFE 1|PID_KNIFE 1', 'PID_LEATHER_ARMOR 1', 140),
(501, 'PID_LEATHER_ARMOR', 'Броня на схеме так проста, что хочется тут же сделать себе такую же.', 'ST_KNOWLEDGE_METALLURGY 25&ST_KNOWLEDGE_BALLISTIC 25', 'ST_KNOWLEDGE_METALLURGY 35&ST_KNOWLEDGE_BALLISTIC 35', 'PID_MET_LEATHER 4&PID_POCKET_LINT 1&PID_ROPE 1', 'PID_LEATHER_ARMOR_RECIPE 1&PID_SHIV 1&PID_COMBAT_KNIFE 1|PID_KNIFE 1', 'PID_LEATHER_ARMOR 1', 210),
(502, 'PID_LEATHER_ARMOR_MK_II', 'Если не просто сшить шкуры как попало, а сделать это с умом и подобрать материалы попрочнее - можно сразу сделать улучшенную версию кожаной брони.', 'ST_KNOWLEDGE_METALLURGY 30&ST_KNOWLEDGE_BALLISTIC 30', 'ST_KNOWLEDGE_METALLURGY 40&ST_KNOWLEDGE_BALLISTIC 45', 'PID_MET_LEATHER 4&PID_POCKET_LINT 1&PID_ROPE 1', 'PID_SHIV 1&PID_COMBAT_KNIFE 1|PID_KNIFE 1', 'PID_LEATHER_ARMOR_MK_II 1', 217),
(503, 'PID_LEATHER_ARMOR_MK_II', 'Следуйте инструкциям для улучшения свойств своей брони.', 'ST_KNOWLEDGE_METALLURGY 30&ST_KNOWLEDGE_BALLISTIC 30', 'ST_KNOWLEDGE_METALLURGY 40&ST_KNOWLEDGE_BALLISTIC 45', 'PID_MET_LEATHER 5&PID_POCKET_LINT 1&PID_ROPE 1', 'PID_LEATHER_ARMOR_II_RECIPE 1&PID_SHIV 1&PID_COMBAT_KNIFE 1|PID_KNIFE 1', 'PID_LEATHER_ARMOR_MK_II 1', 320),
(504, 'PID_METAL_ARMOR', 'Металлическую броню вовсе не обязательно собирать поэтапно. Можно сделать ее с нуля.', 'ST_KNOWLEDGE_METALLURGY 40&ST_KNOWLEDGE_BALLISTIC 45', 'ST_KNOWLEDGE_METALLURGY 55&ST_KNOWLEDGE_BALLISTIC 60', 'PID_STEEL 4&PID_MET_LEATHER 4&PID_WELDING 1&PID_RAGS 3&PID_POCKET_LINT 1', 'PID_SUPER_TOOL_KIT 1', 'PID_METAL_ARMOR 1', 495),
(505, 'PID_METAL_ARMOR', 'Изготовление и соединение металических пластин может показаться непростым делом - но для этого и существуют готовые схемы.', 'ST_KNOWLEDGE_METALLURGY 40&ST_KNOWLEDGE_BALLISTIC 45', 'ST_KNOWLEDGE_METALLURGY 55&ST_KNOWLEDGE_BALLISTIC 60', 'PID_STEEL 5&PID_MET_LEATHER 5&PID_WELDING 1&PID_RAGS 3&PID_POCKET_LINT 1', 'PID_METAL_ARMOR_RECIPE 1&PID_SUPER_TOOL_KIT 1', 'PID_METAL_ARMOR 1', 740),
(506, 'PID_METAL_ARMOR_MK_II', 'После формирования каркаса, сталь брони можно сразу обработать и отполировать для лучшей защиты от ударов и лазерных лучей.', 'ST_KNOWLEDGE_METALLURGY 50&ST_KNOWLEDGE_BALLISTIC 55', 'ST_KNOWLEDGE_METALLURGY 65&ST_KNOWLEDGE_BALLISTIC 70', 'PID_STEEL 5&PID_MET_LEATHER 4&PID_WELDING 1&PID_RAGS 4&PID_POCKET_LINT 2&PID_CHEMICALS 1', 'PID_SUPER_TOOL_KIT 1&PID_MOUSE_SKIN 1', 'PID_METAL_ARMOR_MK_II 1', 615),
(507, 'PID_METAL_ARMOR_MK_II', 'Раз уж у вас есть готовые рекомендации по улучшению защитных свойств металлической брони, почему бы ими не воспользоваться?', 'ST_KNOWLEDGE_METALLURGY 50&ST_KNOWLEDGE_BALLISTIC 55', 'ST_KNOWLEDGE_METALLURGY 65&ST_KNOWLEDGE_BALLISTIC 70', 'PID_STEEL 6&PID_MET_LEATHER 4&PID_WELDING 1&PID_RAGS 4&PID_POCKET_LINT 2&PID_CHEMICALS 2', 'PID_METAL_ARMOR_II_RECIPE 1&PID_SUPER_TOOL_KIT 1&PID_MOUSE_SKIN 1', 'PID_METAL_ARMOR_MK_II 1', 920),
(508, 'PID_TESLA_ARMOR', 'Процесс создания катушки Тесла потребует немало ресурсов, но абсолютная защита от энерго-воздействия того стоит. А качество исходной брони значения не имеет. Требуется верстак.', 'ST_KNOWLEDGE_BALLISTIC 50&ST_KNOWLEDGE_METALLURGY 50&ST_KNOWLEDGE_ENERGETICS 80&ST_KNOWLEDGE_ELECTRONICS 20', 'ST_KNOWLEDGE_BALLISTIC 60&ST_KNOWLEDGE_METALLURGY 60&ST_KNOWLEDGE_ENERGETICS 110&ST_KNOWLEDGE_ELECTRONICS 40&PE_RATING 2', 'PID_METAL_ARMOR 1|PID_METAL_ARMOR_MK_II 1&PID_EL_CONDENSATS 2&PID_EL_CABLE 1&PID_MET_WIRES_STEEL 2&PID_V15_COMPUTER_PART 1', 'PID_SUPER_TOOL_KIT 1', 'PID_TESLA_ARMOR 1', 1540),
(509, 'PID_TESLA_ARMOR', 'Сборка схемы интегрированной в броню катушки Тесла - непростое занятие, лучше воспользоваться готовой схемой. Требуется верстак.', 'ST_KNOWLEDGE_BALLISTIC 50&ST_KNOWLEDGE_METALLURGY 50&ST_KNOWLEDGE_ENERGETICS 80&ST_KNOWLEDGE_ELECTRONICS 20', 'ST_KNOWLEDGE_BALLISTIC 60&ST_KNOWLEDGE_METALLURGY 60&ST_KNOWLEDGE_ENERGETICS 110&ST_KNOWLEDGE_ELECTRONICS 40&PE_RATING 2', 'PID_METAL_ARMOR 1|PID_METAL_ARMOR_MK_II 1&PID_EL_CONDENSATS 3&PID_EL_CABLE 1&PID_MET_WIRES_STEEL 3&PID_V15_COMPUTER_PART 2', 'PID_TESLA_ARMOR_RECIPE 1&PID_SUPER_TOOL_KIT 1&PID_DEANS_ELECTRONICS 1', 'PID_TESLA_ARMOR 1', 2300),
(510, 'PID_COMBAT_ARMOR', 'Сделайте выкройку из кожи, обшейте арамидом, закройте жизненно-важные органы дополнительным слоем из кевлара и сделайте кевларовый шлем. Требуется верстак.', 'ST_KNOWLEDGE_BALLISTIC 90&ST_KNOWLEDGE_METALLURGY 60', 'ST_KNOWLEDGE_BALLISTIC 120&ST_KNOWLEDGE_METALLURGY 80&PE_RATING 2', 'PID_MET_KEVLAR_FIBER 2&PID_MET_ARAMID_FABRIC 2&PID_MET_WIRES_STEEL 1&PID_MET_LEATHER 6', 'PID_SUPER_TOOL_KIT 1', 'PID_COMBAT_ARMOR 1', 1510),
(511, 'PID_COMBAT_ARMOR', 'Сделайте самую настоящую боевую броню. Требуется верстак.', 'ST_KNOWLEDGE_BALLISTIC 90&ST_KNOWLEDGE_METALLURGY 60', 'ST_KNOWLEDGE_BALLISTIC 120&ST_KNOWLEDGE_METALLURGY 80', 'PID_MET_KEVLAR_FIBER 2&PID_MET_ARAMID_FABRIC 3&PID_MET_WIRES_STEEL 1&PID_MET_LEATHER 7', 'PID_COMBAT_ARMOR_RECIPE 1&PID_SUPER_TOOL_KIT 1', 'PID_COMBAT_ARMOR 1', 2200),
(512, 'PID_COMBAT_ARMOR_MK_II', 'Зачем вообще тратить арамидную ткань, когда можно сразу использовать более прочные материалы. Требуется верстак.', 'ST_KNOWLEDGE_BALLISTIC 120&ST_KNOWLEDGE_METALLURGY 80&ST_KNOWLEDGE_MECHANICS 50', 'ST_KNOWLEDGE_BALLISTIC 140&ST_KNOWLEDGE_METALLURGY 100&ST_KNOWLEDGE_MECHANICS 75&PE_RATING 2', 'PID_MET_CARBON_FIBER 2&PID_MET_KEVLAR_FIBER 3&PID_CHEM_ACID 1&PID_MET_WIRES_STEEL 1&PID_MET_LEATHER 6&PID_MET_PLUMBUM 1', 'PID_SUPER_TOOL_KIT 1', 'PID_COMBAT_ARMOR_MK_II 1', 1843),
(513, 'PID_COMBAT_ARMOR_MK_II', 'Используйте чертежи для оптимального расположения кевларовых пластин и улучшения защитных свойств вашей брони. Требуется верстак.', 'ST_KNOWLEDGE_BALLISTIC 120&ST_KNOWLEDGE_METALLURGY 80&ST_KNOWLEDGE_MECHANICS 50', 'ST_KNOWLEDGE_BALLISTIC 140&ST_KNOWLEDGE_METALLURGY 100&ST_KNOWLEDGE_MECHANICS 75&PE_RATING 4', 'PID_MET_CARBON_FIBER 3&PID_MET_KEVLAR_FIBER 3&PID_CHEM_ACID 2&PID_MET_WIRES_STEEL 1&PID_MET_LEATHER 6&PID_MET_PLUMBUM 1', 'PID_COMBAT_ARMOR_II_RECIPE 1&PID_SUPER_TOOL_KIT 1', 'PID_COMBAT_ARMOR_MK_II 1', 2750),
(514, 'PID_DESERT_ARMOR', 'Обработанный карбон красить очень тяжело. Будет проще, если изначально покрасить всю ткань, а уже потом делать огнеупорную броню. Требуется верстак.', 'ST_KNOWLEDGE_BALLISTIC 140&ST_KNOWLEDGE_METALLURGY 80&ST_KNOWLEDGE_MECHANICS 50&ST_KNOWLEDGE_CHEMISTRY 60', 'ST_KNOWLEDGE_BALLISTIC 160&ST_KNOWLEDGE_METALLURGY 100&ST_KNOWLEDGE_MECHANICS 75&ST_KNOWLEDGE_CHEMISTRY 80&PE_RATING 4', 'PID_MET_CARBON_FIBER 2&PID_MET_KEVLAR_FIBER 3&PID_CHEM_ACID 1&PID_MET_WIRES_STEEL 1&PID_MET_LEATHER 6&PID_OCHRE_COLOR 1&PID_CAI_FIRE 2', 'PID_SUPER_TOOL_KIT 1', 'PID_DESERT_ARMOR 1', 250),
(515, 'PID_DESERT_ARMOR', 'Совместите процесс покраски брони с внесением некоторых улучшений.', 'ST_KNOWLEDGE_BALLISTIC 140&ST_KNOWLEDGE_METALLURGY 80&ST_KNOWLEDGE_MECHANICS 50&ST_KNOWLEDGE_CHEMISTRY 60', 'ST_KNOWLEDGE_BALLISTIC 160&ST_KNOWLEDGE_METALLURGY 100&ST_KNOWLEDGE_MECHANICS 75&ST_KNOWLEDGE_CHEMISTRY 80&PE_RATING 4', 'PID_MET_CARBON_FIBER 2&PID_MET_KEVLAR_FIBER 3&PID_CHEM_ACID 1&PID_MET_WIRES_STEEL 1&PID_MET_LEATHER 6&PID_OCHRE_COLOR 2&PID_CAI_FIRE 3', 'PID_COMBAT_ARMOR_II_RECIPE 1&PID_SUPER_TOOL_KIT 1', 'PID_DESERT_ARMOR 1', 350),
(517, 'PID_SPEC_K', 'Обработайте кожу и ткань раствором кислоты и покрасьте все в цвет пустыни.', 'ST_KNOWLEDGE_BALLISTIC 30&ST_KNOWLEDGE_CHEMISTRY 80&ST_KNOWLEDGE_OPTICS 60', 'ST_KNOWLEDGE_BALLISTIC 50&ST_KNOWLEDGE_CHEMISTRY 100&ST_KNOWLEDGE_OPTICS 80', 'PID_RAGS 8&PID_CHEM_ACID 1&PID_OCHRE_COLOR 1&PID_MET_LEATHER 3', 'PID_SHIV 1&PID_COMBAT_KNIFE 1|PID_KNIFE 1', 'PID_SPEC_K 1', 100),
(518, 'PID_SPEC_K', 'Маскировка никогда не была вашей сильной стороной, поэтому в изготовлении максимально неприметного костюма стоит обратиться к готовому источнику информации.', 'ST_KNOWLEDGE_BALLISTIC 30&ST_KNOWLEDGE_CHEMISTRY 80&ST_KNOWLEDGE_OPTICS 60', 'ST_KNOWLEDGE_BALLISTIC 50&ST_KNOWLEDGE_CHEMISTRY 100&ST_KNOWLEDGE_OPTICS 80', 'PID_RAGS 8&PID_CHEM_ACID 1&PID_OCHRE_COLOR 1&PID_MET_LEATHER 4', 'PID_SPEC_K_RECIPE 1&PID_SHIV 1&PID_COMBAT_KNIFE 1|PID_KNIFE 1', 'PID_SPEC_K 1', 150),
(522, 'PID_CUSTOM_ARMOR', 'Сшейте куртку по своим меркам, дополните ее кожаными вставками и нательными карманами для защитных модулей.', 'ST_KNOWLEDGE_METALLURGY 40&ST_KNOWLEDGE_BALLISTIC 45&ST_KNOWLEDGE_MECHANICS 20', 'ST_KNOWLEDGE_METALLURGY 55&ST_KNOWLEDGE_BALLISTIC 60&ST_KNOWLEDGE_MECHANICS 40&PE_RATING 3', 'PID_RAGS 6&PID_MET_WIRES_STEEL 1&PID_MET_LEATHER 2', 'PID_MULTI_TOOL 1&PID_COMBAT_KNIFE 1|PID_KNIFE 1', 'PID_CUSTOM_ARMOR 1', 270),
(523, 'PID_MET_KEVLAR_FIBER', 'Размочите в кислоте медь и свинец и медно-свинцовой спайкой укрепите волокна. Требуется верстак.', 'ST_KNOWLEDGE_CHEMISTRY 120&ST_KNOWLEDGE_METALLURGY 80&ST_KNOWLEDGE_MECHANICS 50', 'ST_KNOWLEDGE_CHEMISTRY 140&ST_KNOWLEDGE_METALLURGY 100&ST_KNOWLEDGE_MECHANICS 75&PE_RATING 4', 'PID_MET_ARAMID_FABRIC 1&PID_CHEM_ACID 1&PID_MET_WIRES_COPPER 1&PID_MET_PLUMBUM 1', 'PID_SUPER_TOOL_KIT 1', 'PID_MET_KEVLAR_FIBER 1', 300),
(524, 'PID_MET_ARAMID_FABRIC', 'Разогрейте сваркой пластик, линзы и ткань, получив стекловолокно. Закрепите химикатами. Требуется верстак.', 'ST_KNOWLEDGE_CHEMISTRY 120&ST_KNOWLEDGE_METALLURGY 80&ST_KNOWLEDGE_MECHANICS 50', 'ST_KNOWLEDGE_CHEMISTRY 140&ST_KNOWLEDGE_METALLURGY 100&ST_KNOWLEDGE_MECHANICS 75&PE_RATING 4', 'PID_CHEMICALS 3&PID_RAGS 3&PID_WELDING 1&PID_MET_PLASTIC 2&PID_OPT_LENS 2', 'PID_SUPER_TOOL_KIT 1', 'PID_MET_ARAMID_FABRIC 1', 300),
(525, 'PID_MET_CARBON_FIBER', 'Укрепите кевлавр и арамид угреродом добытым из батареек и закрепите катализатором. Требуется верстак.', 'ST_KNOWLEDGE_CHEMISTRY 120&ST_KNOWLEDGE_METALLURGY 80&ST_KNOWLEDGE_MECHANICS 50', 'ST_KNOWLEDGE_CHEMISTRY 140&ST_KNOWLEDGE_METALLURGY 100&ST_KNOWLEDGE_MECHANICS 75&PE_RATING 4', 'PID_MET_KEVLAR_FIBER 1&PID_MET_ARAMID_FABRIC 1&PID_EL_BATTERY 3&PID_CHEM_CATALYST 1', 'PID_SUPER_TOOL_KIT 1', 'PID_MET_CARBON_FIBER 1', 300),
(550, 'PID_10MM_PISTOL', 'Соберите полуавтоматический 10мм пистолет.', 'ST_KNOWLEDGE_BALLISTIC 60&ST_KNOWLEDGE_MECHANICS 40', 'ST_KNOWLEDGE_BALLISTIC 80&ST_KNOWLEDGE_MECHANICS 60', 'PID_TRIGGER_SEMIAUTO 1&PID_MET_PLASTIC 1&PID_TECH_MECHANISM 1', 'PID_MULTI_TOOL 1|PID_SUPER_TOOL_KIT 1&PID_LIGHTER 1', 'PID_10MM_PISTOL 1', 100),
(551, 'PID_10MM_SMG', 'Соберите автоматический 10мм пистолет-пулемет.', 'ST_KNOWLEDGE_BALLISTIC 60&ST_KNOWLEDGE_MECHANICS 60', 'ST_KNOWLEDGE_BALLISTIC 80&ST_KNOWLEDGE_MECHANICS 80', 'PID_MET_PLASTIC 1&PID_TRIGGER_AUTO 1&PID_STEEL 2&PID_TECH_MECHANISM 4', 'PID_MULTI_TOOL 1|PID_SUPER_TOOL_KIT 1&PID_LIGHTER 1', 'PID_10MM_SMG 1', 120),
(552, 'PID_HK_P90C', 'Соберите автоматический 10мм пистолет-пулемет с системой булл-пап. Требуется верстак.', 'ST_KNOWLEDGE_BALLISTIC 120&ST_KNOWLEDGE_MECHANICS 120', 'ST_KNOWLEDGE_BALLISTIC 140&ST_KNOWLEDGE_MECHANICS 140', 'PID_TECH_MECHANISM 4&PID_TRIGGER_AUTO 1&PID_STEEL 2&PID_MET_PLASTIC 4', 'PID_SUPER_TOOL_KIT 1&PID_LIGHTER 1', 'PID_HK_P90C 1', 600),
(553, 'PID_DESERT_EAGLE', 'Соберите тяжелый пистолет калибра \"Магнум\". Требуется верстак.', 'ST_KNOWLEDGE_BALLISTIC 80&ST_KNOWLEDGE_MECHANICS 60', 'ST_KNOWLEDGE_BALLISTIC 100&ST_KNOWLEDGE_MECHANICS 80', 'PID_TRIGGER_SEMIAUTO 1&PID_MET_PLASTIC 1&PID_TECH_MECHANISM 2&PID_STEEL 2', 'PID_MULTI_TOOL 1|PID_SUPER_TOOL_KIT 1&PID_LIGHTER 1', 'PID_DESERT_EAGLE 1', 200),
(554, 'PID_DESERT_EAGLE_EXT_MAG', 'Соберите тяжелый пистолет калибра \"Магнум\" с увеличенным магазином. Требуется верстак.', 'ST_KNOWLEDGE_BALLISTIC 80&ST_KNOWLEDGE_MECHANICS 70', 'ST_KNOWLEDGE_BALLISTIC 100&ST_KNOWLEDGE_MECHANICS 90', 'PID_TRIGGER_SEMIAUTO 1&PID_MET_PLASTIC 1&PID_TECH_MECHANISM 3&PID_STEEL 3', 'PID_MULTI_TOOL 1|PID_SUPER_TOOL_KIT 1&PID_LIGHTER 1', 'PID_DESERT_EAGLE_EXT_MAG 1', 220),
(555, 'PID_223_PISTOL', 'Соберите тяжелый пистолет под винтовочный патрон 0.223. Требуется верстак.', 'ST_KNOWLEDGE_BALLISTIC 100&ST_KNOWLEDGE_MECHANICS 60', 'ST_KNOWLEDGE_BALLISTIC 120&ST_KNOWLEDGE_MECHANICS 80', 'PID_TRIGGER_SEMIAUTO 1&PID_FIREWOOD 1&PID_STEEL 5&PID_MET_PLASTIC 1&PID_TECH_MECHANISM 3&PID_WELDING 1', 'PID_SUPER_TOOL_KIT 1&PID_LIGHTER 1', 'PID_223_PISTOL 1', 300),
(556, 'PID_HUNTING_RIFLE', 'Соберите обычную охотничью винтовку калибра 0.223. Требуется верстак.', 'ST_KNOWLEDGE_BALLISTIC 100&ST_KNOWLEDGE_MECHANICS 70', 'ST_KNOWLEDGE_BALLISTIC 120&ST_KNOWLEDGE_MECHANICS 90', 'PID_FIREWOOD 2&PID_TRIGGER_SEMIAUTO 1&PID_MET_BARRELS_A1 1&PID_TECH_MECHANISM 2', 'PID_MULTI_TOOL 1|PID_SUPER_TOOL_KIT 1', 'PID_HUNTING_RIFLE 1', 320),
(557, 'PID_SCOPED_HUNTING_RIFLE', 'Соберите обычную охотничью винтовку калибра 0.223 и установите на нее какую-нибудь оптику. Требуется верстак.', 'ST_KNOWLEDGE_BALLISTIC 100&ST_KNOWLEDGE_MECHANICS 70&ST_KNOWLEDGE_OPTICS 40', 'ST_KNOWLEDGE_BALLISTIC 120&ST_KNOWLEDGE_MECHANICS 90&ST_KNOWLEDGE_OPTICS 60', 'PID_FIREWOOD 2&PID_TRIGGER_SEMIAUTO 1&PID_MET_BARRELS_A1 1&PID_TECH_MECHANISM 2&PID_OPT_SCOPE_OLD 1', 'PID_MULTI_TOOL 1|PID_SUPER_TOOL_KIT 1', 'PID_SCOPED_HUNTING_RIFLE 1', 360),
(558, 'PID_SNIPER_RIFLE', 'Соберите легкую снайперскую винтовку калибра 0.223 и установите на нее качественную оптику. Требуется верстак.', 'ST_KNOWLEDGE_BALLISTIC 120&ST_KNOWLEDGE_MECHANICS 80&ST_KNOWLEDGE_OPTICS 80', 'ST_KNOWLEDGE_BALLISTIC 140&ST_KNOWLEDGE_MECHANICS 100&ST_KNOWLEDGE_OPTICS 100', 'PID_TRIGGER_SEMIAUTO 1&PID_FIREWOOD 3&PID_MET_BALLISTIC_METALL 1&PID_MET_BARRELS_A2 1&PID_MET_PLASTIC 3&PID_OPT_SCOPE_LRT 1', 'PID_SUPER_TOOL_KIT 1&PID_LIGHTER 1', 'PID_SNIPER_RIFLE 1', 400),
(559, 'PID_ASSAULT_RIFLE', 'Соберите легкую штурмовую винтовку под патрон 5мм. Требуется верстак.', 'ST_KNOWLEDGE_BALLISTIC 100&ST_KNOWLEDGE_MECHANICS 100', 'ST_KNOWLEDGE_BALLISTIC 120&ST_KNOWLEDGE_MECHANICS 120', 'PID_TRIGGER_AUTO 1&PID_MET_BARRELS_A1 1&PID_FIREWOOD 2&PID_TECH_MECHANISM 4&PID_STEEL 2', 'PID_MULTI_TOOL 1|PID_SUPER_TOOL_KIT 1', 'PID_ASSAULT_RIFLE 1', 320),
(560, 'PID_ASSAULT_RIFLE_EXT_MAG', 'Соберите легкую штурмовую винтовку под патрон 5мм. Сделайте несколько обойм увеличенной емкости. Требуется верстак.', 'ST_KNOWLEDGE_BALLISTIC 100&ST_KNOWLEDGE_MECHANICS 120', 'ST_KNOWLEDGE_BALLISTIC 120&ST_KNOWLEDGE_MECHANICS 140', 'PID_TRIGGER_AUTO 1&PID_MET_BARRELS_A1 1&PID_FIREWOOD 2&PID_TECH_MECHANISM 6&PID_STEEL 4', 'PID_MULTI_TOOL 1|PID_SUPER_TOOL_KIT 1', 'PID_ASSAULT_RIFLE_EXT_MAG 1', 360),
(561, 'PID_INDEPENDENT', 'Опираясь на схемы штурмовой винтовки, замените все тяжелые детали на пластик, поменяйте систему зарядки и используйте качественную ствольную загатовку. Требуется верстак.', 'ST_KNOWLEDGE_BALLISTIC 120&ST_KNOWLEDGE_MECHANICS 140', 'ST_KNOWLEDGE_BALLISTIC 140&ST_KNOWLEDGE_MECHANICS 160', 'PID_TRIGGER_AUTO 1&PID_MET_BARRELS_A2 1&PID_MET_PLASTIC 4&PID_TECH_MECHANISM 4&PID_MET_BALLISTIC_METALL 2', 'PID_SUPER_TOOL_KIT 1&PID_LIGHTER 1', 'PID_INDEPENDENT 1', 400),
(562, 'PID_FN_FAL', 'Соберите штурмовую винтовку под патрон калибра 7.62 НАТО. Требуется верстак.', 'ST_KNOWLEDGE_BALLISTIC 120&ST_KNOWLEDGE_MECHANICS 120', 'ST_KNOWLEDGE_BALLISTIC 140&ST_KNOWLEDGE_MECHANICS 140', 'PID_MET_BARRELS_A1 1&PID_TRIGGER_AUTO 1&PID_TECH_MECHANISM 2&PID_STEEL 2&PID_FIREWOOD 3', 'PID_SUPER_TOOL_KIT 1', 'PID_FN_FAL 1', 330),
(563, 'PID_FN_FAL', 'Демодернизируйте улучшенные винтовки до заводского уровня. Требуется верстак.', 'ST_KNOWLEDGE_BALLISTIC 140&ST_KNOWLEDGE_MECHANICS 140', 'ST_KNOWLEDGE_BALLISTIC 160&ST_KNOWLEDGE_MECHANICS 160', 'PID_WELDING 1&PID_FN_FAL_HPFA 1|PID_FN_FAL_NIGHT_SCOPE 1', 'PID_SUPER_TOOL_KIT 1', 'PID_FN_FAL 1', 330),
(564, 'PID_FN_FAL_HPFA', 'Соберите штурмовую винтовку под патрон калибра 7.62 НАТО. Усильте оружие модификацией УСМ. Требуется верстак.', 'ST_KNOWLEDGE_BALLISTIC 140&ST_KNOWLEDGE_MECHANICS 140', 'ST_KNOWLEDGE_BALLISTIC 160&ST_KNOWLEDGE_MECHANICS 160', 'PID_MET_BARRELS_A1 1&PID_TRIGGER_AUTO 1&PID_TECH_MECHANISM 4&PID_STEEL 3&PID_FIREWOOD 3', 'PID_SUPER_TOOL_KIT 1', 'PID_FN_FAL_HPFA 1', 360),
(565, 'PID_FN_FAL_NIGHT_SCOPE', 'Соберите штурмовую винтовку под патрон калибра 7.62 НАТО. Установите на нее электронный прицел. Требуется верстак.', 'ST_KNOWLEDGE_BALLISTIC 140&ST_KNOWLEDGE_MECHANICS 140&ST_KNOWLEDGE_OPTICS 80&ST_KNOWLEDGE_ELECTRONICS 40', 'ST_KNOWLEDGE_BALLISTIC 160&ST_KNOWLEDGE_MECHANICS 160&ST_KNOWLEDGE_OPTICS 100&ST_KNOWLEDGE_ELECTRONICS 60', 'PID_MET_BARRELS_A1 1&PID_TRIGGER_AUTO 1&PID_TECH_MECHANISM 3&PID_STEEL 2&PID_FIREWOOD 3&PID_OPT_SCOPE_ELEC 1', 'PID_SUPER_TOOL_KIT 1', 'PID_FN_FAL_NIGHT_SCOPE 1', 600),
(566, 'PID_FN_FAL_NIGHT_SCOPE', 'Установите электронный прицел на штурмовую винтовку под патрон калибра 7.62 НАТО. Требуется верстак.', 'ST_KNOWLEDGE_OPTICS 100&ST_KNOWLEDGE_ELECTRONICS 60', 'ST_KNOWLEDGE_OPTICS 120&ST_KNOWLEDGE_ELECTRONICS 80', 'PID_OPT_SCOPE_ELEC 1&PID_FN_FAL 1|PID_FN_FAL_HPFA 1', 'PID_SUPER_TOOL_KIT 1', 'PID_FN_FAL_NIGHT_SCOPE 1', 300),
(567, 'PID_SHOTGUN', 'Найдите две трубы более-менее подходящего диаметра, изготовьте к ним приклад и простенький спусковой механизм. Требуется верстак.', 'ST_KNOWLEDGE_BALLISTIC 40&ST_KNOWLEDGE_MECHANICS 40', 'ST_KNOWLEDGE_BALLISTIC 60&ST_KNOWLEDGE_MECHANICS 60', 'PID_MET_BARRELS_A1 1&PID_FIREWOOD 1&PID_TRIGGER_SEMIAUTO 1&PID_TECH_MECHANISM 1', 'PID_MULTI_TOOL 1&PID_COMBAT_KNIFE 1|PID_KNIFE 1', 'PID_SHOTGUN 1', 200),
(568, 'PID_SAWED_OFF_SHOTGUN', 'Укорачивание ствола на десяток дюймов позволит комфортно прятать дробовик под одеждой, чтобы удивлять противника в самый неподходящий момент. Требуется верстак.', 'ST_KNOWLEDGE_BALLISTIC 60&ST_KNOWLEDGE_MECHANICS 40', 'ST_KNOWLEDGE_BALLISTIC 80&ST_KNOWLEDGE_MECHANICS 60', 'PID_MET_BARRELS_A1 1&PID_FIREWOOD 1&PID_TRIGGER_SEMIAUTO 1&PID_TECH_MECHANISM 1', 'PID_MULTI_TOOL 1|PID_SUPER_TOOL_KIT 1&PID_COMBAT_KNIFE 1|PID_KNIFE 1', 'PID_SAWED_OFF_SHOTGUN 1', 220),
(569, 'PID_COMBAT_SHOTGUN', 'Соберите автоматический дробовик в литом пластиковом корпусе. Требуется верстак.', 'ST_KNOWLEDGE_BALLISTIC 80&ST_KNOWLEDGE_MECHANICS 60', 'ST_KNOWLEDGE_BALLISTIC 100&ST_KNOWLEDGE_MECHANICS 80', 'PID_TRIGGER_SEMIAUTO 1&PID_MET_BARRELS_A1 1&PID_TECH_MECHANISM 3&PID_STEEL 3&PID_MET_PLASTIC 3', 'PID_SUPER_TOOL_KIT 1&PID_LIGHTER 1', 'PID_COMBAT_SHOTGUN 1', 300),
(570, 'PID_HK_CAWS', 'Соберите автоматический дробовик с системой булл-пап в литом пластиковом корпусе. Требуется верстак.', 'ST_KNOWLEDGE_BALLISTIC 120&ST_KNOWLEDGE_MECHANICS 120', 'ST_KNOWLEDGE_BALLISTIC 140&ST_KNOWLEDGE_MECHANICS 140', 'PID_TRIGGER_SEMIAUTO 1&PID_MET_BARRELS_A1 1&PID_TECH_MECHANISM 5&PID_STEEL 4&PID_MET_PLASTIC 5', 'PID_SUPER_TOOL_KIT 1&PID_LIGHTER 1', 'PID_HK_CAWS 1', 500),
(571, 'PID_PANCOR_JACKHAMMER', 'Соберите автоматический дробовик с системой булл-пап. Используйте только качественную сталь и ствол. Требуется верстак.', 'ST_KNOWLEDGE_BALLISTIC 140&ST_KNOWLEDGE_MECHANICS 140', 'ST_KNOWLEDGE_BALLISTIC 160&ST_KNOWLEDGE_MECHANICS 160', 'PID_TRIGGER_SEMIAUTO 1&PID_MET_BARRELS_A2 1&PID_TECH_MECHANISM 6&PID_MET_BALLISTIC_METALL 2&PID_MET_PLASTIC 3', 'PID_SUPER_TOOL_KIT 1&PID_LIGHTER 1', 'PID_PANCOR_JACKHAMMER 1', 1000),
(572, 'PID_TOMMY_GUN', 'Вырежьте из дерева цевье, приклад, смонтируйте на это трубу и автоматический спусковой механизм, вот и готово оружие гангстеров.', 'ST_KNOWLEDGE_BALLISTIC 80&ST_KNOWLEDGE_MECHANICS 100', 'ST_KNOWLEDGE_BALLISTIC 100&ST_KNOWLEDGE_MECHANICS 120', 'PID_TRIGGER_AUTO 1&PID_TECH_MECHANISM 3&PID_MET_BARRELS_A1 1&PID_STEEL 2&PID_FIREWOOD 2', 'PID_SUPER_TOOL_KIT 1', 'PID_TOMMY_GUN 1', 400),
(573, 'PID_GREASE_GUN', 'Соберите в стальном каркасе пистолет-пулемет калибра 0.45 авто.Требуется верстак.', 'ST_KNOWLEDGE_BALLISTIC 80&ST_KNOWLEDGE_MECHANICS 120', 'ST_KNOWLEDGE_BALLISTIC 100&ST_KNOWLEDGE_MECHANICS 140', 'PID_TRIGGER_AUTO 1&PID_TECH_MECHANISM 3&PID_STEEL 2', 'PID_SUPER_TOOL_KIT 1', 'PID_GREASE_GUN 1', 450),
(574, 'PID_14MM_PISTOL', 'Соберите пистолет под тяжелый патрон калибра 14мм.', 'ST_KNOWLEDGE_BALLISTIC 100&ST_KNOWLEDGE_MECHANICS 80', 'ST_KNOWLEDGE_BALLISTIC 120&ST_KNOWLEDGE_MECHANICS 100', 'PID_TRIGGER_SEMIAUTO 1&PID_MET_PLASTIC 3&PID_STEEL 2&PID_TECH_MECHANISM 3', 'PID_MULTI_TOOL 1|PID_SUPER_TOOL_KIT 1&PID_LIGHTER 1', 'PID_14MM_PISTOL 1', 300),
(576, 'PID_HK_G11', 'Соберите в пластиковом каркасе превосходный пистолет-пулемет калибра 4.7. Требуется верстак.', 'ST_KNOWLEDGE_BALLISTIC 140&ST_KNOWLEDGE_MECHANICS 160&ST_KNOWLEDGE_ELECTRONICS 60', 'ST_KNOWLEDGE_BALLISTIC 160&ST_KNOWLEDGE_MECHANICS 180&ST_KNOWLEDGE_ELECTRONICS 80', 'PID_TRIGGER_AUTO 1&PID_MET_BARRELS_A2 1&PID_TECH_MECHANISM 6&PID_MET_BALLISTIC_METALL 2&PID_MET_PLASTIC 6', 'PID_SUPER_TOOL_KIT 1&PID_LIGHTER 1', 'PID_HK_G11 1', 800),
(577, 'PID_HK_G11E', 'Соберите Г11 с электронной автоматикой, удлиненным стволом и электронным прицелом. Требуется верстак.', 'ST_KNOWLEDGE_BALLISTIC 180&ST_KNOWLEDGE_MECHANICS 180&ST_KNOWLEDGE_ELECTRONICS 120', 'ST_KNOWLEDGE_BALLISTIC 200&ST_KNOWLEDGE_MECHANICS 220&ST_KNOWLEDGE_ELECTRONICS 140', 'PID_TRIGGER_ELECTRO 1&PID_MET_BARRELS_A2 1&PID_TECH_MECHANISM 7&PID_MET_BALLISTIC_METALL 3&PID_MET_PLASTIC 7&PID_OPT_SCOPE_ELEC 1&PID_EL_BATTERY 1&PID_EL_CABLE 1', 'PID_SUPER_TOOL_KIT 1&PID_LIGHTER 1', 'PID_HK_G11E 1', 1000),
(578, 'PID_PK12_GAUSS_PISTOL', 'Пороховая и пневматическая основа - прошлый век. Будущее за магнитными полями. Требуется верстак.', 'ST_KNOWLEDGE_BALLISTIC 180&ST_KNOWLEDGE_MECHANICS 160&ST_KNOWLEDGE_ELECTRONICS 140', 'ST_KNOWLEDGE_BALLISTIC 240&ST_KNOWLEDGE_MECHANICS 220&ST_KNOWLEDGE_ELECTRONICS 180&PE_RATING 2', 'PID_TRIGGER_ELECTRO 1&PID_MET_BALLISTIC_METALL 6&PID_MET_BARRELS_A2 1&PID_MET_WIRES_COPPER 12&PID_EL_CONDENSATS 12&PID_TECH_ENGINE_SMALL 3&PID_EL_BATTERY 3', 'PID_SUPER_TOOL_KIT 1', 'PID_PK12_GAUSS_PISTOL 1', 1200),
(579, 'PID_M72_GAUSS_RIFLE', 'Длиннее ствол - больше магнитных катушек - больше разгон иглы - больше поражающий потенциал. Требуется верстак.', 'ST_KNOWLEDGE_BALLISTIC 240&ST_KNOWLEDGE_MECHANICS 220&ST_KNOWLEDGE_ELECTRONICS 160', 'ST_KNOWLEDGE_BALLISTIC 280&ST_KNOWLEDGE_MECHANICS 240&ST_KNOWLEDGE_ELECTRONICS 180&PE_RATING 4', 'PID_TRIGGER_ELECTRO 1&PID_MET_BALLISTIC_METALL 9&PID_MET_BARRELS_A2 2&PID_MET_WIRES_COPPER 12&PID_EL_CONDENSATS 18&PID_TECH_ENGINE_SMALL 3&PID_EL_BATTERY 5', 'PID_SUPER_TOOL_KIT 1', 'PID_M72_GAUSS_RIFLE 1', 2000),
(600, 'PID_FLAMER', 'Одним сварочным аппаратом совершаем магическое превращение груды металла в тело огнемёта, а вторым привариваем горелку и систему подачи топлива первого к этой конструкции.', 'ST_KNOWLEDGE_BALLISTIC 40&ST_KNOWLEDGE_MECHANICS 60&ST_KNOWLEDGE_CHEMISTRY 20', 'ST_KNOWLEDGE_BALLISTIC 60&ST_KNOWLEDGE_MECHANICS 80&ST_KNOWLEDGE_CHEMISTRY 40', 'PID_WELDING 1&PID_TECH_MECHANISM 2&PID_STEEL 2&PID_TUBE 1', 'PID_MULTI_TOOL 1|PID_SUPER_TOOL_KIT 1', 'PID_FLAMER 1', 300),
(601, 'PID_IMPROVED_FLAMETHROWER', 'Получив новый опыт в механике, вы поняли, что систему подачи топлива и сопло можно было бы переделать, чтобы уменьшить разбрызгивание топлива. Требуется верстак.', 'ST_KNOWLEDGE_BALLISTIC 40&ST_KNOWLEDGE_MECHANICS 60&ST_KNOWLEDGE_CHEMISTRY 40', 'ST_KNOWLEDGE_BALLISTIC 60&ST_KNOWLEDGE_MECHANICS 80&ST_KNOWLEDGE_CHEMISTRY 60', 'PID_WELDING 2&PID_TECH_MECHANISM 3&PID_STEEL 3&PID_TUBE 1', 'PID_SUPER_TOOL_KIT 1', 'PID_MULTI_TOOL 1|PID_IMPROVED_FLAMETHROWER 1', 350),
(602, 'PID_ROCKET_LAUNCHER', 'Пожалуй самой сложной задачей здесь будет отыскать трубу нужного диаметра и достаточно прочную. Покрасьте ее в пастельный зеленый и установить неприхотливый спусковой механизм.', 'ST_KNOWLEDGE_BALLISTIC 120&ST_KNOWLEDGE_MECHANICS 40&ST_KNOWLEDGE_METALLURGY 40', 'ST_KNOWLEDGE_BALLISTIC 140&ST_KNOWLEDGE_MECHANICS 60&ST_KNOWLEDGE_METALLURGY 60', 'PID_MET_BARRELS_A2 1&PID_TRIGGER_SEMIAUTO 1&PID_TECH_MECHANISM 5&PID_WELDING 1&PID_STEEL 2', 'PID_SUPER_TOOL_KIT 1', 'PID_ROCKET_LAUNCHER 1', 400),
(603, 'PID_MINIGUN', 'При сборке минигана главное точность. Расположите 6 стволов строго по законам геометрии, и откалибруйте спусковой механизм. Требуется верстак.', 'ST_KNOWLEDGE_BALLISTIC 100&ST_KNOWLEDGE_MECHANICS 120&ST_KNOWLEDGE_METALLURGY 60', 'ST_KNOWLEDGE_BALLISTIC 120&ST_KNOWLEDGE_MECHANICS 140&ST_KNOWLEDGE_METALLURGY 80', 'PID_MET_BARRELS_A1 6&PID_TECH_ENGINE_MID 1&PID_TECH_MECHANISM 10&PID_TECH_MOVE_PARTS 4', 'PID_SUPER_TOOL_KIT 1', 'PID_MINIGUN 1', 500),
(604, 'PID_AVENGER_MINIGUN', 'У обычного минигана в целом все отлично кроме одного маленького недостатка, стволы слишком сильно греются от этого теряется точность и дальность. Обеспечьте достойное охлаждения стволов и усильте их сплав. Требуется верстак.', 'ST_KNOWLEDGE_BALLISTIC 120&ST_KNOWLEDGE_MECHANICS 140&ST_KNOWLEDGE_METALLURGY 60', 'ST_KNOWLEDGE_BALLISTIC 140&ST_KNOWLEDGE_MECHANICS 160&ST_KNOWLEDGE_METALLURGY 80', 'PID_MET_BARRELS_A1 6&PID_TECH_ENGINE_MID 1&PID_TECH_MECHANISM 10&PID_TECH_MOVE_PARTS 4&PID_TECH_GATLING_GRIP 1&PID_EL_COOLANT 1&PID_MET_BALLISTIC_METALL 2', 'PID_SUPER_TOOL_KIT 1', 'PID_AVENGER_MINIGUN 1', 750),
(605, 'PID_VINDICATOR_MINIGUN', 'Мощный пулемет, предназначенный даже для авиации, был адаптирован под пехоту. Требуется верстак.', 'ST_KNOWLEDGE_BALLISTIC 200&ST_KNOWLEDGE_MECHANICS 220&ST_KNOWLEDGE_METALLURGY 140&ST_KNOWLEDGE_ELECTRONICS 140', 'ST_KNOWLEDGE_BALLISTIC 220&ST_KNOWLEDGE_MECHANICS 260&ST_KNOWLEDGE_METALLURGY 160&ST_KNOWLEDGE_ELECTRONICS 160&PE_RATING 4', 'PID_MET_BARRELS_A2 6&PID_TECH_ENGINE_GUN 1&PID_TECH_GCU 1&PID_TECH_GATLING_CLUTCH 1&PID_TECH_DELINKER 1&PID_TECH_GATLING_GRIP 1&PID_EL_COOLANT 1&PID_MET_BALLISTIC_METALL 2', 'PID_SUPER_TOOL_KIT 1', 'PID_VINDICATOR_MINIGUN 1', 2000),
(606, 'PID_M60', 'Изготовить пулемет не имея основы. Для вас это не проблема тем более если речи идет об М-60.', 'ST_KNOWLEDGE_BALLISTIC 80&ST_KNOWLEDGE_MECHANICS 100&ST_KNOWLEDGE_METALLURGY 60', 'ST_KNOWLEDGE_BALLISTIC 100&ST_KNOWLEDGE_MECHANICS 120&ST_KNOWLEDGE_METALLURGY 80', 'PID_MET_BARRELS_A1 1&PID_TRIGGER_AUTO 1&PID_FIREWOOD 2&PID_STEEL 3&PID_TECH_MECHANISM 5&PID_WELDING 1&PID_MET_AMMOBELT 1', 'PID_SUPER_TOOL_KIT 1', 'PID_M60 1', 600),
(607, 'PID_LIGHT_SUPPORT_WEAPON', 'Соберите легкий пулемет поддержки. Требуется верстак.', 'ST_KNOWLEDGE_BALLISTIC 120&ST_KNOWLEDGE_MECHANICS 140&ST_KNOWLEDGE_METALLURGY 80', 'ST_KNOWLEDGE_BALLISTIC 140&ST_KNOWLEDGE_MECHANICS 160&ST_KNOWLEDGE_METALLURGY 100', 'PID_TRIGGER_AUTO 1&PID_MET_BARRELS_A2 1&PID_MET_BALLISTIC_METALL 2&PID_FIREWOOD 1&PID_TECH_MECHANISM 7&PID_WELDING 3', 'PID_SUPER_TOOL_KIT 1', 'PID_LIGHT_SUPPORT_WEAPON 1', 800),
(608, 'PID_BOZAR', 'Заменяйте малоподвижные части углепластиком, чтобы снизить итоговый вес. Требуется верстак.', 'ST_KNOWLEDGE_BALLISTIC 240&ST_KNOWLEDGE_MECHANICS 200&ST_KNOWLEDGE_METALLURGY 140&ST_KNOWLEDGE_OPTICS 140', 'ST_KNOWLEDGE_BALLISTIC 260&ST_KNOWLEDGE_MECHANICS 240&ST_KNOWLEDGE_METALLURGY 180&ST_KNOWLEDGE_OPTICS 180&PE_RATING 4', 'PID_TRIGGER_AUTO 1&PID_MET_BALLISTIC_METALL 3&PID_TECH_DELINKER 1&PID_TECH_GCU 1&PID_MET_CARBITEX 2&PID_OPT_SCOPE_LRT 1', 'PID_SUPER_TOOL_KIT 1', 'PID_BOZAR 1', 2000),
(620, 'PID_LASER_PISTOL', 'Комбинация простого лазерного целеуказателя с хорошими конденсаторами и источником энергии может сделать его вполне реальным оружием. Требуется верстак.', 'ST_KNOWLEDGE_MECHANICS 40&ST_KNOWLEDGE_ENERGETICS 40', 'ST_KNOWLEDGE_MECHANICS 60&ST_KNOWLEDGE_ENERGETICS 60', 'PID_TECH_LASER 1&PID_TRIGGER_ELECTRO 1&PID_EL_BATTERY 1&PID_EL_CONDENSATS 3&PID_STEEL 1', 'PID_MULTI_TOOL 1|PID_SUPER_TOOL_KIT 1', 'PID_LASER_PISTOL 1', 300),
(621, 'PID_MAGNETO_LASER_PISTOL', 'Установка специальных магнитов вокруг рубинового стержня уплотнит поток боевых фотонов. Требуется верстак.', 'ST_KNOWLEDGE_MECHANICS 40&ST_KNOWLEDGE_ENERGETICS 60', 'ST_KNOWLEDGE_MECHANICS 60&ST_KNOWLEDGE_ENERGETICS 80', 'PID_TECH_LASER 1&PID_TRIGGER_ELECTRO 1&PID_EL_BATTERY 2&PID_EL_CONDENSATS 5&PID_MET_WIRES_COPPER 2&PID_STEEL 1', 'PID_MULTI_TOOL 1|PID_SUPER_TOOL_KIT 1', 'PID_MAGNETO_LASER_PISTOL 1', 350),
(622, 'PID_LASER_SMG', 'Можно ускорить реакцию возникновения лазерного излучения с помощью катализатора, а ограничитель выходной мощности выпилить нафиг. Требуется верстак.', 'ST_KNOWLEDGE_MECHANICS 80&ST_KNOWLEDGE_ENERGETICS 80', 'ST_KNOWLEDGE_MECHANICS 100&ST_KNOWLEDGE_ENERGETICS 120', 'PID_TECH_LASER 1&PID_TRIGGER_ELECTRO 1&PID_POW_CELL_LASER 1&PID_EL_BATTERY 2&PID_EL_CONDENSATS 5&PID_MET_WIRES_COPPER 2&PID_TECH_MECHANISM 2&PID_STEEL 3', 'PID_SUPER_TOOL_KIT 1', 'PID_LASER_SMG 1', 2536),
(623, 'PID_PLASMA_PISTOL', 'По сути своей, плазма - раскаленный газ. Раскалять мы его будем лазером, осталось лишь преобразовать энергию в поток. Требуется верстак.', 'ST_KNOWLEDGE_MECHANICS 60&ST_KNOWLEDGE_ENERGETICS 80', 'ST_KNOWLEDGE_MECHANICS 80&ST_KNOWLEDGE_ENERGETICS 100', 'PID_TECH_LASER 1&PID_TRIGGER_ELECTRO 1&PID_PLASMA_TRANSFORMER 1&PID_EL_CONDENSATS 2', 'PID_MULTI_TOOL 1|PID_SUPER_TOOL_KIT 1', 'PID_PLASMA_PISTOL 1', 400),
(624, 'PID_PLASMA_PISTOL_EXT_CART', 'Вы можете модернизировать плазменный пистолет, увеличив вмещаемость зарядов за счет накопления остаточной энергии.', 'ST_KNOWLEDGE_MECHANICS 80&ST_KNOWLEDGE_ENERGETICS 80', 'ST_KNOWLEDGE_MECHANICS 100&ST_KNOWLEDGE_ENERGETICS 100', 'PID_TECH_LASER 1&PID_TRIGGER_ELECTRO 1&PID_PLASMA_TRANSFORMER 1&PID_EL_CONDENSATS 2&PID_EL_PLASM_CONDENSAT 2', 'PID_MULTI_TOOL 1|PID_SUPER_TOOL_KIT 1', 'PID_PLASMA_PISTOL_EXT_CART 1', 400),
(625, 'PID_LASER_RIFLE', 'Смонтировав в стволе орудия серию линз, и мощный излучатель, станок сделает вам отличную лазерную винтовку. Требуется верстак.', 'ST_KNOWLEDGE_MECHANICS 80&ST_KNOWLEDGE_ENERGETICS 100', 'ST_KNOWLEDGE_MECHANICS 100&ST_KNOWLEDGE_ENERGETICS 120', 'PID_TECH_LASER 2&PID_MET_BARRELS_A2 1&PID_TRIGGER_ELECTRO 1&PID_OPT_LENS 2&PID_EL_CONDENSATS 6&PID_STEEL 3', 'PID_SUPER_TOOL_KIT 1', 'PID_LASER_RIFLE 1', 450),
(626, 'PID_LASER_RIFLE_EXT_CAP', 'Лазерное оружие можно модернизировать, снабдив дополнительным местом для зарядов. Требуется верстак.', 'ST_KNOWLEDGE_MECHANICS 100&ST_KNOWLEDGE_ENERGETICS 100', 'ST_KNOWLEDGE_MECHANICS 120&ST_KNOWLEDGE_ENERGETICS 120', 'PID_TECH_LASER 2&PID_MET_BARRELS_A2 1&PID_TRIGGER_ELECTRO 1&PID_OPT_LENS 2&PID_EL_CONDENSATS 8&PID_STEEL 3&PID_POW_CUBE_LASER 1&PID_EL_CABLE 2', 'PID_SUPER_TOOL_KIT 1', 'PID_LASER_RIFLE_EXT_CAP 1', 480),
(627, 'PID_LASER_RIFLE_AUTO', 'Кульминация серии 2000-Ватт. Ускоряем реакцию излучения катализатором и снабжаем дополнительным накопителем для непрерывной стрельбы. Требуется верстак.', 'ST_KNOWLEDGE_MECHANICS 140&ST_KNOWLEDGE_ENERGETICS 160', 'ST_KNOWLEDGE_MECHANICS 160&ST_KNOWLEDGE_ENERGETICS 180', 'PID_TECH_LASER 2&PID_MET_BARRELS_A2 1&PID_TRIGGER_ELECTRO 1&PID_OPT_LENS 2&PID_EL_CONDENSATS 16&PID_STEEL 3&PID_POW_CUBE_LASER 1&PID_POW_CELL_LASER 1&PID_EL_CABLE 5', 'PID_SUPER_TOOL_KIT 1&PID_DEANS_ELECTRONICS 1', 'PID_LASER_RIFLE_AUTO 1', 3100),
(628, 'PID_PLASMA_RIFLE', 'Для стрельбы раскаленной плазмой нужен сверх высокий проводник. Требуется верстак.', 'ST_KNOWLEDGE_MECHANICS 120&ST_KNOWLEDGE_ENERGETICS 160', 'ST_KNOWLEDGE_MECHANICS 140&ST_KNOWLEDGE_ENERGETICS 180', 'PID_TECH_LASER 1&PID_TRIGGER_ELECTRO 1&PID_MET_BARRELS_A2 1&PID_EL_PLASM_CONDENSAT 6&PID_POW_CELL_PLASMA 1&PID_STEEL 2', 'PID_SUPER_TOOL_KIT 1', 'PID_PLASMA_RIFLE 1', 800),
(629, 'PID_TURBO_PLASMA_RIFLE', 'Вы можете модернизировать плазменное оружие, усилив его. Требуется верстак.', 'ST_KNOWLEDGE_MECHANICS 140&ST_KNOWLEDGE_ENERGETICS 200&ST_KNOWLEDGE_ELECTRONICS 140', 'ST_KNOWLEDGE_MECHANICS 160&ST_KNOWLEDGE_ENERGETICS 220&ST_KNOWLEDGE_ELECTRONICS 160&PE_RATING 4', 'PID_TECH_LASER 1&PID_TRIGGER_ELECTRO 1&PID_MET_BARRELS_A2 1&PID_EL_PLASM_CONDENSAT 12&PID_POW_CELL_PLASMA 2&PID_POW_CUBE_PLASMA 1&PID_EL_COOLANT 1&PID_STEEL 4', 'PID_SUPER_TOOL_KIT 1', 'PID_TURBO_PLASMA_RIFLE 1', 2000),
(630, 'PID_YK32_PULSE_PISTOL', 'Мощное лучевое оружие, основанное на беспроводной передаче энергии. Требуется верстак.', 'ST_KNOWLEDGE_MECHANICS 120&ST_KNOWLEDGE_ENERGETICS 200&ST_KNOWLEDGE_ELECTRONICS 100', 'ST_KNOWLEDGE_MECHANICS 140&ST_KNOWLEDGE_ENERGETICS 220&ST_KNOWLEDGE_ELECTRONICS 120', 'PID_TRIGGER_ELECTRO 1&PID_EL_PULSE_TRANS 1&PID_EL_BATTERY 2&PID_EL_CONDENSATS 16&PID_MET_WIRES_COPPER 2&PID_STEEL 2', 'PID_MULTI_TOOL 1|PID_SUPER_TOOL_KIT 1', 'PID_YK32_PULSE_PISTOL 1', 1000),
(631, 'PID_YK42B_PULSE_RIFLE', 'Мощное лучевое оружие, основанное на беспроводной передаче энергии. Требуется верстак.', 'ST_KNOWLEDGE_MECHANICS 140&ST_KNOWLEDGE_ENERGETICS 240&ST_KNOWLEDGE_ELECTRONICS 200', 'ST_KNOWLEDGE_MECHANICS 160&ST_KNOWLEDGE_ENERGETICS 280&ST_KNOWLEDGE_ELECTRONICS 220&PE_RATING 4', 'PID_TRIGGER_ELECTRO 1&PID_MET_BARRELS_A2 1&PID_TECH_GCU 1&PID_POW_CUBE_PULSE 1&PID_POW_CELL_PULSE 2&PID_EL_PULSE_TRANS 4&PID_STEEL 4', 'PID_SUPER_TOOL_KIT 1', 'PID_YK42B_PULSE_RIFLE 1', 2000),
(640, 'PID_MOLOTOV_COCKTAIL', 'Растворяйте пластик в кислоте до получения вязкой массы, затем разбавьте ее спиртом и разлейте по бутылкам. Пропитанная смесью ткань сработает как фитиль.', 'ST_KNOWLEDGE_CHEMISTRY 40&ST_KNOWLEDGE_BALLISTIC 40', 'ST_KNOWLEDGE_CHEMISTRY 60&ST_KNOWLEDGE_BALLISTIC 60', 'PID_BOTTLE_GLASS 20&PID_RAGS 20&PID_CHEM_ACID 1&PID_CHEM_ETHANOL 2&PID_MET_PLASTIC 4', 'PID_MULTI_TOOL 1|PID_SUPER_TOOL_KIT 1', 'PID_MOLOTOV_COCKTAIL 20', 300),
(641, 'PID_FRAG_GRENADE', 'Поместите взрывчатое вещевство в осколочную рубашку и придумайте простенький взрыватель.', 'ST_KNOWLEDGE_METALLURGY 40&ST_KNOWLEDGE_BALLISTIC 60', 'ST_KNOWLEDGE_METALLURGY 60&ST_KNOWLEDGE_BALLISTIC 80', 'PID_MET_BALLISTIC_METALL 3&PID_MET_PLUMBUM 2&PID_TNT 4', 'PID_MULTI_TOOL 1|PID_SUPER_TOOL_KIT 1', 'PID_FRAG_GRENADE 20', 400),
(642, 'PID_PLASMA_GRENADE', 'С помощью ионизатора накачайте раскаленный газ в обмотанный проволокой свинцовый корпус. Поместите нестабильный элемент в контейнер из тонкой стали.', 'ST_KNOWLEDGE_BALLISTIC 80&ST_KNOWLEDGE_ENERGETICS 80', 'ST_KNOWLEDGE_BALLISTIC 100&ST_KNOWLEDGE_ENERGETICS 100', 'PID_MET_BALLISTIC_METALL 2&PID_MET_PLUMBUM 3&PID_MET_WIRES_COPPER 4&PID_POW_CELL_PLASMA 1', 'PID_SUPER_TOOL_KIT 1', 'PID_PLASMA_GRENADE 20', 600),
(643, 'PID_PULSE_GRENADE', 'Задача не из простых - заставить образоваться электромагнитный импульс большой мощности в маленьком объекте. К счастью вы знаете, как это сделать. Требуется верстак.', 'ST_KNOWLEDGE_BALLISTIC 80&ST_KNOWLEDGE_ENERGETICS 120&ST_KNOWLEDGE_ELECTRONICS 100', 'ST_KNOWLEDGE_BALLISTIC 100&ST_KNOWLEDGE_ENERGETICS 140&ST_KNOWLEDGE_ELECTRONICS 120', 'PID_MET_BALLISTIC_METALL 2&PID_MET_WIRES_COPPER 4&PID_EL_CONDENSATS 15&PID_EL_BATTERY 15', 'PID_SUPER_TOOL_KIT 1', 'PID_PULSE_GRENADE 20', 800),
(644, 'PID_SMOKE_GRENADE', 'Поместите в тело гранаты химический состав для образования дыма и настройте взрыватель на смешение реагентов. Требуется верстак.', 'ST_KNOWLEDGE_BALLISTIC 120&ST_KNOWLEDGE_CHEMISTRY 140', 'ST_KNOWLEDGE_BALLISTIC 140&ST_KNOWLEDGE_CHEMISTRY 160', 'PID_MET_BALLISTIC_METALL 1&PID_MET_PLUMBUM 2&PID_TECH_DELINKER 1&PID_CHEM_CATALYST 1&PID_HEXOGEN 2', 'PID_SUPER_TOOL_KIT 1', 'PID_SMOKE_GRENADE 1', 1200),
(645, 'PID_MUSTARD_GAS_GRENADE', 'Поместите в тело гранаты химический состав для образования едкого газа и настройте взрыватель на смешение реагентов. Требуется верстак.', 'ST_KNOWLEDGE_BALLISTIC 120&ST_KNOWLEDGE_CHEMISTRY 140&ST_KNOWLEDGE_VIRUSOLOGY 140', 'ST_KNOWLEDGE_BALLISTIC 140&ST_KNOWLEDGE_CHEMISTRY 160&ST_KNOWLEDGE_VIRUSOLOGY 160', 'PID_MET_BALLISTIC_METALL 2&PID_MET_PLUMBUM 2&PID_TECH_MECHANISM 6&PID_CHEM_CATALYST 1&PID_CHEM_REACTIVE 1&PID_HEXOGEN 4', 'PID_SUPER_TOOL_KIT 1', 'PID_MUSTARD_GAS_GRENADE 5', 1500),
(646, 'PID_HAND_LAUNCHER', 'Переделайте муфту гатлинга в барабанную систему зарядки. Приладьте качественный ствол. Требуется верстак.', 'ST_KNOWLEDGE_BALLISTIC 240&ST_KNOWLEDGE_MECHANICS 140', 'ST_KNOWLEDGE_BALLISTIC 280&ST_KNOWLEDGE_MECHANICS 160&PE_RATING 8', 'PID_TRIGGER_SHOT 1&PID_TECH_GATLING_CLUTCH 1&PID_OPT_SCOPE_LRT 1&PID_TECH_MOVE_PARTS 2&PID_TECH_MECHANISM 8&PID_WELDING 2&PID_MET_BARRELS_A2 1', 'PID_SUPER_TOOL_KIT 1', 'PID_HAND_LAUNCHER 1', 2000),
(680, 'PID_10MM_JHP', 'Насыпьте пороха в гильзы, вбейте капсюль и вставьте пули, рецепт любого патрона. Требуется верстак.', 'ST_KNOWLEDGE_BALLISTIC 40&ST_KNOWLEDGE_METALLURGY 40', 'ST_KNOWLEDGE_BALLISTIC 60&ST_KNOWLEDGE_METALLURGY 60', 'PID_MET_SHELLS_PISTOL 100&PID_MET_PLUMBUM 4&PID_GUNPOWDER 4', 'PID_MULTI_TOOL 1', 'PID_10MM_JHP 100', 100),
(681, 'PID_10MM_AP', 'Усильте наконечники пуль, путем их закалки, ну чем не бронебойные патроны.', 'ST_KNOWLEDGE_BALLISTIC 60&ST_KNOWLEDGE_METALLURGY 40', 'ST_KNOWLEDGE_BALLISTIC 80&ST_KNOWLEDGE_METALLURGY 60', 'PID_MET_SHELLS_PISTOL 100&PID_MET_BALLISTIC_METALL 1&PID_GUNPOWDER 4', 'PID_MULTI_TOOL 1', 'PID_10MM_AP 100', 100),
(682, 'PID_10MM_HYDRA', 'Усильте пули баллистическим сплавом и взрывчатым зарядом для большей бронебойности.', 'ST_KNOWLEDGE_BALLISTIC 120&ST_KNOWLEDGE_METALLURGY 80', 'ST_KNOWLEDGE_BALLISTIC 140&ST_KNOWLEDGE_METALLURGY 100', 'PID_MET_SHELLS_PISTOL 60&PID_MET_BALLISTIC_METALL 3&PID_GUNPOWDER 4&PID_PLASTIC_EXPLOSIVES_DULL 1', 'PID_MULTI_TOOL 1', 'PID_10MM_HYDRA 60', 500),
(683, 'PID_10MM_APFIRE', 'Усильте пули баллистическим сплавом и залейте в сердечник воспламеняющуюся смесь.Требуется верстак.', 'ST_KNOWLEDGE_BALLISTIC 140&ST_KNOWLEDGE_METALLURGY 100&ST_KNOWLEDGE_CHEMISTRY 140', 'ST_KNOWLEDGE_BALLISTIC 160&ST_KNOWLEDGE_METALLURGY 120&ST_KNOWLEDGE_CHEMISTRY 180', 'PID_MET_SHELLS_PISTOL 60&PID_MET_BALLISTIC_METALL 3&PID_GUNPOWDER 3&PID_CHEM_REACTIVE 1', 'PID_SUPER_TOOL_KIT 1', 'PID_10MM_APFIRE 60', 600),
(684, 'PID_SHOTGUN_SHELLS', 'Отлейте тонкий пластиковый контейнер под 12 калибр, добавьте пороха и свинцовых шариков. Требуется верстак.', 'ST_KNOWLEDGE_BALLISTIC 80&ST_KNOWLEDGE_METALLURGY 60', 'ST_KNOWLEDGE_BALLISTIC 100&ST_KNOWLEDGE_METALLURGY 80', 'PID_MET_SHELLS_12CAL 100&PID_MET_PLUMBUM 5&PID_MET_PLASTIC 2&PID_GUNPOWDER 1', 'PID_MULTI_TOOL 1', 'PID_SHOTGUN_SHELLS 100', 100),
(685, 'PID_12MM_BULL', 'Отлейте тонкий пластиковый контейнер под 12 калибр, добавьте усиленную смесь пороха и тротила. Довершите начатое тяжелой стальной пулей. Требуется верстак.', 'ST_KNOWLEDGE_BALLISTIC 180&ST_KNOWLEDGE_METALLURGY 120', 'ST_KNOWLEDGE_BALLISTIC 200&ST_KNOWLEDGE_METALLURGY 160&PE_RATING 8', 'PID_MET_SHELLS_12CAL 40&PID_MET_BALLISTIC_METALL 2&PID_GUNPOWDER 4&PID_PLASTIC_EXPLOSIVES_DULL 2', 'PID_SUPER_TOOL_KIT 1', 'PID_12MM_BULL 40', 700);
INSERT INTO `craft` (`id`, `pid`, `description`, `param1`, `param2`, `items`, `tool`, `output`, `exp`) VALUES
(686, 'PID_12MM_FIRE', 'Отлейте тонкий пластиковый контейнер под 12 калибр, добавьте пороха и свинцовых шариков. Заполните пустоты легковоспаменимой смесью. Требуется верстак.', 'ST_KNOWLEDGE_BALLISTIC 120&ST_KNOWLEDGE_METALLURGY 100&ST_KNOWLEDGE_CHEMISTRY 140', 'ST_KNOWLEDGE_BALLISTIC 140&ST_KNOWLEDGE_METALLURGY 120&ST_KNOWLEDGE_CHEMISTRY 180', 'PID_MET_SHELLS_12CAL 20&PID_MET_PLUMBUM 2&PID_CHEM_REACTIVE 1', 'PID_SUPER_TOOL_KIT 1', 'PID_12MM_FIRE 20', 100),
(687, 'PID_44_MAGNUM_JHP', 'Насыпьте пороха в гильзы, вбейте капсюль и вставьте пули, рецепт любого патрона.', 'ST_KNOWLEDGE_BALLISTIC 60&ST_KNOWLEDGE_METALLURGY 60', 'ST_KNOWLEDGE_BALLISTIC 80&ST_KNOWLEDGE_METALLURGY 80', 'PID_MET_SHELLS_MAGNUM 80&PID_MET_PLUMBUM 4&PID_GUNPOWDER 2', 'PID_MULTI_TOOL 1', 'PID_44_MAGNUM_JHP 80', 100),
(688, 'PID_44_FMJ_MAGNUM', 'Насыпьте пороха в гильзы, вбейте капсюль и вставьте пули, рецепт любого патрона.', 'ST_KNOWLEDGE_BALLISTIC 80&ST_KNOWLEDGE_METALLURGY 60', 'ST_KNOWLEDGE_BALLISTIC 100&ST_KNOWLEDGE_METALLURGY 80', 'PID_MET_SHELLS_MAGNUM 80&PID_MET_BALLISTIC_METALL 2&PID_GUNPOWDER 2', 'PID_MULTI_TOOL 1', 'PID_44_FMJ_MAGNUM 80', 100),
(689, 'PID_14MM_AP', 'Насыпьте пороха в гильзы, вбейте капсюль и вставьте пули, рецепт любого патрона.', 'ST_KNOWLEDGE_BALLISTIC 100&ST_KNOWLEDGE_METALLURGY 80', 'ST_KNOWLEDGE_BALLISTIC 120&ST_KNOWLEDGE_METALLURGY 100', 'PID_MET_SHELLS_14MM 80&PID_MET_BALLISTIC_METALL 3&PID_GUNPOWDER 2', 'PID_MULTI_TOOL 1', 'PID_14MM_AP 80', 150),
(690, 'PID_14MM_EXPL', 'Насыпьте пороха в гильзы, вбейте капсюль и вставьте пули, рецепт любого патрона.', 'ST_KNOWLEDGE_BALLISTIC 240&ST_KNOWLEDGE_METALLURGY 200', 'ST_KNOWLEDGE_BALLISTIC 260&ST_KNOWLEDGE_METALLURGY 220&PE_RATING 8', 'PID_MET_SHELLS_14MM 10&PID_MET_BALLISTIC_METALL 4&PID_MET_PLUMBUM 3&PID_GUNPOWDER 3&PID_PLASTIC_EXPLOSIVES_DULL 3', 'PID_MULTI_TOOL 1', 'PID_14MM_EXPL 10', 150),
(692, 'PID_45_CALIBER_AMMO', 'Насыпьте пороха в гильзы, вбейте капсюль и вставьте пули, рецепт любого патрона. Требуется верстак.', 'ST_KNOWLEDGE_BALLISTIC 60&ST_KNOWLEDGE_METALLURGY 40', 'ST_KNOWLEDGE_BALLISTIC 80&ST_KNOWLEDGE_METALLURGY 60', 'PID_MET_SHELLS_PISTOL 100&PID_MET_PLUMBUM 4&PID_GUNPOWDER 2', 'PID_GUNS_AND_BULLETS 1&PID_MULTI_TOOL 1', 'PID_45_CALIBER_AMMO 100', 100),
(693, 'PID_45_AP', 'Вставьте цельнометалическую пулю вместо свинцовой, для большей бронебойности. Требуется верстак.', 'ST_KNOWLEDGE_BALLISTIC 80&ST_KNOWLEDGE_METALLURGY 60', 'ST_KNOWLEDGE_BALLISTIC 100&ST_KNOWLEDGE_METALLURGY 80', 'PID_MET_SHELLS_PISTOL 100&PID_MET_BALLISTIC_METALL 2&PID_GUNPOWDER 2', 'PID_GUNS_AND_BULLETS 1&PID_MULTI_TOOL 1', 'PID_45_AP 100', 100),
(694, 'PID_HN_NEEDLER_CARTRIDGE', 'Немного пороха, специальная пластиковая гильза, вот и готовы патроны для инъектора. Содержимое шприцов теперь, правда, совсем не лечебное.', 'ST_KNOWLEDGE_BALLISTIC 100&ST_KNOWLEDGE_PHARMACOLOGY 60', 'ST_KNOWLEDGE_BALLISTIC 120&ST_KNOWLEDGE_PHARMACOLOGY 80', 'PID_MET_PLASTIC 5&PID_MET_PLUMBUM 3&PID_GUNPOWDER 1', 'PID_MULTI_TOOL 1&PID_LIGHTER 1', 'PID_HN_NEEDLER_CARTRIDGE 80', 300),
(695, 'PID_HN_AP_NEEDLER_CARTRIDGE', 'Закалите иглы и обогатите их углеродом. Что ж, теперь эти крохи могут пробить даже хорошую броню.', 'ST_KNOWLEDGE_BALLISTIC 120&ST_KNOWLEDGE_PHARMACOLOGY 60', 'ST_KNOWLEDGE_BALLISTIC 140&ST_KNOWLEDGE_PHARMACOLOGY 80', 'PID_HN_NEEDLER_CARTRIDGE 40&PID_GUNPOWDER 1&PID_MET_BALLISTIC_METALL 1', 'PID_MULTI_TOOL 1', 'PID_HN_AP_NEEDLER_CARTRIDGE 40', 300),
(697, 'PID_2MM_EC_AMMO', 'Намагничивание небольших игл лучше отдать машине, ей же можно поручить изготовить обойму для них, Вам же останется самая важная роль – нажать на кнопку пуск и наблюдать. Требуется верстак.', 'ST_KNOWLEDGE_BALLISTIC 160&ST_KNOWLEDGE_METALLURGY 140&ST_KNOWLEDGE_ELECTRONICS 100', 'ST_KNOWLEDGE_BALLISTIC 180&ST_KNOWLEDGE_METALLURGY 160&ST_KNOWLEDGE_ELECTRONICS 120', 'PID_MET_BALLISTIC_METALL 6&PID_EL_CONDENSATS 6&PID_MET_WIRES_COPPER 4&PID_EL_PULSE_TRANS 1', 'PID_TECH_LASER 1', 'PID_2MM_EC_AMMO 120', 2500),
(698, 'PID_2MM_MAG', 'Вы хотите усилить собственный магнитный заряд 2мм игл? Тогда не жалейте ресурсов. Требуется верстак.', 'ST_KNOWLEDGE_BALLISTIC 220&ST_KNOWLEDGE_METALLURGY 200&ST_KNOWLEDGE_ELECTRONICS 120', 'ST_KNOWLEDGE_BALLISTIC 260&ST_KNOWLEDGE_METALLURGY 240&ST_KNOWLEDGE_ELECTRONICS 140&PE_RATING 8', 'PID_2MM_EC_AMMO 40&PID_MET_WIRES_STEEL 3&PID_POW_CELL_PULSE 1', 'PID_POW_CUBE_PULSE 1', 'PID_2MM_MAG 40', 2500),
(699, 'PID_5MM_JHP', 'Насыпьте пороха в гильзы, вбейте капсюль и вставьте пули, рецепт любого патрона.', 'ST_KNOWLEDGE_BALLISTIC 60&ST_KNOWLEDGE_METALLURGY 60', 'ST_KNOWLEDGE_BALLISTIC 80&ST_KNOWLEDGE_METALLURGY 80', 'PID_MET_SHELLS_5MM 300&PID_MET_PLUMBUM 5&PID_GUNPOWDER 5', 'PID_SUPER_TOOL_KIT 1', 'PID_5MM_JHP 300', 150),
(700, 'PID_5MM_AP', 'Усильте наконечники пуль, путем их закалки, ну чем не бронебойные патроны.', 'ST_KNOWLEDGE_BALLISTIC 80&ST_KNOWLEDGE_METALLURGY 60', 'ST_KNOWLEDGE_BALLISTIC 100&ST_KNOWLEDGE_METALLURGY 80', 'PID_MET_SHELLS_5MM 300&PID_MET_BALLISTIC_METALL 2&PID_GUNPOWDER 4', 'PID_SUPER_TOOL_KIT 1', 'PID_5MM_AP 300', 100),
(701, 'PID_7_62MM_AMMO', 'Насыпьте пороха в гильзы, вбейте капсюль и вставьте пули, рецепт любого патрона.', 'ST_KNOWLEDGE_BALLISTIC 80&ST_KNOWLEDGE_METALLURGY 80', 'ST_KNOWLEDGE_BALLISTIC 100&ST_KNOWLEDGE_METALLURGY 100', 'PID_MET_SHELLS_762 300&PID_MET_BALLISTIC_METALL 2&PID_GUNPOWDER 4', 'PID_SUPER_TOOL_KIT 1', 'PID_7_62MM_AMMO 300', 100),
(702, 'PID_223_FMJ', 'Насыпьте пороха в гильзы, вбейте капсюль и вставьте пули, рецепт любого патрона. Требуется верстак.', 'ST_KNOWLEDGE_BALLISTIC 100&ST_KNOWLEDGE_METALLURGY 80', 'ST_KNOWLEDGE_BALLISTIC 120&ST_KNOWLEDGE_METALLURGY 100', 'PID_MET_SHELLS_223 150&PID_MET_BALLISTIC_METALL 2&PID_GUNPOWDER 3', 'PID_SUPER_TOOL_KIT 1', 'PID_223_FMJ 150', 150),
(703, 'PID_4_7MM_CASELESS', 'Во-первых, потребуется много пластика для разрушаемых контейнеров. Во-вторых, это безгильзовые патроны, поэтому нужна исключительная точность. В-третьих, требуется верстак.', 'ST_KNOWLEDGE_BALLISTIC 140&ST_KNOWLEDGE_METALLURGY 120', 'ST_KNOWLEDGE_BALLISTIC 160&ST_KNOWLEDGE_METALLURGY 140', 'PID_MET_PLASTIC 20&PID_MET_BALLISTIC_METALL 5&PID_MET_PLUMBUM 6&PID_GUNPOWDER 7', 'PID_SUPER_TOOL_KIT 1&PID_BIG_BOOK_OF_SCIENCE 1&PID_LIGHTER 1', 'PID_4_7MM_CASELESS 300', 500),
(710, 'PID_FLAMETHROWER_FUEL', 'Найдите побольше пластика, растворяйте в кислотной среде, пока эта смесь не станет густой. Разбавьте спиртом.', 'ST_KNOWLEDGE_CHEMISTRY 60&ST_KNOWLEDGE_METALLURGY 40', 'ST_KNOWLEDGE_CHEMISTRY 80&ST_KNOWLEDGE_METALLURGY 60', 'PID_CHEM_ACID 1&PID_CHEM_ETHANOL 1&PID_MET_PLASTIC 12', 'NULL', 'PID_FLAMETHROWER_FUEL 50', 50),
(711, 'PID_FLAMETHROWER_FUEL_MK_II', 'Температуру горения можно увеличить, если получить при расворении пластика меньше примесей.', 'ST_KNOWLEDGE_CHEMISTRY 80&ST_KNOWLEDGE_METALLURGY 40', 'ST_KNOWLEDGE_CHEMISTRY 100&ST_KNOWLEDGE_METALLURGY 60', 'PID_CHEM_ACID 1&PID_CHEM_ETHANOL 1&PID_CHEM_CATALYST 1&PID_MET_PLASTIC 12', 'PID_CHEM_LAB 1', 'PID_FLAMETHROWER_FUEL_MK_II 40', 100),
(712, 'PID_NAPALM', 'Вместо обычного вьетнамского напалма мы сделаем пирогель с температурой горения под 1600 градусов и никому об этом не скажем.', 'ST_KNOWLEDGE_CHEMISTRY 240&ST_KNOWLEDGE_METALLURGY 100', 'ST_KNOWLEDGE_CHEMISTRY 280&ST_KNOWLEDGE_METALLURGY 120', 'PID_MET_PLASTIC 20&PID_CHEM_REACTIVE 2&PID_CHEM_ACID 1&PID_CHEM_CATALYST 1&PID_MINERAL 4', 'PID_CHEM_LAB 1', 'PID_NAPALM 10', 1000),
(720, 'PID_SMALL_ENERGY_CELL', 'Небольшие, но высокоемкие конденсаторы. Требуется верстак.', 'ST_KNOWLEDGE_ENERGETICS 60&ST_KNOWLEDGE_MECHANICS 40', 'ST_KNOWLEDGE_ENERGETICS 80&ST_KNOWLEDGE_MECHANICS 60', 'PID_EL_BATTERY 10&PID_EL_CONDENSATS 20&PID_MET_PLUMBUM 6&PID_MET_WIRES_COPPER 6&PID_URANIUM_ORE 3|PID_REFINED_ORE 3', 'PID_SUPER_TOOL_KIT 1&PID_BIG_BOOK_OF_SCIENCE 1', 'PID_SMALL_ENERGY_CELL 200', 400),
(721, 'PID_MICRO_FUSION_CELL', 'Необходимо обогатить ураном небольшое количество изотопа. Требуется верстак.', 'ST_KNOWLEDGE_ENERGETICS 160&ST_KNOWLEDGE_MECHANICS 80&ST_KNOWLEDGE_ELECTRONICS 80', 'ST_KNOWLEDGE_ENERGETICS 180&ST_KNOWLEDGE_MECHANICS 100&ST_KNOWLEDGE_ELECTRONICS 100', 'PID_SMALL_ENERGY_CELL 100&PID_EL_PLASM_CONDENSAT 2&PID_MET_WIRES_STEEL 3&PID_STEEL 4&PID_URANIUM_ORE 4|PID_REFINED_ORE 4', 'PID_SUPER_TOOL_KIT 1&PID_BIG_BOOK_OF_SCIENCE 1', 'PID_MICRO_FUSION_CELL 100', 550),
(730, 'PID_EXPLOSIVE_ROCKET', 'Вырежите корпус ракеты из баллистической стали. Насыпьте туда взрывчатого вещества, установите запал, а из тротила или пластида сделайте боеголовку.', 'ST_KNOWLEDGE_BALLISTIC 120&ST_KNOWLEDGE_METALLURGY 100', 'ST_KNOWLEDGE_BALLISTIC 140&ST_KNOWLEDGE_METALLURGY 120', 'PID_MET_BALLISTIC_METALL 4&PID_HEXOGEN 3&PID_CHEM_REACTIVE 1&PID_PLASTIC_EXPLOSIVES_DULL 2|PID_TNT 2', 'PID_MULTI_TOOL 1&PID_TECH_LASER 1', 'PID_EXPLOSIVE_ROCKET 20', 800),
(731, 'PID_ROCKET_AP', 'Вырежите корпус ракеты из баллистической стали. Насыпьте туда взрывчатого вещества, установите запал, а из остатков стали сделайте боеголовку.', 'ST_KNOWLEDGE_BALLISTIC 140&ST_KNOWLEDGE_METALLURGY 100', 'ST_KNOWLEDGE_BALLISTIC 160&ST_KNOWLEDGE_METALLURGY 120', 'PID_MET_BALLISTIC_METALL 6&PID_HEXOGEN 3&PID_CHEM_REACTIVE 1&PID_PLASTIC_EXPLOSIVES_DULL 1|PID_TNT 1', 'PID_MULTI_TOOL 1&PID_TECH_LASER 1', 'PID_ROCKET_AP 20', 720),
(740, 'PID_PG_FRAG', 'Из баллистической стали, гранаты и пороха, сделайте гранату 40мм.', 'ST_KNOWLEDGE_BALLISTIC 140&ST_KNOWLEDGE_MECHANICS 80&ST_KNOWLEDGE_METALLURGY 40', 'ST_KNOWLEDGE_BALLISTIC 160&ST_KNOWLEDGE_MECHANICS 100&ST_KNOWLEDGE_METALLURGY 60', 'PID_MET_BALLISTIC_METALL 1&PID_FRAG_GRENADE 20&PID_GUNPOWDER 4', 'PID_MULTI_TOOL 1', 'PID_PG_FRAG 20', 925),
(741, 'PID_PG_PLAS', 'Из баллистической стали, гранаты и пороха, сделайте гранату 40мм.', 'ST_KNOWLEDGE_BALLISTIC 120&ST_KNOWLEDGE_ENERGETICS 120&ST_KNOWLEDGE_METALLURGY 40', 'ST_KNOWLEDGE_BALLISTIC 140&ST_KNOWLEDGE_ENERGETICS 140&ST_KNOWLEDGE_METALLURGY 60', 'PID_MET_BALLISTIC_METALL 1&PID_PLASMA_GRENADE 20&PID_GUNPOWDER 4', 'PID_MULTI_TOOL 1', 'PID_PG_PLAS 20', 925),
(742, 'PID_PG_PULS', 'Из баллистической стали, гранаты и пороха, сделайте гранату 40мм.', 'ST_KNOWLEDGE_BALLISTIC 120&ST_KNOWLEDGE_ENERGETICS 140&ST_KNOWLEDGE_ELECTRONICS 100', 'ST_KNOWLEDGE_BALLISTIC 140&ST_KNOWLEDGE_ENERGETICS 160&ST_KNOWLEDGE_ELECTRONICS 120', 'PID_MET_BALLISTIC_METALL 1&PID_PULSE_GRENADE 20&PID_GUNPOWDER 4', 'PID_MULTI_TOOL 1', 'PID_PG_PULS 20', 925),
(743, 'PID_80MM_AMMO', 'Перепаяйте обычные гранатометные снаряды до калибра 80мм и усильте мощность взрыва. Требуется военная произв. установка.', 'ST_KNOWLEDGE_METALLURGY 180&ST_KNOWLEDGE_BALLISTIC 260&ST_KNOWLEDGE_MECHANICS 120', 'ST_KNOWLEDGE_METALLURGY 200&ST_KNOWLEDGE_BALLISTIC 280&ST_KNOWLEDGE_MECHANICS 140', 'PID_WELDING 1&PID_PLASTIC_EXPLOSIVES_DULL 4&PID_HEXOGEN 3&PID_CHEM_REACTIVE 1&PID_EXPLOSIVE_ROCKET 12|PID_ROCKET_AP 12', 'NULL', 'PID_80MM_AMMO 6', 1000),
(750, 'PID_TRAP_KIT', 'Соберите необходимые запчасти для установки ловушек в одном универсальном наборе.', 'ST_KNOWLEDGE_METALLURGY 100&ST_KNOWLEDGE_MECHANICS 120', 'ST_KNOWLEDGE_METALLURGY 120&ST_KNOWLEDGE_MECHANICS 140', 'PID_MET_WIRES_COPPER 3&PID_MET_WIRES_STEEL 1&PID_POCKET_LINT 6&PID_GUNPOWDER 1&PID_NAILS 10&PID_MET_LEATHER 1', 'PID_SUPER_TOOL_KIT 1', 'PID_TRAP_TOOLKIT 1', 600),
(751, 'PID_DYNAMITE', 'Смешайте нитроглицерин с абсорбентом для получения клейкой массы. Перемешайте её с опилками, скатайте в цилиндры и дайте высохнуть. Присоедините взрыватель.', 'ST_KNOWLEDGE_BALLISTIC 120&ST_KNOWLEDGE_CHEMISTRY 100', 'ST_KNOWLEDGE_BALLISTIC 140&ST_KNOWLEDGE_CHEMISTRY 120', 'PID_NITROGLYCERIN 1&PID_MINERAL 1&PID_FIREWOOD 1&PID_TECH_MECHANISM 1&PID_MET_SHELLS_12CAL 1&PID_GUNPOWDER 1', 'PID_SUPER_TOOL_KIT 1', 'PID_DYNAMITE 1', 600),
(752, 'PID_PLASTIC_EXPLOSIVES', 'Соберите радиодетонатор из запчастей и старого радио. Требуется верстак.', 'ST_KNOWLEDGE_BALLISTIC 140&ST_KNOWLEDGE_CHEMISTRY 120&ST_KNOWLEDGE_ELECTRONICS 80', 'ST_KNOWLEDGE_BALLISTIC 160&ST_KNOWLEDGE_CHEMISTRY 140&ST_KNOWLEDGE_ELECTRONICS 100', 'PID_PLASTIC_EXPLOSIVES_DULL 2&PID_TECH_MECHANISM 3&PID_MET_SHELLS_12CAL 3&PID_RADIO 3', 'PID_SUPER_TOOL_KIT 1', 'PID_PLASTIC_EXPLOSIVES 3', 800),
(753, 'PID_MINE', 'Отлейте пластиковый корпус для мины и высыпьте внутрь гексоген, соорудите простенький взрыватель с использованием капсюля ружейного патрона.', 'ST_KNOWLEDGE_BALLISTIC 160&ST_KNOWLEDGE_CHEMISTRY 120&ST_KNOWLEDGE_MECHANICS 120', 'ST_KNOWLEDGE_BALLISTIC 180&ST_KNOWLEDGE_CHEMISTRY 140&ST_KNOWLEDGE_MECHANICS 140', 'PID_HEXOGEN 2&PID_MET_PLASTIC 6&PID_TECH_MECHANISM 3&PID_MET_SHELLS_12CAL 3&PID_GUNPOWDER 2', 'PID_SUPER_TOOL_KIT 1&PID_LIGHTER 1', 'PID_MINE 3', 700),
(754, 'PID_MINE_PP', 'Используйте куски свинца и стали для добавления множества разлетающихся осколков к поражающим факторам. Но дополнительный вес неминуемо уменьшит урон от самого взрыва. Требуется верстак.', 'ST_KNOWLEDGE_BALLISTIC 180&ST_KNOWLEDGE_CHEMISTRY 120&ST_KNOWLEDGE_MECHANICS 140', 'ST_KNOWLEDGE_BALLISTIC 200&ST_KNOWLEDGE_CHEMISTRY 140&ST_KNOWLEDGE_MECHANICS 160', 'PID_HEXOGEN 2&PID_MET_PLASTIC 6&PID_TECH_MECHANISM 3&PID_MET_SHELLS_12CAL 3&PID_GUNPOWDER 2&PID_MET_PLUMBUM 3&PID_STEEL 3', 'PID_SUPER_TOOL_KIT 1&PID_LIGHTER 1', 'PID_MINE_PP 3', 800),
(755, 'PID_MINE_PLASMA', 'Соорудите несколько плазменных мин. Требуется верстак.', 'ST_KNOWLEDGE_BALLISTIC 180&ST_KNOWLEDGE_ENERGETICS 120&ST_KNOWLEDGE_MECHANICS 140', 'ST_KNOWLEDGE_BALLISTIC 200&ST_KNOWLEDGE_ENERGETICS 140&ST_KNOWLEDGE_MECHANICS 160', 'PID_MET_PLASTIC 6&PID_MET_PLUMBUM 3&PID_MET_SHELLS_12CAL 3&PID_TECH_MECHANISM 3&PID_MET_WIRES_COPPER 9&PID_POW_CELL_PLASMA 1', 'PID_SUPER_TOOL_KIT 1&PID_LIGHTER 1', 'PID_MINE_PLASMA 3', 1000),
(756, 'PID_MINE_PULS', 'Соорудите несколько импульсных мин. Требуется верстак.', 'ST_KNOWLEDGE_BALLISTIC 180&ST_KNOWLEDGE_ENERGETICS 140&ST_KNOWLEDGE_MECHANICS 140', 'ST_KNOWLEDGE_BALLISTIC 200&ST_KNOWLEDGE_ENERGETICS 160&ST_KNOWLEDGE_MECHANICS 160', 'PID_MET_PLASTIC 6&PID_MET_PLUMBUM 3&PID_MET_SHELLS_12CAL 3&PID_TECH_MECHANISM 3&PID_MET_WIRES_COPPER 9&PID_EL_CONDENSATS 15&PID_EL_BATTERY 9', 'PID_SUPER_TOOL_KIT 1&PID_LIGHTER 1', 'PID_MINE_PULS 3', 1200),
(757, 'PID_MINE_STAN', 'Соорудите несколько светошумовых мин. Требуется верстак.', 'ST_KNOWLEDGE_BALLISTIC 180&ST_KNOWLEDGE_OPTICS 140&ST_KNOWLEDGE_MECHANICS 140', 'ST_KNOWLEDGE_BALLISTIC 200&ST_KNOWLEDGE_OPTICS 160&ST_KNOWLEDGE_MECHANICS 160', 'PID_MET_PLASTIC 6&PID_MET_SHELLS_12CAL 3&PID_TECH_MECHANISM 3&PID_STAN_GRENADE 3', 'PID_SUPER_TOOL_KIT 1&PID_LIGHTER 1', 'PID_MINE_STAN 3', 1600),
(758, 'PID_GUNPOWDER', 'Используйте кислоту для получения калийной селитры, смешайте 6 частей селитры с 1 частью угля и 1 серы. Требуется верстак.', 'ST_KNOWLEDGE_BALLISTIC 100&ST_KNOWLEDGE_CHEMISTRY 140&ST_KNOWLEDGE_METALLURGY 80', 'ST_KNOWLEDGE_BALLISTIC 120&ST_KNOWLEDGE_CHEMISTRY 160&ST_KNOWLEDGE_METALLURGY 100', 'PID_CHEM_ACID 2&PID_MINERAL 5&PID_FIREWOOD 2', 'PID_SUPER_TOOL_KIT 1', 'PID_GUNPOWDER 12', 400),
(759, 'PID_TNT', 'Вливайте азотную кислоту в толуол, постоянно нагревая. Получившийся осадок просушите. Готово. Требуется верстак.', 'ST_KNOWLEDGE_BALLISTIC 120&ST_KNOWLEDGE_CHEMISTRY 160', 'ST_KNOWLEDGE_BALLISTIC 140&ST_KNOWLEDGE_CHEMISTRY 180', 'PID_CHEM_ACID 3&PID_BOTTLE_FULL 3|PID_CHEM_WATER_CLEAN 2', 'PID_CHEM_BURNER 1|PID_CHEM_LAB 1', 'PID_TNT 6', 400),
(760, 'PID_HEXOGEN', 'Получите нитрат аммония смешиванием собственной мочи с азотной кислотой и выпариванием. Залейте второй частью кислоты, охлаждайте, процедите осадок.', 'ST_KNOWLEDGE_BALLISTIC 120&ST_KNOWLEDGE_CHEMISTRY 160&ST_KNOWLEDGE_METALLURGY 80', 'ST_KNOWLEDGE_BALLISTIC 140&ST_KNOWLEDGE_CHEMISTRY 180&ST_KNOWLEDGE_METALLURGY 100', 'PID_CHEM_CATALYST 2&PID_CHEM_ACID 3&PID_RAGS 3&PID_BOTTLE_FULL 3|PID_CHEM_WATER_CLEAN 2', 'PID_CHEM_NITROGEN 1&PID_CHEM_BURNER 1|PID_CHEM_LAB 1', 'PID_HEXOGEN 10', 600),
(761, 'PID_PLASTIC_EXPLOSIVES_DULL', 'Нагрейте пластик до плавления и вмешивайте в него порошок гексогена. Всё, теперь он удобен для хранения.', 'ST_KNOWLEDGE_BALLISTIC 160&ST_KNOWLEDGE_CHEMISTRY 180&ST_KNOWLEDGE_METALLURGY 100', 'ST_KNOWLEDGE_BALLISTIC 180&ST_KNOWLEDGE_CHEMISTRY 200&ST_KNOWLEDGE_METALLURGY 120', 'PID_MET_PLASTIC 8&PID_HEXOGEN 2', 'PID_CHEM_BURNER 1|PID_CHEM_LAB 1', 'PID_PLASTIC_EXPLOSIVES_DULL 3', 800),
(762, 'PID_NITROGLYCERIN', 'Отделите жир от мяса, смешивайте с азотной и серной кислотой для получения нитроглицерина. Следите за тем, чтобы смесь не перегревалась во время реакции.', 'ST_KNOWLEDGE_BALLISTIC 120&ST_KNOWLEDGE_CHEMISTRY 200&ST_KNOWLEDGE_METALLURGY 120', 'ST_KNOWLEDGE_BALLISTIC 140&ST_KNOWLEDGE_CHEMISTRY 220&ST_KNOWLEDGE_METALLURGY 140', 'PID_MEAT 2&PID_CHEM_ACID 1&PID_BOTTLE_FULL 2|PID_CHEM_WATER_CLEAN 1', 'NULL', 'PID_NITROGLYCERIN 10', 800),
(780, 'PID_HEALING_POWDER', 'Разотрите камнем высушенные на солнце ингредиенты и заверните в тряпочку.', 'ST_KNOWLEDGE_PHARMACOLOGY 60&ST_KNOWLEDGE_CHEMISTRY 20&ST_KNOWLEDGE_BIOLOGY 20', 'ST_KNOWLEDGE_PHARMACOLOGY 80&ST_KNOWLEDGE_CHEMISTRY 40&ST_KNOWLEDGE_BIOLOGY 40', 'PID_RAGS 10&PID_XANDER_ROOT 10&PID_BROC_FLOWER 10', 'PID_ROCK 1', 'PID_HEALING_POWDER 10', 250),
(781, 'PID_STIMPAK', 'Растворите таблетки в чистой воде, наполните этой смесью стеклянный шприц и прокипятите. Потом простерилизуйте иглу спиртом.', 'ST_KNOWLEDGE_PHARMACOLOGY 80&ST_KNOWLEDGE_CHEMISTRY 40&ST_KNOWLEDGE_BIOLOGY 40', 'ST_KNOWLEDGE_PHARMACOLOGY 100&ST_KNOWLEDGE_CHEMISTRY 60&ST_KNOWLEDGE_BIOLOGY 60', 'PID_CHEM_WATER_CLEAN 2&PID_HYPODERMIC_NEEDLE 25&PID_CHEM_MEDS_WEAK 2', 'PID_CHEM_ETHANOL 1&PID_CHEM_BURNER 1|PID_CHEM_LAB 1', 'PID_STIMPAK 25', 500),
(782, 'PID_SUPER_STIMPAK', 'Для начала увеличьте емкость лекарственного вещества, затем сконцентрируйте содержимое стимпаков с добавлением новых соединений. Полученным зельем зарядите суперстипак.', 'ST_KNOWLEDGE_PHARMACOLOGY 140&ST_KNOWLEDGE_CHEMISTRY 60&ST_KNOWLEDGE_BIOLOGY 80', 'ST_KNOWLEDGE_PHARMACOLOGY 160&ST_KNOWLEDGE_CHEMISTRY 80&ST_KNOWLEDGE_BIOLOGY 100', 'PID_CHEM_WATER_CLEAN 2&PID_STIMPAK 10&PID_CHEM_CATALYST 1&PID_CHEM_MEDS_WEAK 3', 'PID_CHEM_ETHANOL 1&PID_CHEM_LAB 1', 'PID_SUPER_STIMPAK 10', 1000),
(783, 'PID_RADAWAY', 'Чистый спирт в сочетании с мочегонными поможет избавиться от накопившейся радиции. Требуется верстак.', 'ST_KNOWLEDGE_PHARMACOLOGY 120&ST_KNOWLEDGE_VIRUSOLOGY 60&ST_KNOWLEDGE_BIOLOGY 80', 'ST_KNOWLEDGE_PHARMACOLOGY 140&ST_KNOWLEDGE_VIRUSOLOGY 80&ST_KNOWLEDGE_BIOLOGY 100', 'PID_CHEM_ETHANOL 2&PID_CHEM_WATER_CLEAN 1&PID_CHEM_MEDS_WEAK 1&PID_RAD_X 1', 'PID_CHEM_LAB 1', 'PID_RADAWAY 1', 600),
(784, 'PID_RAD_X', 'Растворите гранулы поливитаминов в грудном сборе и спрессуйте осадок в пищевые капсулы. Требуется верстак.', 'ST_KNOWLEDGE_PHARMACOLOGY 120&ST_KNOWLEDGE_CHEMISTRY 80&ST_KNOWLEDGE_BIOLOGY 80', 'ST_KNOWLEDGE_PHARMACOLOGY 140&ST_KNOWLEDGE_CHEMISTRY 100&ST_KNOWLEDGE_BIOLOGY 100', 'PID_CHEM_ETHANOL 1&PID_CHEM_MEDS_WEAK 1&PID_HEALING_POWDER 1', 'PID_CHEM_LAB 1', 'PID_RAD_X 1', 600),
(785, 'PID_PSYCHO', 'Выделите сильнодействующие вещества из мощных медикаментов, используя качественные реактивы и катализатор. Полученные реагенты смешайте с дистиллированной водой для получения однородного раствора.', 'ST_KNOWLEDGE_PHARMACOLOGY 200&ST_KNOWLEDGE_CHEMISTRY 140&ST_KNOWLEDGE_BIOLOGY 140', 'ST_KNOWLEDGE_PHARMACOLOGY 220&ST_KNOWLEDGE_CHEMISTRY 160&ST_KNOWLEDGE_BIOLOGY 160', 'PID_CHEM_WATER_CLEAN 4&PID_CHEM_MEDS_HARD 2&PID_CHEM_CATALYST 3&PID_CHEM_REACTIVE 2', 'PID_CHEM_ETHANOL 1&PID_CHEM_LAB 1', 'PID_PSYCHO 5', 3000),
(786, 'PID_MENTATS', 'Тяжелые наркотики имеют тяжелые откаты. Если вы готовы с этим смириться, то есть способ растянуть позитивный эффект.', 'ST_KNOWLEDGE_PHARMACOLOGY 220&ST_KNOWLEDGE_CHEMISTRY 160&ST_KNOWLEDGE_BIOLOGY 120', 'ST_KNOWLEDGE_PHARMACOLOGY 240&ST_KNOWLEDGE_CHEMISTRY 180&ST_KNOWLEDGE_BIOLOGY 140', 'PID_CHEM_MEDS_HARD 1&PID_CHEM_CATALYST 1&PID_CHEM_REACTIVE 1', 'PID_CHEM_LAB 1', 'PID_MENTATS 4', 3000),
(787, 'PID_BUFFOUT', 'Стероиды очень вредны, но иногда выбора просто не остается.', 'ST_KNOWLEDGE_PHARMACOLOGY 220&ST_KNOWLEDGE_CHEMISTRY 140&ST_KNOWLEDGE_BIOLOGY 160', 'ST_KNOWLEDGE_PHARMACOLOGY 240&ST_KNOWLEDGE_CHEMISTRY 160&ST_KNOWLEDGE_BIOLOGY 180', 'PID_CHEM_MEDS_HARD 1&PID_CHEM_MEDS_WEAK 1&PID_CHEM_CATALYST 1&PID_CHEM_ACID 1', 'PID_CHEM_LAB 1', 'PID_BUFFOUT 4', 3000),
(788, 'PID_ANTIDOTE', 'Растворите антибиотики в спиртовой среде для быстрого усваивания организмом.', 'ST_KNOWLEDGE_PHARMACOLOGY 80&ST_KNOWLEDGE_VIRUSOLOGY 80&ST_KNOWLEDGE_BIOLOGY 60', 'ST_KNOWLEDGE_PHARMACOLOGY 100&ST_KNOWLEDGE_VIRUSOLOGY 100&ST_KNOWLEDGE_BIOLOGY 80', 'PID_CHEM_WATER_CLEAN 1&PID_CHEM_MEDS_WEAK 1&PID_CHEM_ETHANOL 1', 'PID_CHEM_LAB 1', 'PID_ANTIDOTE 5', 500),
(800, 'PID_FIRST_AID_KIT', 'Бинты, спирт для промывки ран и другие полезные вещи в сумке из кожи многострадального гекко. Или не гекко...', 'ST_KNOWLEDGE_PHARMACOLOGY 100&ST_KNOWLEDGE_BIOLOGY 100', 'ST_KNOWLEDGE_PHARMACOLOGY 120&ST_KNOWLEDGE_BIOLOGY 120', 'PID_RAGS 5&PID_CHEM_ETHANOL 1&PID_ANTIDOTE 1&PID_CHEM_MEDS_WEAK 1&PID_MET_LEATHER 1', 'NULL', 'PID_FIRST_AID_KIT 1', 600),
(801, 'PID_FIELD_MEDIC_KIT', 'Никто не может знать, с какими трудностями ему предстоит столкнуться. Соберите столько лечащих средств в одном месте, насколько вам позволяет фантазия.', 'ST_KNOWLEDGE_PHARMACOLOGY 140&ST_KNOWLEDGE_BIOLOGY 120', 'ST_KNOWLEDGE_PHARMACOLOGY 160&ST_KNOWLEDGE_BIOLOGY 140', 'PID_STIMPAK 10&PID_CHEM_MEDS_WEAK 4&PID_RAGS 10&PID_HYPODERMIC_NEEDLE 3&PID_CHEM_ETHANOL 2&PID_BOTTLE_FULL 4|PID_CHEM_WATER_CLEAN 2', 'NULL', 'PID_FIELD_MEDIC_KIT 1', 800),
(802, 'PID_DOCTORS_BAG', 'Залог успеха любой хирургической операции - стерильность и качество инструментов.', 'ST_KNOWLEDGE_PHARMACOLOGY 140&ST_KNOWLEDGE_BIOLOGY 140', 'ST_KNOWLEDGE_PHARMACOLOGY 160&ST_KNOWLEDGE_BIOLOGY 160', 'PID_CHEM_ETHANOL 1&PID_FIRST_AID_KIT 1&PID_SHIV 1&PID_CHEM_MEDS_WEAK 3&PID_BOTTLE_FULL 2|PID_CHEM_WATER_CLEAN 1', 'NULL', 'PID_DOCTORS_BAG 1', 800),
(803, 'PID_PARAMEDICS_BAG', 'Для проведения сложных операций в полевых условиях могут потребоваться дополнительные материалы.', 'ST_KNOWLEDGE_PHARMACOLOGY 160&ST_KNOWLEDGE_BIOLOGY 160', 'ST_KNOWLEDGE_PHARMACOLOGY 180&ST_KNOWLEDGE_BIOLOGY 180', 'PID_CHEM_MEDS_HARD 1&PID_DOCTORS_BAG 1&PID_CHEM_MEDS_WEAK 2&PID_CHEM_ACID 1&PID_TECH_LASER 1', 'NULL', 'PID_PARAMEDICS_BAG 1', 1000),
(804, 'PID_LOCKPICKS', 'Вы разбираетесь в этом деле и можете сами себе изготовить отмычки. В красивом кожаном чехле.', 'ST_KNOWLEDGE_METALLURGY 100&ST_KNOWLEDGE_MECHANICS 100', 'ST_KNOWLEDGE_METALLURGY 120&ST_KNOWLEDGE_MECHANICS 120', 'PID_METAL_TRASH 1&PID_MET_LEATHER 1', 'PID_MULTI_TOOL 1', 'PID_LOCKPICKS 1', 150),
(805, 'PID_EXP_LOCKPICK_SET', 'Профессионалы вроде вас работают только с качественными инструментами!', 'ST_KNOWLEDGE_METALLURGY 100&ST_KNOWLEDGE_MECHANICS 120', 'ST_KNOWLEDGE_METALLURGY 120&ST_KNOWLEDGE_MECHANICS 140', 'PID_LOCKPICKS 2&PID_MULTI_TOOL 1&PID_TECH_MECHANISM 1', 'PID_SUPER_TOOL_KIT 1', 'PID_EXP_LOCKPICK_SET 1', 300),
(806, 'PID_ELECTRONIC_LOCKPICKS', 'Требуется верстак.', 'ST_KNOWLEDGE_METALLURGY 100&ST_KNOWLEDGE_MECHANICS 120&ST_KNOWLEDGE_ELECTRONICS 120', 'ST_KNOWLEDGE_METALLURGY 120&ST_KNOWLEDGE_MECHANICS 140&ST_KNOWLEDGE_ELECTRONICS 140', 'PID_EL_MICROCHIPS 1&PID_V15_COMPUTER_PART 1&PID_TECH_MECHANISM 2&PID_EL_BATTERY 2&PID_EL_CONDENSATS 1&PID_MET_WIRES_COPPER 1', 'PID_SUPER_TOOL_KIT 1', 'PID_ELECTRONIC_LOCKPICKS 1', 1000),
(807, 'PID_ELEC_LOCKPICK_MKII', 'Требуется верстак.', 'ST_KNOWLEDGE_METALLURGY 100&ST_KNOWLEDGE_MECHANICS 140&ST_KNOWLEDGE_ELECTRONICS 140', 'ST_KNOWLEDGE_METALLURGY 120&ST_KNOWLEDGE_MECHANICS 160&ST_KNOWLEDGE_ELECTRONICS 160', 'PID_EL_INTERFACE 1&PID_EL_MICROCHIPS 6&PID_V15_COMPUTER_PART 3&PID_TECH_MECHANISM 3&PID_EL_BATTERY 3&PID_EL_CONDENSATS 6&PID_MET_WIRES_COPPER 3', 'PID_SUPER_TOOL_KIT 1', 'PID_ELEC_LOCKPICK_MKII 1', 1200),
(808, 'PID_MULTI_TOOL', 'Соберите на верстаке универсальные инструменты.', 'ST_KNOWLEDGE_METALLURGY 120&ST_KNOWLEDGE_MECHANICS 120', 'ST_KNOWLEDGE_METALLURGY 140&ST_KNOWLEDGE_MECHANICS 140', 'PID_TECH_MECHANISM 3&PID_STEEL 1&PID_METAL_TRASH 3', 'NULL', 'PID_MULTI_TOOL 3', 400),
(809, 'PID_SUPER_TOOL_KIT', 'Чего только иногда не требуется для успешных ремонтных работ. Требуется верстак.', 'ST_KNOWLEDGE_METALLURGY 160&ST_KNOWLEDGE_MECHANICS 180', 'ST_KNOWLEDGE_METALLURGY 180&ST_KNOWLEDGE_MECHANICS 200', 'PID_TECH_MECHANISM 6&PID_MET_WIRES_STEEL 1&PID_STEEL 3&PID_METAL_TRASH 6&PID_MULTI_TOOL 6&PID_WELDING 1&PID_EL_BATTERY 1', 'NULL', 'PID_SUPER_TOOL_KIT 1', 1200),
(810, 'PID_MOTION_SENSOR', 'Из миросхемы и дополнительных деталей вы можете собрать сенсор движения. Требуется верстак.', 'ST_KNOWLEDGE_OPTICS 60&ST_KNOWLEDGE_MECHANICS 120&ST_KNOWLEDGE_ELECTRONICS 120', 'ST_KNOWLEDGE_OPTICS 80&ST_KNOWLEDGE_MECHANICS 140&ST_KNOWLEDGE_ELECTRONICS 140', 'PID_V15_COMPUTER_PART 1&PID_EL_INTERFACE 1&PID_EL_MICROCHIPS 1&PID_MET_WIRES_COPPER 1&PID_MET_PLASTIC 2', 'PID_SUPER_TOOL_KIT 1&PID_LIGHTER 1', 'PID_MOTION_SENSOR 1', 400),
(811, 'PID_STEALTH_BOY', 'Соберите персональное маскриующее устройство, работающее по принципу преломления света. Требуется верстак.', 'ST_KNOWLEDGE_OPTICS 120&ST_KNOWLEDGE_MECHANICS 120&ST_KNOWLEDGE_ELECTRONICS 140', 'ST_KNOWLEDGE_OPTICS 140&ST_KNOWLEDGE_MECHANICS 140&ST_KNOWLEDGE_ELECTRONICS 160', 'PID_V15_COMPUTER_PART 1&PID_TECH_MECHANISM 2&PID_EL_MICROCHIPS 1&PID_OPT_LENS 8', 'PID_SUPER_TOOL_KIT 1', 'PID_STEALTH_BOY 1', 700),
(812, 'PID_GEIGER_COUNTER', 'Настройте датчики на считывание уровня радиации и выведите данные на экран. Требуется верстак.', 'ST_KNOWLEDGE_VIRUSOLOGY 120&ST_KNOWLEDGE_MECHANICS 120&ST_KNOWLEDGE_ELECTRONICS 140', 'ST_KNOWLEDGE_VIRUSOLOGY 140&ST_KNOWLEDGE_MECHANICS 140&ST_KNOWLEDGE_ELECTRONICS 160', 'PID_V15_COMPUTER_PART 1&PID_EL_INTERFACE 1&PID_EL_MICROCHIPS 1&PID_MET_WIRES_COPPER 1&PID_EL_BATTERY 3&PID_MET_PLASTIC 2', 'PID_SUPER_TOOL_KIT 1', 'PID_GEIGER_COUNTER 1', 1000),
(813, 'PID_SPECTACLES', 'Две линзы в проволочной оправе. Безо всяких там реактивов, трития и лазерных трубок. Просто две линзы в проволочной оправе.', 'ST_KNOWLEDGE_METALLURGY 120&ST_KNOWLEDGE_OPTICS 120', 'ST_KNOWLEDGE_METALLURGY 140&ST_KNOWLEDGE_OPTICS 140', 'PID_MET_WIRES_STEEL 1&PID_OPT_LENS 2', 'PID_MULTI_TOOL 1', 'PID_SPECTACLES 1', 600),
(814, 'PID_MIRROR_SHADES', 'Сделайте металлическую оправу. Возьмите пару пластиковых линз и нанесите тонкую пленку из золота.', 'ST_KNOWLEDGE_METALLURGY 120&ST_KNOWLEDGE_OPTICS 140', 'ST_KNOWLEDGE_METALLURGY 140&ST_KNOWLEDGE_OPTICS 160', 'PID_MET_WIRES_STEEL 1&PID_OPT_LENS 4&PID_GOLD_NUGGET 1&PID_CHEM_ACID 1', 'PID_MULTI_TOOL 1&PID_CHEM_LAB 1', 'PID_MIRROR_SHADES 1', 600),
(815, 'PID_WATER_FLASK', 'Наполните железный контейнер водой и сделайте пластиковую пробку.', 'ST_KNOWLEDGE_MECHANICS 120&ST_KNOWLEDGE_PHARMACOLOGY 80', 'ST_KNOWLEDGE_MECHANICS 140&ST_KNOWLEDGE_PHARMACOLOGY 100', 'PID_METAL_TRASH 1&PID_BOTTLE_FULL 2|PID_CHEM_WATER_CLEAN 1&PID_MET_PLASTIC 1', 'PID_SUPER_TOOL_KIT 1&PID_LIGHTER 1', 'PID_WATER_FLASK 1', 600),
(816, 'PID_GASMASK', 'Кажется, вы где-то видели кислородный баллон. Пришло время найти ему применение. Требуется верстак.', 'ST_KNOWLEDGE_MECHANICS 140&ST_KNOWLEDGE_VIRUSOLOGY 220', 'ST_KNOWLEDGE_MECHANICS 160&ST_KNOWLEDGE_VIRUSOLOGY 240', 'PID_TECH_MECHANISM 2&PID_OPT_LENS 2&PID_MET_LEATHER 1&PID_MET_PLASTIC 4&PID_OXYGEN_TANK 2', 'PID_SUPER_TOOL_KIT 1&PID_LIGHTER 1', 'PID_GASMASK 1', 1200),
(817, 'PID_RUBBER_BOOTS', 'Если смешать каучук с серой и нагрейть - получится обычная резина. Осталось найти каучук. И серу. И нагреть.', 'ST_KNOWLEDGE_CHEMISTRY 100&ST_KNOWLEDGE_VIRUSOLOGY 100&ST_KNOWLEDGE_METALLURGY 100', 'ST_KNOWLEDGE_CHEMISTRY 120&ST_KNOWLEDGE_VIRUSOLOGY 120&ST_KNOWLEDGE_METALLURGY 120', 'PID_PUMP_PARTS 4&PID_MINERAL 1', 'PID_CHEM_BURNER 1|PID_CHEM_LAB 1', 'PID_RUBBER_BOOTS 1', 400),
(818, 'PID_HAZARD_SUIT', 'Чтобы создать прочный изолирующий материал, потребуется тонна химически обработанного резино-пластика.', 'ST_KNOWLEDGE_METALLURGY 120&ST_KNOWLEDGE_CHEMISTRY 200&ST_KNOWLEDGE_VIRUSOLOGY 220', 'ST_KNOWLEDGE_METALLURGY 140&ST_KNOWLEDGE_CHEMISTRY 220&ST_KNOWLEDGE_VIRUSOLOGY 240', 'PID_GEIGER_COUNTER 1&PID_PUMP_PARTS 8&PID_MINERAL 3&PID_MET_PLASTIC 6&PID_CHEM_ACID 1&PID_CHEM_CATALYST 1&PID_CHEM_REACTIVE 1', 'PID_CHEM_LAB 1', 'PID_HAZARD_SUIT 1', 2000),
(819, 'PID_MECH_ARM', 'Вы неплохо знаете, как устроено немутировавшее человеческое тело, а также какие мышцы отвечают за сгибание и разгибание руки. Если все сделать правильно, то большую часть нагрузки можно перенести на механический протез. Требуется верстак.', 'ST_KNOWLEDGE_METALLURGY 120&ST_KNOWLEDGE_MECHANICS 200&ST_KNOWLEDGE_BIOLOGY 220', 'ST_KNOWLEDGE_METALLURGY 140&ST_KNOWLEDGE_MECHANICS 220&ST_KNOWLEDGE_BIOLOGY 240', 'PID_EL_ROBOT_HAND 1&PID_EL_MICROCHIPS 2&PID_TECH_MOVE_PARTS 2&PID_TECH_ENGINE_SMALL 1&PID_EL_CABLE 2&PID_TECH_MECHANISM 4&PID_EL_BATTERY 4', 'PID_SUPER_TOOL_KIT 1', 'PID_MECH_ARM 1', 2200),
(820, 'PID_RADIO', 'Вам одиноко? Не с кем общаться? Вокруг одни сволочи и кротокрысы? Вам хочется об этом поговорить? Специально для вас! Схема простейшего приёмника в каждом номере \"Электроники Дина\"!', 'ST_KNOWLEDGE_METALLURGY 60&ST_KNOWLEDGE_MECHANICS 80&ST_KNOWLEDGE_ELECTRONICS 100', 'ST_KNOWLEDGE_METALLURGY 80&ST_KNOWLEDGE_MECHANICS 100&ST_KNOWLEDGE_ELECTRONICS 120', 'PID_V15_COMPUTER_PART 1&PID_MET_PLASTIC 1&PID_MET_WIRES_COPPER 1', 'PID_MULTI_TOOL 1&PID_LIGHTER 1', 'PID_RADIO 1', 500),
(821, 'PID_PASGT_HELM', 'Сперва делаем каркас из стальной проволоки и прочной стали, потом обшиваем защитным материалом. Завершаем кожаным ремешком. Требуется верстак.', 'ST_KNOWLEDGE_METALLURGY 220&ST_KNOWLEDGE_BIOLOGY 120&ST_KNOWLEDGE_BALLISTIC 260', 'ST_KNOWLEDGE_METALLURGY 240&ST_KNOWLEDGE_BIOLOGY 140&ST_KNOWLEDGE_BALLISTIC 280', 'PID_MET_BALLISTIC_METALL 1&PID_MET_WIRES_STEEL 1&PID_MET_CARBON_FIBER 1|PID_MET_KEVLAR_FIBER 2&PID_MET_LEATHER 1', 'PID_SUPER_TOOL_KIT 1', 'PID_PASGT_HELM 1', 3000),
(822, 'PID_CAI_AIV', 'Изготовьте защитную пластину из углепластика или арамида.', 'ST_KNOWLEDGE_METALLURGY 180&ST_KNOWLEDGE_BALLISTIC 160&ST_KNOWLEDGE_MECHANICS 60', 'ST_KNOWLEDGE_METALLURGY 200&ST_KNOWLEDGE_BALLISTIC 180&ST_KNOWLEDGE_MECHANICS 80', 'PID_MET_BALLISTIC_METALL 1&PID_MET_ARAMID_FABRIC 1|PID_MET_CARBON_FIBER 1', 'PID_SUPER_TOOL_KIT 1', 'PID_CAI_AIV 1', 800),
(823, 'PID_CAI_FIRE', 'Обработайте шкуру огненного гекко химикатами на однородной материи для получения огнеупорной ткани.', 'ST_KNOWLEDGE_METALLURGY 180&ST_KNOWLEDGE_CHEMISTRY 160&ST_KNOWLEDGE_MECHANICS 60', 'ST_KNOWLEDGE_METALLURGY 200&ST_KNOWLEDGE_CHEMISTRY 180&ST_KNOWLEDGE_MECHANICS 80', 'PID_FIRE_GECKO_PELT 2&PID_CHEM_ACID 1&PID_RAGS 3', 'PID_SUPER_TOOL_KIT 1&PID_COMBAT_KNIFE 1|PID_KNIFE 1', 'PID_CAI_FIRE 1', 800),
(824, 'PID_CAI_EOD', 'Сшейте несколько маленьких мешков. Заполните их песком и минералами.', 'ST_KNOWLEDGE_METALLURGY 120&ST_KNOWLEDGE_BALLISTIC 180&ST_KNOWLEDGE_MECHANICS 60', 'ST_KNOWLEDGE_METALLURGY 140&ST_KNOWLEDGE_BALLISTIC 200&ST_KNOWLEDGE_MECHANICS 80', 'PID_MINERAL 4&PID_SANDBAG_EMPTY 4&PID_POCKET_LINT 4', 'PID_SUPER_TOOL_KIT 1&PID_SHIV 1', 'PID_CAI_EOD 1', 800),
(825, 'PID_CAI_FFL', 'Соберите катушку Тесла и откалибруйте ее на максимальное поглощение лазерного воздействия.', 'ST_KNOWLEDGE_ELECTRONICS 120&ST_KNOWLEDGE_ENERGETICS 180&ST_KNOWLEDGE_MECHANICS 100', 'ST_KNOWLEDGE_ELECTRONICS 140&ST_KNOWLEDGE_ENERGETICS 200&ST_KNOWLEDGE_MECHANICS 120', 'PID_STEEL 1&PID_V15_COMPUTER_PART 1&PID_EL_MICROCHIPS 2&PID_EL_BATTERY 3&PID_EL_CONDENSATS 6&PID_MET_WIRES_COPPER 1', 'PID_SUPER_TOOL_KIT 1&PID_WELDING 1', 'PID_CAI_FFL 1', 800),
(826, 'PID_CAI_FFP', 'Соберите катушку Тесла и откалибруйте ее на максимальное поглощение раскаленной плазмы.', 'ST_KNOWLEDGE_ELECTRONICS 120&ST_KNOWLEDGE_ENERGETICS 180&ST_KNOWLEDGE_MECHANICS 100', 'ST_KNOWLEDGE_ELECTRONICS 140&ST_KNOWLEDGE_ENERGETICS 200&ST_KNOWLEDGE_MECHANICS 120', 'PID_STEEL 1&PID_V15_COMPUTER_PART 1&PID_EL_MICROCHIPS 2&PID_EL_BATTERY 3&PID_EL_CONDENSATS 6&PID_MET_WIRES_COPPER 1', 'PID_SUPER_TOOL_KIT 1&PID_WELDING 1', 'PID_CAI_FFP 1', 800),
(827, 'PID_CAI_FFE', 'Соберите катушку Тесла и откалибруйте ее на максимальное поглощение электро-магнитного импульса.', 'ST_KNOWLEDGE_ELECTRONICS 120&ST_KNOWLEDGE_ENERGETICS 180&ST_KNOWLEDGE_MECHANICS 100', 'ST_KNOWLEDGE_ELECTRONICS 140&ST_KNOWLEDGE_ENERGETICS 200&ST_KNOWLEDGE_MECHANICS 120', 'PID_STEEL 1&PID_V15_COMPUTER_PART 1&PID_EL_MICROCHIPS 2&PID_EL_BATTERY 3&PID_EL_CONDENSATS 6&PID_MET_WIRES_COPPER 1', 'PID_SUPER_TOOL_KIT 1&PID_WELDING 1', 'PID_CAI_FFE 1', 800),
(828, 'PID_CAI_MODULE', 'Стандартная сборная не имеет больше трех креплений, поэтому придется соорудить дополнительное. Используйте легкий углепластик, чтобы избежать перегруза. Требуется верстак.', 'ST_KNOWLEDGE_METALLURGY 120&ST_KNOWLEDGE_BALLISTIC 240&ST_KNOWLEDGE_MECHANICS 260', 'ST_KNOWLEDGE_METALLURGY 140&ST_KNOWLEDGE_BALLISTIC 260&ST_KNOWLEDGE_MECHANICS 280', 'PID_TECH_MECHANISM 6&PID_WELDING 1&PID_MET_LEATHER 1&PID_MET_CARBON_FIBER 1', 'PID_SUPER_TOOL_KIT 1', 'PID_CAI_MODULE 1', 2500),
(829, 'PID_MMC', 'Вставте в катушку электро-магнитного импульса стальной сердечник, создав электромагнитное поле.', 'ST_KNOWLEDGE_ELECTRONICS 200&ST_KNOWLEDGE_ENERGETICS 200&ST_KNOWLEDGE_MECHANICS 100', 'ST_KNOWLEDGE_ELECTRONICS 220&ST_KNOWLEDGE_ENERGETICS 220&ST_KNOWLEDGE_MECHANICS 120', 'PID_STEEL 1&PID_CAI_FFE 1&PID_EL_BATTERY 2&PID_MET_WIRES_COPPER 1', 'PID_SUPER_TOOL_KIT 1&PID_WELDING 1', 'PID_MMC 1', 800),
(830, 'PID_P_LASER', 'Химический усилитель может сработать и на ослабление, а определенная последовательность линз сфокусирует луч. Требуется верстак.', 'ST_KNOWLEDGE_OPTICS 240&ST_KNOWLEDGE_ELECTRONICS 200&ST_KNOWLEDGE_MECHANICS 180', 'ST_KNOWLEDGE_OPTICS 260&ST_KNOWLEDGE_ELECTRONICS 220&ST_KNOWLEDGE_MECHANICS 200', 'PID_TECH_LASER 1&PID_OPT_LENS 3&PID_EL_BATTERY 1&PID_EL_MICROCHIPS 3&PID_TECH_MECHANISM 4&PID_POW_CELL_LASER 1&PID_WELDING 1', 'PID_SUPER_TOOL_KIT 1', 'PID_P_LASER 1', 1800),
(831, 'PID_P_G', 'Чтобы запустить 40мм снаряд потребуется особый УСМ. Итоговую конструкцию снабдите универсальными креплениями и подвижной частью.Требуется верстак.', 'ST_KNOWLEDGE_MECHANICS 240&ST_KNOWLEDGE_BALLISTIC 240&ST_KNOWLEDGE_METALLURGY 120', 'ST_KNOWLEDGE_MECHANICS 260&ST_KNOWLEDGE_BALLISTIC 260&ST_KNOWLEDGE_METALLURGY 140', 'PID_TRIGGER_SHOT 1&PID_MET_BARRELS_A2 1&PID_MET_BALLISTIC_METALL 3&PID_TECH_MECHANISM 4&PID_TECH_MOVE_PARTS 1&PID_WELDING 2', 'PID_SUPER_TOOL_KIT 1', 'PID_P_G 1', 2200),
(840, 'PID_METAL_ORE', 'Не факт, но может среди этой кучи камней есть железная руда.', 'ST_KNOWLEDGE_METALLURGY 100', 'ST_KNOWLEDGE_METALLURGY 120', 'PID_MINERAL 5|PID_ROCK 10', 'NULL', 'PID_METAL_ORE 2', 100),
(841, 'PID_MINERAL', 'У вас избыток камней и руд? Смешайте их вместе и назовите минералами.', 'ST_KNOWLEDGE_METALLURGY 140', 'ST_KNOWLEDGE_METALLURGY 160', 'PID_ROCK 12&PID_METAL_ORE 12|PID_FLINT 12', 'NULL', 'PID_MINERAL 10', 100),
(842, 'PID_ROCK', 'Среди полезных ископаемых часто можно встретить скальную породу. Только зачем вам столько камней?', 'ST_KNOWLEDGE_METALLURGY 140', 'ST_KNOWLEDGE_METALLURGY 160', 'PID_MINERAL 12|PID_METAL_ORE 12|PID_FLINT 12', 'NULL', 'PID_ROCK 10', 100),
(843, 'PID_METAL_TRASH', 'Сделайте столько железяк, сколько вам нужно.', 'ST_KNOWLEDGE_METALLURGY 60', 'ST_KNOWLEDGE_METALLURGY 80', 'PID_METAL_ORE 1', 'PID_SLEDGEHAMMER 1&PID_MULTI_TOOL 1', 'PID_METAL_TRASH 2', 100),
(844, 'PID_METAL_TRASH', 'Сделайте столько железяк, сколько вам нужно.', 'ST_KNOWLEDGE_METALLURGY 120&ST_KNOWLEDGE_MECHANICS 40', 'ST_KNOWLEDGE_METALLURGY 140&ST_KNOWLEDGE_MECHANICS 60', 'PID_STEEL 3|PID_TUBE 3', 'PID_MULTI_TOOL 1', 'PID_METAL_TRASH 3', 100),
(845, 'PID_STEEL', 'Сплав железа и углерода приведет к образованию стали.', 'ST_KNOWLEDGE_METALLURGY 80&ST_KNOWLEDGE_MECHANICS 40', 'ST_KNOWLEDGE_METALLURGY 100&ST_KNOWLEDGE_MECHANICS 60', 'PID_METAL_ORE 3&PID_FIREWOOD 2', 'PID_SLEDGEHAMMER 1', 'PID_STEEL 2', 100),
(846, 'PID_TUBE', 'Придайте металлу цилиндрическую форму. Требуется верстак.', 'ST_KNOWLEDGE_METALLURGY 80&ST_KNOWLEDGE_MECHANICS 40', 'ST_KNOWLEDGE_METALLURGY 100&ST_KNOWLEDGE_MECHANICS 60', 'PID_STEEL 4|PID_METAL_TRASH 6', 'PID_SLEDGEHAMMER 1', 'PID_TUBE 8', 100),
(847, 'PID_MET_PLUMBUM', 'Свинец получают из руд галенита, который можно встретить среди полезных ископаемых. Чтобы получить чистый материал, придется провести несколько сложных хим. реакций.', 'ST_KNOWLEDGE_METALLURGY 120&ST_KNOWLEDGE_CHEMISTRY 140', 'ST_KNOWLEDGE_METALLURGY 140&ST_KNOWLEDGE_CHEMISTRY 160', 'PID_MINERAL 4&PID_CHEMICALS 1', 'PID_CHEM_LAB 1', 'PID_MET_PLUMBUM 3', 100),
(848, 'PID_MET_BALLISTIC_METALL', 'После сложной химической обработки можно получить сталь высшего качества. Требуется военная произв. установка.', 'ST_KNOWLEDGE_METALLURGY 220&ST_KNOWLEDGE_CHEMISTRY 160&ST_KNOWLEDGE_BALLISTIC 240', 'ST_KNOWLEDGE_METALLURGY 240&ST_KNOWLEDGE_CHEMISTRY 180&ST_KNOWLEDGE_BALLISTIC 260', 'PID_STEEL 10&PID_CHEM_ACID 2&PID_CHEM_CATALYST 1&PID_CHEM_REACTIVE 1', 'PID_CHEM_LAB 1', 'PID_MET_BALLISTIC_METALL 3', 100),
(849, 'PID_MET_WIRES_COPPER', 'Поищите в минералах медные примеси. Медь - легкоплавкий металл, поэтому с созданием проволоки трудностей вознукнуть не должно.', 'ST_KNOWLEDGE_METALLURGY 100&ST_KNOWLEDGE_MECHANICS 40', 'ST_KNOWLEDGE_METALLURGY 120&ST_KNOWLEDGE_MECHANICS 60', 'PID_MINERAL 4', 'PID_SLEDGEHAMMER 1&PID_MULTI_TOOL 1', 'PID_MET_WIRES_COPPER 1', 200),
(850, 'PID_MET_WIRES_STEEL', 'Превратить цельный кусок стали в тонкую проволоку будет нелегко. Приготовьтесь к появлению мозолей. Требуется верстак.', 'ST_KNOWLEDGE_METALLURGY 140&ST_KNOWLEDGE_MECHANICS 60', 'ST_KNOWLEDGE_METALLURGY 160&ST_KNOWLEDGE_MECHANICS 80', 'PID_STEEL 6', 'PID_SLEDGEHAMMER 1&PID_MULTI_TOOL 1', 'PID_MET_WIRES_STEEL 1', 200),
(851, 'PID_PUMP_PARTS', 'Спрессуйте легкий мусор в более крупный.', 'ST_KNOWLEDGE_METALLURGY 100', 'ST_KNOWLEDGE_METALLURGY 120', 'PID_POCKET_LINT 12', 'NULL', 'PID_PUMP_PARTS 5', 50),
(852, 'PID_POCKET_LINT', 'Избавьтесь от всего, что не поместится в карман.', 'ST_KNOWLEDGE_METALLURGY 100', 'ST_KNOWLEDGE_METALLURGY 120', 'PID_PUMP_PARTS 6', 'NULL', 'PID_POCKET_LINT 10', 50),
(853, 'PID_MET_PLASTIC', 'расплавьте пластиковые детали и скатайте в гранулы.', 'ST_KNOWLEDGE_METALLURGY 120', 'ST_KNOWLEDGE_METALLURGY 140', 'PID_PUMP_PARTS 6|PID_POCKET_LINT 12', 'PID_LIGHTER 1', 'PID_MET_PLASTIC 5', 150),
(854, 'PID_BOTTLE_GLASS', 'Накаляйте песок до получения жидкого стекла и отлейте его в нужную форму.', 'ST_KNOWLEDGE_METALLURGY 100', 'ST_KNOWLEDGE_METALLURGY 120', 'PID_SANDBAG_1 1', 'PID_MET_PLUMBUM 1&PID_CHEM_BURNER 1|PID_CHEM_LAB 1', 'PID_BOTTLE_GLASS 3', 100),
(855, 'PID_BOTTLE_EMPTY', 'Расплавьте пластиковые гранулы и придайте им форму бутылки.', 'ST_KNOWLEDGE_METALLURGY 140', 'ST_KNOWLEDGE_METALLURGY 160', 'PID_MET_PLASTIC 2', 'PID_LIGHTER 1', 'PID_BOTTLE_EMPTY 1', 100),
(856, 'PID_HYPODERMIC_NEEDLE', 'Выплавьте из пластика герметичные шприцы, найдите иглы и простерелизуйте изделие.', 'ST_KNOWLEDGE_METALLURGY 120&ST_KNOWLEDGE_PHARMACOLOGY 120&ST_KNOWLEDGE_MECHANICS 60', 'ST_KNOWLEDGE_METALLURGY 140&ST_KNOWLEDGE_PHARMACOLOGY 140&ST_KNOWLEDGE_MECHANICS 80', 'PID_MET_PLASTIC 3&PID_METAL_TRASH 3', 'PID_LIGHTER 1&PID_CHEM_ETHANOL 1', 'PID_HYPODERMIC_NEEDLE 10', 400),
(857, 'PID_ROPE', 'Сплетите из ткани веревку покрепче.', 'ST_KNOWLEDGE_MECHANICS 80', 'ST_KNOWLEDGE_MECHANICS 100', 'PID_SANDBAG_EMPTY 4|PID_RAGS 12', 'PID_SHIV 1&PID_COMBAT_KNIFE 1|PID_KNIFE 1', 'PID_ROPE 4', 100),
(858, 'PID_SANDBAG_EMPTY', 'Просто порежьте мантии на ткань и сшейте новые мешки.', 'ST_KNOWLEDGE_MECHANICS 60', 'ST_KNOWLEDGE_MECHANICS 80', 'PID_PURPLE_ROBE 1|PID_BLACK_ROBE 1|PID_DS_ROBE 1|PID_BLCK_ROBE 1|PID_BL_ROBA 1|PID_KR_ROBA 1|PID_GR_ROBA 1|PID_RE_ROBA 1|PID_RAGS 12', 'PID_SHIV 1&PID_COMBAT_KNIFE 1|PID_KNIFE 1', 'PID_SANDBAG_EMPTY 3', 100),
(859, 'PID_MET_LEATHER', 'Для выделки кожи используйте метод минерализации.', 'ST_KNOWLEDGE_MECHANICS 60', 'ST_KNOWLEDGE_MECHANICS 80', 'PID_MINERAL 3&PID_GECKO_PELT 6|PID_GOLDEN_GECKO_PELT 3|PID_BRAHMIN_SKIN 2', 'PID_ROCK 1', 'PID_MET_LEATHER 4', 100),
(860, 'PID_LIGHTER', 'Соберите из подручных средств кремниевую зажигалку и заправьте горючим веществом.', 'ST_KNOWLEDGE_MECHANICS 80&ST_KNOWLEDGE_METALLURGY 60&ST_KNOWLEDGE_CHEMISTRY 20', 'ST_KNOWLEDGE_MECHANICS 100&ST_KNOWLEDGE_METALLURGY 80&ST_KNOWLEDGE_CHEMISTRY 40', 'PID_STEEL 1&PID_METAL_TRASH 1&PID_FLINT 1&PID_RAGS 1&PID_FLAMETHROWER_FUEL 1|PID_FLAMETHROWER_FUEL_MK_II 1', 'PID_MULTI_TOOL 1', 'PID_LIGHTER 1', 400),
(861, 'PID_WELDING', 'Соберите одноразовый газосварочный аппарат в корпусе от огнеметного баллона. Требуется верстак.', 'ST_KNOWLEDGE_METALLURGY 140&ST_KNOWLEDGE_MECHANICS 120&ST_KNOWLEDGE_CHEMISTRY 60', 'ST_KNOWLEDGE_METALLURGY 160&ST_KNOWLEDGE_MECHANICS 140&ST_KNOWLEDGE_CHEMISTRY 80', 'PID_CHEM_ACID 1&PID_MET_WIRES_STEEL 1&PID_FLINT 3&PID_FLAMETHROWER_FUEL 3|PID_FLAMETHROWER_FUEL_MK_II 3', 'PID_SUPER_TOOL_KIT 1&PID_LIGHTER 1', 'PID_WELDING 3', 800),
(870, 'PID_TRIGGER_SEMIAUTO', 'Соберите полуавтоматический ударно-спусковой механизм. Упругая стальная проволока сойдет как материал для пружины.', 'ST_KNOWLEDGE_METALLURGY 60&ST_KNOWLEDGE_MECHANICS 100', 'ST_KNOWLEDGE_METALLURGY 80&ST_KNOWLEDGE_MECHANICS 120', 'PID_TECH_MECHANISM 2&PID_METAL_TRASH 1&PID_MET_WIRES_STEEL 1', 'PID_MULTI_TOOL 1', 'PID_TRIGGER_SEMIAUTO 1', 380),
(871, 'PID_TRIGGER_AUTO', 'Соберите полуавтоматический ударно-спусковой механизм с разобщителем.', 'ST_KNOWLEDGE_METALLURGY 60&ST_KNOWLEDGE_MECHANICS 140', 'ST_KNOWLEDGE_METALLURGY 80&ST_KNOWLEDGE_MECHANICS 180', 'PID_METAL_TRASH 1&PID_MET_WIRES_STEEL 1&PID_TECH_MECHANISM 3', 'PID_MULTI_TOOL 1', 'PID_TRIGGER_AUTO 1', 500),
(872, 'PID_TRIGGER_ELECTRO', 'Все что нужно сделать - это создать необходимый сигнал при нажатии курка.', 'ST_KNOWLEDGE_METALLURGY 60&ST_KNOWLEDGE_MECHANICS 100&ST_KNOWLEDGE_ELECTRONICS 140', 'ST_KNOWLEDGE_METALLURGY 80&ST_KNOWLEDGE_MECHANICS 120&ST_KNOWLEDGE_ELECTRONICS 160', 'PID_MET_PLASTIC 1&PID_EL_CABLE 1&PID_EL_MICROCHIPS 2&PID_V15_COMPUTER_PART 1', 'PID_MULTI_TOOL 1&PID_LIGHTER 1', 'PID_TRIGGER_ELECTRO 1', 420),
(873, 'PID_TECH_MECHANISM', 'Выточите из груды железок и стали механические детали согласно ГОСТу.', 'ST_KNOWLEDGE_METALLURGY 120&ST_KNOWLEDGE_MECHANICS 140', 'ST_KNOWLEDGE_METALLURGY 140&ST_KNOWLEDGE_MECHANICS 160', 'PID_METAL_TRASH 5&PID_STEEL 3', 'PID_MULTI_TOOL 1', 'PID_TECH_MECHANISM 5', 420),
(874, 'PID_TECH_MOVE_PARTS', 'Сделайте подвижную деталь на основе подшипников, кожаного ремня и пластиковых вставок.', 'ST_KNOWLEDGE_METALLURGY 120&ST_KNOWLEDGE_MECHANICS 140', 'ST_KNOWLEDGE_METALLURGY 140&ST_KNOWLEDGE_MECHANICS 160', 'PID_TECH_MECHANISM 12&PID_MET_LEATHER 1&PID_MET_PLASTIC 5', 'PID_MULTI_TOOL 1&PID_LIGHTER 1', 'PID_TECH_MOVE_PARTS 1', 620),
(875, 'PID_MET_AMMOBELT', 'Соберите из железа и стали звенья пулеметной ленты.', 'ST_KNOWLEDGE_METALLURGY 100&ST_KNOWLEDGE_MECHANICS 100&ST_KNOWLEDGE_BALLISTIC 120', 'ST_KNOWLEDGE_METALLURGY 120&ST_KNOWLEDGE_MECHANICS 120&ST_KNOWLEDGE_BALLISTIC 140', 'PID_METAL_TRASH 4&PID_STEEL 1', 'PID_MULTI_TOOL 1', 'PID_MET_AMMOBELT 3', 620),
(876, 'PID_MET_BARRELS_A1', 'Сделайте несколько кустарных ствольных заготовок разного калибра и типа. Требуется верстак.', 'ST_KNOWLEDGE_METALLURGY 120&ST_KNOWLEDGE_BALLISTIC 140', 'ST_KNOWLEDGE_METALLURGY 140&ST_KNOWLEDGE_BALLISTIC 160', 'PID_TUBE 3&PID_STEEL 2&PID_MET_PLUMBUM 1', 'PID_MULTI_TOOL 1', 'PID_MET_BARRELS_A1 1', 420),
(877, 'PID_MET_BARRELS_A2', 'Ствольные заготовки высшего качества потребуют качественного материала. И не стоит пытаться делать это своими руками. Требуется военная произв. установка.', 'ST_KNOWLEDGE_METALLURGY 280&ST_KNOWLEDGE_BALLISTIC 280', 'ST_KNOWLEDGE_METALLURGY 300&ST_KNOWLEDGE_BALLISTIC 300', 'PID_CHEM_ACID 3&PID_MET_BALLISTIC_METALL 6&PID_MET_PLUMBUM 2', 'PID_MULTI_TOOL 1', 'PID_MET_BARRELS_A2 1', 2120),
(878, 'PID_MET_COMPOSITE_SHEET', 'Тяжелая, многослойная бронированная пластина, спрессованная как сэндвич. Только Анклав знает, как создавать пехотную защиту такого уровня. Требуется высокотехнологичная произв. установка.', 'ST_KNOWLEDGE_METALLURGY 280&ST_KNOWLEDGE_BALLISTIC 280', 'ST_KNOWLEDGE_METALLURGY 300&ST_KNOWLEDGE_BALLISTIC 300', 'PID_CAI_EOD 3&PID_MET_BALLISTIC_METALL 3&PID_MET_CARBON_FIBER 1', 'PID_MULTI_TOOL 1', 'PID_MET_COMPOSITE_SHEET 1', 2120),
(890, 'PID_V15_COMPUTER_PART', 'Сделайте заготовку из пластика и впаяйте в нее медную нить. Требуется верстак.', 'ST_KNOWLEDGE_CYBERNETICS 60&ST_KNOWLEDGE_ELECTRONICS 180', 'ST_KNOWLEDGE_CYBERNETICS 80&ST_KNOWLEDGE_ELECTRONICS 200', 'PID_MET_PLASTIC 5&PID_MET_WIRES_COPPER 1&PID_CHEMICALS 1&PID_MET_PLUMBUM 1', 'PID_SUPER_TOOL_KIT 1&PID_LIGHTER 1', 'PID_V15_COMPUTER_PART 5', 500),
(891, 'PID_EL_MICROCHIPS', 'Сделайте заготовку из пластика и установите внутрь самую маленькую микросхему, которую вам когда-либо удавалось сделать. Требуется верстак.', 'ST_KNOWLEDGE_CYBERNETICS 120&ST_KNOWLEDGE_ELECTRONICS 200', 'ST_KNOWLEDGE_CYBERNETICS 140&ST_KNOWLEDGE_ELECTRONICS 220', 'PID_MET_PLASTIC 3&PID_MET_WIRES_COPPER 1&PID_V15_COMPUTER_PART 2', 'PID_SUPER_TOOL_KIT 1&PID_LIGHTER 1', 'PID_EL_MICROCHIPS 1', 600),
(892, 'PID_EL_CONDENSATS', 'Из одного мотка медной нити и пары железных пластин сделайте несколько небольших конденсаторов. В качестве диэлектрика и внешнего корпуса подойдет обычный пластик.', 'ST_KNOWLEDGE_ENERGETICS 40&ST_KNOWLEDGE_ELECTRONICS 80', 'ST_KNOWLEDGE_ENERGETICS 60&ST_KNOWLEDGE_ELECTRONICS 100', 'PID_MET_PLASTIC 3&PID_MET_WIRES_COPPER 1&PID_METAL_TRASH 4', 'PID_MULTI_TOOL 1', 'PID_EL_CONDENSATS 10', 360),
(893, 'PID_EL_BATTERY', 'Обматайте свинцовый стержень медной проволокой и зачистите контакты. Готовую батарейку поместите в простой железный корпус и залейте электролитом.', 'ST_KNOWLEDGE_ENERGETICS 60&ST_KNOWLEDGE_ELECTRONICS 100', 'ST_KNOWLEDGE_ENERGETICS 80&ST_KNOWLEDGE_ELECTRONICS 120', 'PID_MET_PLUMBUM 1&PID_MET_WIRES_COPPER 4&PID_METAL_TRASH 4&PID_CHEM_ACID 1', 'PID_MULTI_TOOL 1', 'PID_EL_BATTERY 5', 560),
(894, 'PID_EL_PLASM_CONDENSAT', 'Чтобы конденсаторы начали накапливать плазменный заряд, энергию нужно преобразовать еще на входе в цепь.', 'ST_KNOWLEDGE_ENERGETICS 160&ST_KNOWLEDGE_ELECTRONICS 200', 'ST_KNOWLEDGE_ENERGETICS 180&ST_KNOWLEDGE_ELECTRONICS 220', 'PID_EL_CONDENSATS 4&PID_PLASMA_TRANSFORMER 1&PID_MET_WIRES_STEEL 1', 'PID_MULTI_TOOL 1', 'PID_EL_PLASM_CONDENSAT 1', 1420),
(895, 'PID_EL_CABLE', 'Сделайте витой медно-стальной кабель и экранируйте слоем резины.', 'ST_KNOWLEDGE_METALLURGY 80&ST_KNOWLEDGE_ELECTRONICS 240', 'ST_KNOWLEDGE_METALLURGY 100&ST_KNOWLEDGE_ELECTRONICS 260', 'PID_RUBBER_BOOTS 2&PID_MET_WIRES_COPPER 2&PID_MET_WIRES_STEEL 1&PID_MET_PLASTIC 1', 'PID_MULTI_TOOL 1&PID_LIGHTER 1', 'PID_EL_CABLE 1', 1420),
(896, 'PID_MOTIVATOR', 'Соберите многофункциональную деталь электроники. Требуется верстак.', 'ST_KNOWLEDGE_CYBERNETICS 120&ST_KNOWLEDGE_MECHANICS 140&ST_KNOWLEDGE_ELECTRONICS 180', 'ST_KNOWLEDGE_CYBERNETICS 140&ST_KNOWLEDGE_MECHANICS 160&ST_KNOWLEDGE_ELECTRONICS 200', 'PID_TECH_MECHANISM 6&PID_STEEL 3&PID_EL_MICROCHIPS 3&PID_V15_COMPUTER_PART 3', 'PID_SUPER_TOOL_KIT 1', 'PID_MOTIVATOR 1', 1500),
(897, 'PID_PLASMA_TRANSFORMER', 'Требуется верстак.', 'ST_KNOWLEDGE_ENERGETICS 240&ST_KNOWLEDGE_MECHANICS 100&ST_KNOWLEDGE_ELECTRONICS 200', 'ST_KNOWLEDGE_ENERGETICS 260&ST_KNOWLEDGE_MECHANICS 120&ST_KNOWLEDGE_ELECTRONICS 220', 'PID_MOTIVATOR 2&PID_EL_MICROCHIPS 6&PID_V15_COMPUTER_PART 2&PID_EL_CABLE 1', 'PID_SUPER_TOOL_KIT 1', 'PID_PLASMA_TRANSFORMER 1', 1500),
(898, 'PID_TECH_ENGINE_SMALL', 'Соберите слабый электрический двигатель. Требуется верстак.', 'ST_KNOWLEDGE_ELECTRONICS 140&ST_KNOWLEDGE_ENERGETICS 180&ST_KNOWLEDGE_MECHANICS 180', 'ST_KNOWLEDGE_ELECTRONICS 160&ST_KNOWLEDGE_ENERGETICS 200&ST_KNOWLEDGE_MECHANICS 200', 'PID_EL_BATTERY 3&PID_EL_CONDENSATS 6&PID_MET_WIRES_COPPER 3&PID_TECH_MOVE_PARTS 1&PID_TECH_MECHANISM 3&PID_STEEL 1&PID_MOTIVATOR 1', 'PID_SUPER_TOOL_KIT 1', 'PID_TECH_ENGINE_SMALL 1', 500),
(899, 'PID_TECH_ENGINE_MID', 'Соберите средний электрический двигатель. Требуется верстак.', 'ST_KNOWLEDGE_ELECTRONICS 200&ST_KNOWLEDGE_ENERGETICS 240&ST_KNOWLEDGE_MECHANICS 240', 'ST_KNOWLEDGE_ELECTRONICS 220&ST_KNOWLEDGE_ENERGETICS 260&ST_KNOWLEDGE_MECHANICS 260', 'PID_TECH_ENGINE_SMALL 3&PID_POW_CUBE_PULSE 1&PID_EL_CABLE 3&PID_TECH_MOVE_PARTS 1&PID_TECH_MECHANISM 6&PID_MET_BALLISTIC_METALL 1&PID_MOTIVATOR 4', 'PID_SUPER_TOOL_KIT 1', 'PID_TECH_ENGINE_MID 1', 2000),
(901, 'PID_OPT_LENS', 'Выплавьте несколько стеклянных и пластиковых линз.', 'ST_KNOWLEDGE_METALLURGY 40&ST_KNOWLEDGE_OPTICS 60', 'ST_KNOWLEDGE_METALLURGY 60&ST_KNOWLEDGE_OPTICS 80', 'PID_SANDBAG_1 1&PID_MET_PLASTIC 2', 'PID_CHEM_BURNER 1|PID_CHEM_LAB 1', 'PID_OPT_LENS 2', 100),
(902, 'PID_OPT_SCOPE_OLD', 'Подберите трубу нужного диаметра и сделайте подвижный телескоп старой схемы.', 'ST_KNOWLEDGE_METALLURGY 60&ST_KNOWLEDGE_OPTICS 80&ST_KNOWLEDGE_MECHANICS 40', 'ST_KNOWLEDGE_METALLURGY 80&ST_KNOWLEDGE_OPTICS 100&ST_KNOWLEDGE_MECHANICS 60', 'PID_TUBE 1&PID_TECH_MECHANISM 2&PID_OPT_LENS 4', 'PID_CHEM_BURNER 1|PID_CHEM_LAB 1', 'PID_OPT_SCOPE_OLD 1', 400),
(903, 'PID_OPT_SCOPE_ELEC', 'Наложите пленку интерфейса на линзу и запрограммируйте прицел. Требуется верстак.', 'ST_KNOWLEDGE_ELECTRONICS 160&ST_KNOWLEDGE_OPTICS 160&ST_KNOWLEDGE_CYBERNETICS 100', 'ST_KNOWLEDGE_ELECTRONICS 180&ST_KNOWLEDGE_OPTICS 180&ST_KNOWLEDGE_CYBERNETICS 120', 'PID_MET_PLASTIC 3&PID_TECH_MECHANISM 2&PID_OPT_LENS 8&PID_EL_INTERFACE 1&PID_EL_MICROCHIPS 3&PID_EL_CPLD 1&PID_EL_CABLE 1', 'PID_SUPER_TOOL_KIT 1', 'PID_OPT_SCOPE_ELEC 1', 1200),
(904, 'PID_OPT_SCOPE_LRT', 'Сборку настоящего снайперского прицела лучше доверить станку. Требуется военная произв. установка.', 'ST_KNOWLEDGE_ELECTRONICS 180&ST_KNOWLEDGE_OPTICS 280&ST_KNOWLEDGE_CYBERNETICS 140', 'ST_KNOWLEDGE_ELECTRONICS 200&ST_KNOWLEDGE_OPTICS 300&ST_KNOWLEDGE_CYBERNETICS 160', 'PID_MET_BALLISTIC_METALL 3&PID_TECH_MECHANISM 2&PID_OPT_LENS 8&PID_EL_MICROCHIPS 3&PID_EL_CPLD 1&PID_EL_CABLE 1', 'NULL', 'PID_OPT_SCOPE_LRT 1', 2200),
(905, 'PID_EL_CPLD', 'Собрать программируемую логическую схему в домашних условиях врядли получится. Требуется военная произв. установка.', 'ST_KNOWLEDGE_ELECTRONICS 180&ST_KNOWLEDGE_CYBERNETICS 260', 'ST_KNOWLEDGE_ELECTRONICS 200&ST_KNOWLEDGE_CYBERNETICS 280', 'PID_EL_MICROCHIPS 20&PID_EL_CONDENSATS 6&PID_V15_COMPUTER_PART 6', 'NULL', 'PID_EL_CPLD 1', 2200);
INSERT INTO `craft` (`id`, `pid`, `description`, `param1`, `param2`, `items`, `tool`, `output`, `exp`) VALUES
(910, 'PID_CHEM_LAB', 'Если у вас есть газовая горелка, то пора собирать все необходимое для сложных хим.опытов.', 'ST_KNOWLEDGE_CHEMISTRY 80&ST_KNOWLEDGE_METALLURGY 80', 'ST_KNOWLEDGE_CHEMISTRY 100&ST_KNOWLEDGE_METALLURGY 100', 'PID_CHEM_BURNER 1&PID_CONTEINER 1&PID_OPT_LENS 1&PID_BOTTLE_GLASS 2&PID_MET_BALLISTIC_METALL 1', 'PID_SUPER_TOOL_KIT 1&PID_WELDING 1', 'PID_CHEM_LAB 1', 1120),
(911, 'PID_CHEM_ETHANOL', 'Очистите алкоголь от примесей и прогоните еще раз. Получится этанол.', 'ST_KNOWLEDGE_PHARMACOLOGY 40&ST_KNOWLEDGE_CHEMISTRY 80', 'ST_KNOWLEDGE_PHARMACOLOGY 60&ST_KNOWLEDGE_CHEMISTRY 100', 'PID_BOOZE 3&PID_CHEM_WATER_CLEAN 1&PID_BOTTLE_FULL 2|PID_CHEM_WATER_CLEAN 1', 'PID_CHEM_BURNER 1|PID_CHEM_LAB 1', 'PID_CHEM_ETHANOL 3', 300),
(912, 'PID_CHEM_ACID', 'Подберите необходимые реагенты и получите кислоту в жидком виде.', 'ST_KNOWLEDGE_CHEMISTRY 140&ST_KNOWLEDGE_METALLURGY 80', 'ST_KNOWLEDGE_CHEMISTRY 160&ST_KNOWLEDGE_METALLURGY 100', 'PID_MINERAL 3&PID_CHEMICALS 1&PID_BOTTLE_FULL 1|PID_CHEM_WATER_CLEAN 1', 'PID_CHEM_LAB 1', 'PID_CHEM_ACID 1', 450),
(913, 'PID_CHEM_CATALYST', 'Подберите необходимые реагенты и получите жидкость-катализатор.', 'ST_KNOWLEDGE_CHEMISTRY 160&ST_KNOWLEDGE_METALLURGY 120', 'ST_KNOWLEDGE_CHEMISTRY 180&ST_KNOWLEDGE_METALLURGY 140', 'PID_CHEM_ACID 1&PID_CHEMICALS 1&PID_GOLD_NUGGET 3', 'PID_CHEM_LAB 1', 'PID_CHEM_CATALYST 2', 600),
(914, 'PID_CHEM_WATERCLEANER', 'Для очистки воды подойдет активированный уголь, который в изобилии встречается среди старых медикаментов.', 'ST_KNOWLEDGE_VIRUSOLOGY 100&ST_KNOWLEDGE_PHARMACOLOGY 80', 'ST_KNOWLEDGE_VIRUSOLOGY 120&ST_KNOWLEDGE_PHARMACOLOGY 100', 'PID_CHEM_MEDS_WEAK 3', 'NULL', 'PID_CHEM_WATERCLEANER 1', 200),
(915, 'PID_BOTTLE_FULL', 'Более менее чистую воду можно получить из практически любой питьевой жидкости.', 'ST_KNOWLEDGE_VIRUSOLOGY 140&ST_KNOWLEDGE_PHARMACOLOGY 120&ST_KNOWLEDGE_CHEMISTRY 200', 'ST_KNOWLEDGE_VIRUSOLOGY 160&ST_KNOWLEDGE_PHARMACOLOGY 140&ST_KNOWLEDGE_CHEMISTRY 220', 'PID_CHEMICALS 2&PID_NUKA_COLA 8|PID_BEER 8|PID_BOOZE 6|PID_ROT_GUT 6', 'PID_CHEM_BURNER 1|PID_CHEM_LAB 1', 'PID_BOTTLE_FULL 5', 1000),
(916, 'PID_CHEM_WATER_CLEAN', 'Для очистки воды подойдет активированный уголь, который в изобилии встречается среди старых медикаментов.', 'ST_KNOWLEDGE_VIRUSOLOGY 160&ST_KNOWLEDGE_PHARMACOLOGY 140&ST_KNOWLEDGE_CHEMISTRY 220', 'ST_KNOWLEDGE_VIRUSOLOGY 180&ST_KNOWLEDGE_PHARMACOLOGY 160&ST_KNOWLEDGE_CHEMISTRY 240', 'PID_BOTTLE_FULL 3&PID_CHEM_WATERCLEANER 2', 'PID_CHEM_BURNER 1|PID_CHEM_LAB 1', 'PID_CHEM_WATER_CLEAN 3', 200),
(917, 'PID_CHEMICALS', 'Чтобы получить бессмысленный и беспощадный набор едких химических связей много ума не надо.', 'ST_KNOWLEDGE_METALLURGY 140&ST_KNOWLEDGE_CHEMISTRY 160', 'ST_KNOWLEDGE_METALLURGY 160&ST_KNOWLEDGE_CHEMISTRY 180', 'PID_MET_PLASTIC 3&PID_MINERAL 1&PID_BOOZE 6&PID_BOTTLE_FULL 3&PID_CHEM_MEDS_WEAK 9', 'PID_CHEM_BURNER 1|PID_CHEM_LAB 1', 'PID_CHEMICALS 3', 500),
(918, 'PID_BIO_GEL', 'Получить органическую среду в законсервированной форме не так уж просто, как кажется. Но мы учились не зря.', 'ST_KNOWLEDGE_CHEMISTRY 180&ST_KNOWLEDGE_PHARMACOLOGY 140&ST_KNOWLEDGE_METALLURGY 60', 'ST_KNOWLEDGE_CHEMISTRY 200&ST_KNOWLEDGE_PHARMACOLOGY 160&ST_KNOWLEDGE_METALLURGY 80', 'PID_CHEM_WATER_CLEAN 2&PID_CHEM_ACID 1&PID_CHEM_ETHANOL 1&PID_MEAT 2&PID_MET_PLUMBUM 1', 'PID_CHEM_LAB 1', 'PID_BIO_GEL 1', 1000),
(919, 'PID_OCHRE_COLOR', 'На самом деле, био-гель там был только для банки. Подойдет и обычный свинцовый контейнер.', 'ST_KNOWLEDGE_CHEMISTRY 180&ST_KNOWLEDGE_PHARMACOLOGY 140&ST_KNOWLEDGE_METALLURGY 60', 'ST_KNOWLEDGE_CHEMISTRY 200&ST_KNOWLEDGE_PHARMACOLOGY 160&ST_KNOWLEDGE_METALLURGY 80', 'PID_CHEM_WATER_CLEAN 1&PID_CHEM_ACID 1&PID_CHEM_ETHANOL 1&PID_BROC_FLOWER 30&PID_MET_PLUMBUM 1', 'PID_CHEM_LAB 1', 'PID_OCHRE_COLOR 2', 1000),
(920, 'PID_BLACK_COLOR', 'На самом деле, био-гель там был только для банки. Подойдет и обычный свинцовый контейнер.', 'ST_KNOWLEDGE_CHEMISTRY 180&ST_KNOWLEDGE_PHARMACOLOGY 140&ST_KNOWLEDGE_METALLURGY 60', 'ST_KNOWLEDGE_CHEMISTRY 200&ST_KNOWLEDGE_PHARMACOLOGY 160&ST_KNOWLEDGE_METALLURGY 80', 'PID_CHEM_WATER_CLEAN 1&PID_CHEM_ACID 1&PID_CHEM_ETHANOL 1&PID_XANDER_ROOT 30&PID_MET_PLUMBUM 1', 'PID_CHEM_LAB 1', 'PID_BLACK_COLOR 2', 1000),
(921, 'PID_TRAP_POISON', 'Чтобы создать смертельную отраву, животный яд вовсе не обязателен.', 'ST_KNOWLEDGE_VIRUSOLOGY 140&ST_KNOWLEDGE_PHARMACOLOGY 100&ST_KNOWLEDGE_CHEMISTRY 60', 'ST_KNOWLEDGE_VIRUSOLOGY 160&ST_KNOWLEDGE_PHARMACOLOGY 120&ST_KNOWLEDGE_CHEMISTRY 80', 'PID_HYPODERMIC_NEEDLE 3&PID_CHEM_ACID 1&PID_CHEM_REACTIVE 1', 'PID_SUPER_TOOL_KIT 1', 'PID_TRAP_POISON 3', 600),
(930, 'PID_KNIFE', 'Заточите несколько железяк, обмотайте рукояти какой-нибудь тряпкой. Получится несколько отличных ножей.', 'SK_OUTDOORSMAN 20', 'SK_OUTDOORSMAN 20', 'PID_METAL_TRASH 1&PID_RAGS 1', 'NULL', 'PID_KNIFE 3', 50),
(931, 'PID_SHARPENED_POLE', 'Вжик-вжик, готово!', 'SK_OUTDOORSMAN 10', 'SK_OUTDOORSMAN 10', 'PID_FIREWOOD 1', 'PID_KNIFE 1|PID_AXE 1|PID_COMBAT_KNIFE 1|PID_THROWING_KNIFE 1', 'PID_SHARPENED_POLE 1', 20),
(932, 'PID_SPEAR', 'Привяжите нож к палке. Это даст вам целый метр преимущества и килограмм уверенности.', 'SK_OUTDOORSMAN 20', 'SK_OUTDOORSMAN 20&SK_MELEE_WEAPONS 30', 'PID_KNIFE 1&PID_PART_OF_ROPE 1&PID_SHARPENED_POLE 1', 'NULL', 'PID_SPEAR 1', 50),
(933, 'PID_SHARP_SPEAR', 'Заточка копья кремнем от фирмы \"Морлис\" позволит разрубать врагов им как алебардой.', 'SK_OUTDOORSMAN 20', 'SK_OUTDOORSMAN 30&SK_MELEE_WEAPONS 30', 'PID_SPEAR 1&PID_FLINT 1', 'NULL', 'PID_SHARP_SPEAR 1', 50),
(934, 'PID_SLEDGEHAMMER', 'Насадите железяку потяжелее на палку покрепче.', 'SK_OUTDOORSMAN 20', 'SK_OUTDOORSMAN 30', 'PID_PUMP_PARTS 1&PID_FIREWOOD 1', 'NULL', 'PID_SLEDGEHAMMER 1', 50),
(935, 'PID_CLUB', 'Отломайте нахрен минимум треть этой палки, забейте камнем в один конец какой-нибудь утяжелитель. Отломаный кусок можно притарабанить в качестве дополнительной рукояти. Готово, можно пойти проломить кому-нибудь черепушку.', 'SK_OUTDOORSMAN 20', 'SK_OUTDOORSMAN 30', 'PID_SHARPENED_POLE 1&PID_PUMP_PARTS 1', 'PID_ROCK 1', 'PID_CLUB 1', 50),
(936, 'PID_SHIV', 'Вырежьте из дерева рукоять, а потом забейте в неё железяку. Получилось шило, универсальный инструмент для проделывания дырок.', 'SK_OUTDOORSMAN 20', 'SK_OUTDOORSMAN 30', 'PID_METAL_TRASH 1&PID_FIREWOOD 1', 'PID_KNIFE 1', 'PID_SHIV 1', 50),
(937, 'PID_ZIP_GUN', 'Прочно примотайте трубу проволокой к деревянной рукояти. Из хлама можно снарядить нечто, напоминающее оружие.', 'SK_OUTDOORSMAN 20', 'SK_OUTDOORSMAN 25', 'PID_METAL_TRASH 1&PID_FIREWOOD 1', 'PID_MULTI_TOOL 1', 'PID_ZIP_GUN 1', 60),
(938, 'PID_SPRINGER_RIFLE', 'Самопал можно модернизировать для увеличения убойной силы.', 'SK_OUTDOORSMAN 25', 'SK_OUTDOORSMAN 30', 'PID_ZIP_GUN 1&PID_TUBE 1&PID_PUMP_PARTS 1', 'PID_MULTI_TOOL 1', 'PID_SPRINGER_RIFLE 1', 110),
(939, 'PID_HEALING_POWDER', 'Разотрите камнем высушенные на солнце ингредиенты и заверните в тряпочку.', 'SK_OUTDOORSMAN 20', 'SK_OUTDOORSMAN 30', 'PID_BROC_FLOWER 1&PID_XANDER_ROOT 1&PID_RAGS 1', 'PID_ROCK 1', 'PID_HEALING_POWDER 1', 90),
(940, 'PID_ANTIDOTE', 'Это будет скорей самовнушением.', 'SK_OUTDOORSMAN 60', 'SK_OUTDOORSMAN 80', 'PID_BOOZE 1&PID_SCORPION_TAIL 1', 'PID_LIGHTER 1', 'PID_ANTIDOTE 1', 120),
(941, 'PID_PURPLE_ROBE', 'Сшейте из старых кусков ткани один большой мешок, а потом добавьте к нему капюшон и рукава. Покрасить это дело соком из лепестков цветов.', 'SK_OUTDOORSMAN 80', 'SK_OUTDOORSMAN 100', 'PID_SANDBAG_EMPTY 3&PID_POCKET_LINT 2&PID_BROC_FLOWER 1&PID_BOOZE 1', 'PID_SHIV 1|PID_KNIFE 1|PID_THROWING_KNIFE 1', 'PID_PURPLE_ROBE 1', 100),
(942, 'PID_BLACK_ROBE', 'Сшейте из старых кусков ткани один большой мешок, а потом добавьте к нему капюшон и рукава. Покрасить это дело соком из лепестков цветов.', 'SK_OUTDOORSMAN 80', 'SK_OUTDOORSMAN 100', 'PID_SANDBAG_EMPTY 3&PID_POCKET_LINT 2&PID_BROC_FLOWER 1&PID_BOOZE 1', 'PID_SHIV 1|PID_KNIFE 1|PID_THROWING_KNIFE 1', 'PID_BLACK_ROBE 1', 100),
(943, 'PID_DS_ROBE', 'Сшейте из старых кусков ткани один большой мешок, а потом добавьте к нему капюшон и рукава. Покрасить это дело соком из лепестков цветов.', 'SK_OUTDOORSMAN 80', 'SK_OUTDOORSMAN 100', 'PID_SANDBAG_EMPTY 3&PID_POCKET_LINT 2&PID_BROC_FLOWER 1&PID_BOOZE 1', 'PID_SHIV 1|PID_KNIFE 1|PID_THROWING_KNIFE 1', 'PID_DS_ROBE 1', 100),
(944, 'PID_BL_ROBA', 'Сшейте из старых кусков ткани один большой мешок, а потом добавьте к нему капюшон и рукава. Покрасить это дело соком из лепестков цветов.', 'SK_OUTDOORSMAN 80', 'SK_OUTDOORSMAN 100', 'PID_SANDBAG_EMPTY 3&PID_POCKET_LINT 2&PID_BROC_FLOWER 1&PID_BOOZE 1', 'PID_SHIV 1|PID_KNIFE 1|PID_THROWING_KNIFE 1', 'PID_BL_ROBA 1', 100),
(945, 'PID_KR_ROBA', 'Сшейте из старых кусков ткани один большой мешок, а потом добавьте к нему капюшон и рукава. Покрасить это дело соком из лепестков цветов.', 'SK_OUTDOORSMAN 80', 'SK_OUTDOORSMAN 100', 'PID_SANDBAG_EMPTY 3&PID_POCKET_LINT 2&PID_BROC_FLOWER 1&PID_BOOZE 1', 'PID_SHIV 1|PID_KNIFE 1|PID_THROWING_KNIFE 1', 'PID_KR_ROBA 1', 100),
(946, 'PID_GR_ROBA', 'Сшейте из старых кусков ткани один большой мешок, а потом добавьте к нему капюшон и рукава. Покрасить это дело соком из лепестков цветов.', 'SK_OUTDOORSMAN 80', 'SK_OUTDOORSMAN 100', 'PID_SANDBAG_EMPTY 3&PID_POCKET_LINT 2&PID_BROC_FLOWER 1&PID_BOOZE 1', 'PID_SHIV 1|PID_KNIFE 1|PID_THROWING_KNIFE 1', 'PID_GR_ROBA 1', 100),
(947, 'PID_RE_ROBA', 'Сшейте из старых кусков ткани один большой мешок, а потом добавьте к нему капюшон и рукава. Покрасить это дело соком из лепестков цветов.', 'SK_OUTDOORSMAN 80', 'SK_OUTDOORSMAN 100', 'PID_SANDBAG_EMPTY 3&PID_POCKET_LINT 2&PID_BROC_FLOWER 1&PID_BOOZE 1', 'PID_SHIV 1|PID_KNIFE 1|PID_THROWING_KNIFE 1', 'PID_RE_ROBA 1', 100),
(948, 'PID_BLCK_ROBE', 'Сшейте из старых кусков ткани один большой мешок, а потом добавьте к нему капюшон и рукава. Покрасить это дело соком из лепестков цветов.', 'SK_OUTDOORSMAN 80', 'SK_OUTDOORSMAN 100', 'PID_SANDBAG_EMPTY 3&PID_POCKET_LINT 2&PID_BROC_FLOWER 1&PID_BOOZE 1', 'PID_SHIV 1|PID_KNIFE 1|PID_THROWING_KNIFE 1', 'PID_BLCK_ROBE 1', 100),
(949, 'PID_RAGS', 'Порежьте мантии или мешки на ткань.', 'NULL', 'SK_OUTDOORSMAN 30', 'PID_PURPLE_ROBE 1|PID_BLACK_ROBE 1|PID_DS_ROBE 1|PID_BLCK_ROBE 1|PID_BL_ROBA 1|PID_KR_ROBA 1|PID_GR_ROBA 1|PID_RE_ROBA 1|PID_SANDBAG_EMPTY 4', 'PID_KNIFE 1|PID_COMBAT_KNIFE 1', 'PID_RAGS 10', 50),
(950, 'PID_SANDBAG_EMPTY', 'Сшейте мешок из кусков ткани.', 'NULL', 'SK_OUTDOORSMAN 20', 'PID_RAGS 4&PID_POCKET_LINT 1', 'PID_SHIV 1', 'PID_SANDBAG_EMPTY 1', 25),
(951, 'PID_SANDBAG_1', 'Главное - найти песок. А потом нужно им просто наполнить мешок.', 'NULL', 'NULL', 'PID_SANDBAG_EMPTY 1', 'PID_SHOVEL 1', 'PID_SANDBAG_1 1', 10),
(952, 'PID_SANDBAG_EMPTY', 'Высыпать песок.', 'NULL', 'NULL', 'PID_SANDBAG_1 1', 'NULL', 'PID_SANDBAG_EMPTY 1', 1),
(953, 'PID_SHOVEL', 'Приладьте железку к черенку и прибейте гвоздями.', 'NULL', 'SK_OUTDOORSMAN 40', 'PID_METAL_TRASH 1&PID_SHARPENED_POLE 1', 'NULL', 'PID_SHOVEL 1', 20),
(954, 'PID_AXE', 'Найдите какую-нибудь ветку, насадите на неё железяку поострее.', 'NULL', 'SK_OUTDOORSMAN 40', 'PID_METAL_TRASH 1&PID_PUMP_PARTS 1', 'NULL', 'PID_AXE 1', 35),
(955, 'PID_BACKPACK', 'Сшейте рюкзак из кожи.', 'SK_OUTDOORSMAN 60', 'SK_OUTDOORSMAN 100', 'PID_POCKET_LINT 1&PID_MET_LEATHER 1', 'PID_SHIV 1&PID_KNIFE 1|PID_COMBAT_KNIFE 1', 'PID_BACKPACK 1', 125),
(956, 'PID_CAMO', 'Покрасьте лоскуты ткани в цвета пустоши и нашейте их на бледно-коричневую робу и специальную броню.', 'SK_OUTDOORSMAN 160', 'SK_OUTDOORSMAN 200', 'PID_RAGS 30&PID_DS_ROBE 1&PID_OCHRE_COLOR 3&PID_SPEC_ARMOR 1', 'PID_SHIV 1', 'PID_CAMO 1', 4000),
(957, 'PID_PART_OF_ROPE', 'Разрежте веревку на части.', 'SK_OUTDOORSMAN 10', 'SK_OUTDOORSMAN 15', 'PID_ROPE 1', 'PID_KNIFE 1|PID_COMBAT_KNIFE 1', 'PID_PART_OF_ROPE 3', 20),
(958, 'PID_ROPE', 'Свяжите из кусков целую веревку.', 'SK_OUTDOORSMAN 10', 'SK_OUTDOORSMAN 15', 'PID_PART_OF_ROPE 4', 'NULL', 'PID_ROPE 1', 20),
(959, 'PID_HYPODERMIC_NEEDLE', 'Из механизмов, пластика и проволки можно сделать простейшие шприцы.', 'SK_OUTDOORSMAN 25', 'SK_OUTDOORSMAN 30', 'PID_MET_PLASTIC 3&PID_TECH_MECHANISM 3&PID_MET_WIRES_STEEL 1', 'PID_MULTI_TOOL 1', 'PID_HYPODERMIC_NEEDLE 15', 85),
(960, 'PID_RING_BOXING_GLOVES', 'Сшейте шкуры и набейте их мягким мусором.', 'SK_UNARMED 100', 'SK_UNARMED 120', 'PID_MET_LEATHER 2&PID_POCKET_LINT 4', 'PID_SHIV 1', 'PID_RING_BOXING_GLOVES 1', 80),
(961, 'PID_RING_PLATED_BOXING_GLOVES', 'Перчатки с утяжелителем - правильный выбор для участника подпольных боёв. Главное - не оставляйте их без присмотра в раздевалке, иначе грозит дисквалификация.', 'SK_UNARMED 120', 'SK_UNARMED 130', 'PID_RING_BOXING_GLOVES 1&PID_METAL_TRASH 2', 'PID_MULTI_TOOL 1', 'PID_RING_PLATED_BOXING_GLOVES 1', 100),
(962, 'PID_BRASS_KNUCKLES', 'Пробейте дырки для пальцев в подходящей железяке, сможете попугать кого-нибудь. Только в драку с такой ерундой лучше не лезть.', 'SK_UNARMED 90', 'SK_UNARMED 110', 'PID_METAL_TRASH 1', 'PID_MULTI_TOOL 1', 'PID_BRASS_KNUCKLES 1', 120),
(963, 'PID_SPIKED_KNUCKLES', 'Гуманизм - это для слабых. Не пожалейте денег на сварку, чтобы приварить шипы к своему старому кастету. Четыре дырки в противнике того стоят.', 'SK_UNARMED 100', 'SK_UNARMED 120', 'PID_BRASS_KNUCKLES 1&PID_METAL_TRASH 1', 'PID_WELDING 1', 'PID_SPIKED_KNUCKLES 1', 160),
(964, 'PID_POWER_FIST', 'Времена детских кастетов прошли пора надевать на кулак что то посерьезнее чем железяка с дырками для пальцев.', 'SK_UNARMED 120', 'SK_UNARMED 160', 'PID_RING_PLATED_BOXING_GLOVES 1&PID_EL_CONDENSATS 6&PID_EL_BATTERY 3&PID_MET_WIRES_COPPER 1', 'PID_DEANS_ELECTRONICS 1&PID_SUPER_TOOL_KIT 1', 'PID_POWER_FIST 1', 937),
(965, 'PID_MEGA_POWER_FIST', 'Улучшить энергокулак можно по разному, но вам известен пожалуй самый действенный способ. Отрегулируйте мощность, и замените проводниковые элементы.', 'SK_UNARMED 140', 'SK_UNARMED 180', 'PID_POWER_FIST 1&PID_EL_MICROCHIPS 3&PID_EL_PULSE_TRANS 1&PID_MET_WIRES_STEEL 1', 'PID_DEANS_ELECTRONICS 1&PID_SUPER_TOOL_KIT 1', 'PID_MEGA_POWER_FIST 1', 1475),
(970, 'PID_CATTLE_PROD', 'Смонтируйте на дубинке простенький электрошокер, и жить станет веселей.', 'SK_MELEE_WEAPONS 100', 'SK_MELEE_WEAPONS 140', 'PID_CLUB 1&PID_MET_WIRES_COPPER 3&PID_EL_CONDENSATS 2&PID_EL_BATTERY 2', 'PID_MULTI_TOOL 1', 'PID_CATTLE_PROD 1', 150),
(971, 'PID_SUPER_CATTLE_PROD', 'После изучения нужной литературы у вас появилась замечательная идея насчёт того, как можно увеличить мощность электрошокера, не испортив его.', 'SK_MELEE_WEAPONS 120', 'SK_MELEE_WEAPONS 160', 'PID_CATTLE_PROD 1&PID_EL_CONDENSATS 4&PID_EL_BATTERY 2&PID_MET_WIRES_STEEL 1', 'PID_MULTI_TOOL 1&PID_DEANS_ELECTRONICS 1&PID_BIG_BOOK_OF_SCIENCE 1', 'PID_SUPER_CATTLE_PROD 1', 180),
(972, 'PID_THROWING_KNIFE', 'Сбалансируйте и дополнительно заточите эту железку.', 'SK_MELEE_WEAPONS 80|SK_THROWING 100', 'SK_MELEE_WEAPONS 100|SK_THROWING 120', 'PID_KNIFE 3', 'PID_MULTI_TOOL 1', 'PID_THROWING_KNIFE 3', 150),
(973, 'PID_THROWING_KNIFE_MK2', 'Из качественной стали, с применением лазерной резки, можно сделать легкие и смертоносные ножи для метания.', 'SK_THROWING 140', 'SK_THROWING 180', 'PID_MET_BALLISTIC_METALL 2', 'PID_TECH_LASER 1', 'PID_THROWING_KNIFE_MK2 3', 350),
(974, 'PID_COMBAT_KNIFE', 'Закалить заново лезвие, заточить, обмотать рукоять кожей, и этот нож уже можно называть оружием.', 'SK_MELEE_WEAPONS 100', 'SK_MELEE_WEAPONS 120', 'PID_KNIFE 1&PID_MET_LEATHER 1&PID_FIREWOOD 1', 'PID_SLEDGEHAMMER 1&PID_CHEM_BURNER 1', 'PID_COMBAT_KNIFE 1', 100),
(975, 'PID_WAKIZASHI_BLADE', 'Только человек, посвятивший себя изучению оружия, знает, как выковать настоящее лезвие.', 'SK_MELEE_WEAPONS 100', 'SK_MELEE_WEAPONS 140', 'PID_FIREWOOD 1&PID_MET_BALLISTIC_METALL 2&PID_MET_LEATHER 1&PID_BOTTLE_FULL 3|PID_CHEM_WATER_CLEAN 1', 'PID_SLEDGEHAMMER 1&PID_CHEM_BURNER 1', 'PID_WAKIZASHI_BLADE 1', 160),
(976, 'PID_RIPPER', 'Обычного ножа вам явно мало, возьмите 2 лезвия, сделайте на них зубья. Теперь приставьте их вместе и заставьте совершать движение в одной плоскости противоположно друг другу.', 'SK_MELEE_WEAPONS 140', 'SK_MELEE_WEAPONS 160', 'PID_COMBAT_KNIFE 2&PID_TECH_MOVE_PARTS 1&PID_TECH_MECHANISM 4&PID_EL_BATTERY 6&PID_TECH_ENGINE_SMALL 1&PID_EL_CONDENSATS 6&PID_MET_WIRES_COPPER 1', 'PID_MULTI_TOOL 1&PID_DEANS_ELECTRONICS 1', 'PID_RIPPER 1', 1000),
(977, 'PID_SUPER_SLEDGE', 'Если удастся направить всю кинетическую энергию молота только в один вектор, получится суперкувалда.', 'SK_MELEE_WEAPONS 140', 'SK_MELEE_WEAPONS 180', 'PID_SLEDGEHAMMER 1&PID_EL_PULSE_TRANS 1&PID_EL_MICROCHIPS 3&PID_MICRO_FUSION_CELL 30&PID_MET_BALLISTIC_METALL 2', 'PID_SUPER_TOOL_KIT 1&PID_DEANS_ELECTRONICS 1', 'PID_SUPER_SLEDGE 1', 1500),
(978, 'PID_WRENCH', 'Найдите железку подходящего размера и выпилите из неё нечто, чем можно было бы откручивать гайки.', 'SK_REPAIR 80', 'SK_REPAIR 100', 'PID_METAL_TRASH 1', 'PID_MULTI_TOOL 1', 'PID_WRENCH 1', 50),
(979, 'PID_CROWBAR', 'Нежными ударами придайте трубе правильную форму.', 'SK_REPAIR 60', 'SK_REPAIR 80', 'PID_TUBE 1', 'PID_SLEDGEHAMMER 1', 'PID_CROWBAR 1', 50),
(980, 'PID_LOCKPICKS', 'Вы разбираетесь в этом деле и можете сами себе изготовить отмычки. В красивом кожаном чехле.', 'SK_LOCKPICK 60', 'SK_LOCKPICK 100', 'PID_METAL_TRASH 1&PID_MET_LEATHER 1', 'PID_MULTI_TOOL 1', 'PID_LOCKPICKS 1', 150),
(981, 'PID_EXP_LOCKPICK_SET', 'Профессионалы вроде вас работают только с качественными инструментами!', 'SK_LOCKPICK 100', 'SK_LOCKPICK 140', 'PID_LOCKPICKS 2&PID_MULTI_TOOL 1&PID_TECH_MECHANISM 1', 'PID_SUPER_TOOL_KIT 1', 'PID_EXP_LOCKPICK_SET 1', 300),
(982, 'PID_RADIO', 'Вам одиноко? Не с кем общаться? Вокруг одни сволочи и кротокрысы? Вам хочется об этом поговорить? Специально для вас! Схема простейшего приёмника в каждом номере \"Электроники Дина\"!', 'SK_SCIENCE 40', 'SK_SCIENCE 80&SK_REPAIR 50', 'PID_V15_COMPUTER_PART 1&PID_MET_PLASTIC 1&PID_MET_WIRES_COPPER 1', 'PID_MULTI_TOOL 1&PID_DEANS_ELECTRONICS 1&PID_LIGHTER 1', 'PID_RADIO 1', 100),
(983, 'PID_MOTION_SENSOR', 'Из рации и дополнительных деталей вы можете собрать сенсор движения.', 'SK_SCIENCE 80&SK_OUTDOORSMAN 130', 'SK_OUTDOORSMAN 150&SK_SCIENCE 100', 'PID_RADIO 1&PID_EL_INTERFACE 1&PID_EL_MICROCHIPS 1&PID_MET_PLASTIC 2', 'PID_SCOUT_HANDBOOK 1&PID_LIGHTER 1', 'PID_MOTION_SENSOR 1', 750),
(984, 'PID_STEALTH_BOY', 'Выньте нужные запчасти из рации и соберите стелс бой.', 'SK_SCIENCE 100&SK_REPAIR 130', 'SK_SCIENCE 120&SK_REPAIR 150', 'PID_RADIO 1&PID_TECH_MECHANISM 1&PID_EL_MICROCHIPS 1&PID_OPT_LENS 8', 'PID_MULTI_TOOL 1&PID_DEANS_ELECTRONICS 1', 'PID_STEALTH_BOY 1', 500),
(985, 'PID_OCHRE_COLOR', 'Вы представляете себе, как из доступных компонентов изготовить минеральную краску цвета охры. Качество будет не лучшим, но служить она будет.', 'SK_OUTDOORSMAN 100&SK_SCIENCE 140', 'SK_OUTDOORSMAN 120&SK_SCIENCE 160', 'PID_BIO_GEL 2&PID_CHEM_ACID 1&PID_CHEM_CATALYST 1&PID_MINERAL 4&PID_BOTTLE_FULL 3|PID_CHEM_WATER_CLEAN 1', 'PID_FLINT 1&PID_CHEMISTRY_MANUAL 1', 'PID_OCHRE_COLOR 2', 780),
(986, 'PID_TURL_PULT', 'Зная основные принципы программирования систем безопасности, можно сделать универсальный передатчик с необходимым набором функций. Требуется верстак.', 'SK_SCIENCE 140&SK_REPAIR 120', 'SK_SCIENCE 160&SK_REPAIR 140&PE_COMPUSTER 1', 'PID_EL_CPLD 1&PID_EL_INTERFACE 1&PID_EL_MICROCHIPS 4&PID_EL_CABLE 3&PID_V15_COMPUTER_PART 1&PID_EL_BATTERY 1', 'PID_SUPER_TOOL_KIT 1&PID_BIG_BOOK_OF_SCIENCE 1', 'PID_TURL_PULT 1', 960),
(987, 'PID_SCOUT_CONTROLLER', 'Используйте радиоуправляемые элементы, чтобы создать стабильное соединение с системами робота. Не забудьте дружелюбный интуитивный интерфейс. Требуется верстак.', 'SK_REPAIR 120&SK_SCIENCE 160', 'SK_REPAIR 140&SK_SCIENCE 180&PE_COMPUSTER 1', 'PID_EL_MICROPROC 1&PID_EL_CPLD 1&PID_EL_INTERFACE 1&PID_EL_MICROCHIPS 8&PID_EL_CABLE 4&PID_V15_COMPUTER_PART 3&PID_MOTION_SENSOR 1&PID_EL_BATTERY 2', 'PID_SUPER_TOOL_KIT 1&PID_BIG_BOOK_OF_SCIENCE 1', 'PID_SCOUT_CONTROLLER 1', 1820),
(988, 'PID_TURL_BOX', 'Берем три трубы и свариваем вместе в виде треноги. А потом просто крепим сверху программируемый модуль с разъемом для оружия. Мешки шить и то сложнее. Требуется верстак.', 'SK_SCIENCE 120&SK_REPAIR 120', 'SK_SCIENCE 160&SK_REPAIR 160&PE_COMPUSTER 1', 'PID_EL_MICROPROC 1&PID_EL_CPLD 1&PID_TECH_MOVE_PARTS 1&PID_TECH_MECHANISM 4&PID_EL_MICROCHIPS 8&PID_V15_COMPUTER_PART 4&PID_TUBE 3', 'PID_MULTI_TOOL 1&PID_DEANS_ELECTRONICS 1', 'PID_TURL_BOX 1', 1550),
(989, 'PID_ROBO_EYE', 'Из запчастей робота вы можете собрать неплохого разведчика. Пускай даже и с нуля. Требуется верстак.', 'SK_SCIENCE 160&SK_REPAIR 140', 'SK_SCIENCE 200&SK_REPAIR 180&PE_COMPUSTER 1', 'PID_ROBOT_PARTS 2&PID_EL_ROBOT_CP 1&PID_EL_CPLD 1&PID_TECH_MOVE_PARTS 4&PID_TECH_ENGINE_MID 1&PID_EL_MICROCHIPS 26&PID_V15_COMPUTER_PART 3&PID_MICRO_FUSION_CELL 100', 'PID_MULTI_TOOL 1&PID_DEANS_ELECTRONICS 1', 'PID_ROBO_EYE 1', 3890),
(990, 'PID_MUT_ARMOR_LEATHER', 'Требуется верстак.', 'MODE_MUTATION 1', 'MODE_MUTATION 1', 'PID_LEATHER_JACKET 2', 'NULL', 'PID_MUT_ARMOR_LEATHER 1', 100),
(991, 'PID_MUT_ARMOR_TESLA', 'Требуется верстак.', 'MODE_MUTATION 1', 'MODE_MUTATION 1', 'PID_TESLA_ARMOR 2', 'NULL', 'PID_MUT_ARMOR_TESLA 1', 100),
(992, 'PID_MUT_ARMOR_COMBAT', 'Требуется верстак.', 'MODE_MUTATION 1', 'MODE_MUTATION 1', 'PID_COMBAT_ARMOR 2', 'NULL', 'PID_MUT_ARMOR_COMBAT 1', 100),
(993, 'PID_MUT_ARMOR_COMBAT_II', 'Требуется верстак.', 'MODE_MUTATION 1', 'MODE_MUTATION 1', 'PID_COMBAT_ARMOR_MK_II 2', 'NULL', 'PID_MUT_ARMOR_COMBAT_II 1', 100),
(994, 'PID_MUT_ARMOR_SPEC', 'Требуется верстак.', 'MODE_MUTATION 1', 'MODE_MUTATION 1', 'PID_SPEC_ARMOR 2', 'NULL', 'PID_MUT_ARMOR_SPEC 1', 100),
(995, 'PID_MUT_ARMOR_PA', 'Требуется верстак.', 'MODE_MUTATION 1', 'MODE_MUTATION 1', 'PID_POWERED_ARMOR 2|PID_HARDENED_POWER_ARMOR 2', 'NULL', 'PID_MUT_ARMOR_PA 1', 100),
(996, 'PID_MUT_ARMOR_PA_II', 'Требуется верстак.', 'MODE_MUTATION 1', 'MODE_MUTATION 1', 'PID_ADVANCED_POWER_ARMOR 2|PID_ADVANCED_POWER_ARMOR_MK2 2', 'NULL', 'PID_MUT_ARMOR_PA_II 1', 100),
(997, 'PID_MUT_ARMOR_RBK', 'Требуется верстак.', 'MODE_MUTATION 1', 'MODE_MUTATION 1', 'PID_ROBO_ARMOR 2', 'NULL', 'PID_MUT_ARMOR_RBK 1', 100),
(998, 'PID_MUT_ARMOR_RBK_II', 'Требуется верстак.', 'MODE_MUTATION 1', 'MODE_MUTATION 1', 'PID_ROBO_ARMOR_II 2', 'NULL', 'PID_MUT_ARMOR_RBK_II 1', 100),
(966, 'PID_SMITTY_MEAL', 'Приготовте отличный комплексный обед.', 'SK_OUTDOORSMAN 1', 'SK_OUTDOORSMAN 10', 'PID_BERRY 3&PID_BEST_MEAT 1&PID_MUTATED_FRUIT 5', 'NULL', 'PID_SMITTY_MEAL 1', 100);

-- --------------------------------------------------------

--
-- Структура таблицы `decraft`
--
-- Создание: Янв 18 2017 г., 01:55
-- Последнее обновление: Июл 21 2017 г., 02:07
-- Последняя проверка: Июл 21 2017 г., 02:07
--

DROP TABLE IF EXISTS `decraft`;
CREATE TABLE `decraft` (
  `pid` varchar(50) COLLATE utf8_unicode_ci NOT NULL,
  `METALLURGY` int(3) NOT NULL,
  `MECHANICS` int(3) NOT NULL,
  `CHEMISTRY` int(3) NOT NULL,
  `OPTICS` int(3) NOT NULL,
  `ELECTRONICS` int(3) NOT NULL,
  `CYBERNETICS` int(3) NOT NULL,
  `ENERGETICS` int(3) NOT NULL,
  `PHARMACOLOGY` int(3) NOT NULL,
  `VIRUSOLOGY` int(3) NOT NULL,
  `BIOLOGY` int(3) NOT NULL,
  `BALLISTIC` int(3) NOT NULL,
  `LIMIT` int(4) NOT NULL
) ENGINE=MyISAM DEFAULT CHARSET=utf8 COLLATE=utf8_unicode_ci;

--
-- Дамп данных таблицы `decraft`
--

INSERT INTO `decraft` (`pid`, `METALLURGY`, `MECHANICS`, `CHEMISTRY`, `OPTICS`, `ELECTRONICS`, `CYBERNETICS`, `ENERGETICS`, `PHARMACOLOGY`, `VIRUSOLOGY`, `BIOLOGY`, `BALLISTIC`, `LIMIT`) VALUES
('PID_LEATHER_ARMOR', 1, 0, 0, 0, 0, 0, 0, 0, 0, 0, 1, 50),
('PID_LEATHER_ARMOR_MK_II', 1, 0, 0, 0, 0, 0, 0, 0, 0, 0, 1, 60),
('PID_CURED_LEATHER_ARMOR', 1, 0, 0, 0, 0, 0, 0, 0, 0, 0, 1, 75),
('PID_METAL_ARMOR', 2, 0, 0, 0, 0, 0, 0, 0, 0, 0, 2, 100),
('PID_METAL_ARMOR_MK_II', 2, 0, 0, 0, 0, 0, 0, 0, 0, 0, 2, 110),
('PID_TESLA_ARMOR', 2, 0, 0, 0, 0, 0, 3, 0, 0, 0, 2, 150),
('PID_COMBAT_ARMOR', 1, 0, 0, 0, 0, 0, 0, 0, 0, 0, 3, 150),
('PID_COMBAT_ARMOR_MK_II', 1, 0, 0, 0, 0, 0, 0, 0, 0, 0, 4, 175),
('PID_BROTHERHOOD_COMBAT_ARMOR', 1, 0, 0, 0, 2, 0, 0, 0, 0, 0, 4, 175),
('PID_BLACK_COMBAT_ARMOR', 1, 0, 0, 0, 2, 0, 0, 0, 0, 0, 4, 175),
('PID_BLACK_ARMOR', 1, 0, 0, 0, 2, 0, 0, 0, 0, 0, 4, 175),
('PID_DESERT_ARMOR', 2, 0, 1, 0, 0, 0, 0, 0, 0, 0, 4, 175),
('PID_SPEC_K', 1, 0, 0, 2, 0, 0, 0, 0, 0, 0, 2, 150),
('PID_SPEC_ARMOR', 1, 0, 0, 0, 2, 0, 0, 0, 0, 0, 4, 175),
('PID_PIJAMA', 1, 0, 0, 0, 0, 0, 0, 0, 0, 0, 0, 100),
('PID_BLUE_COMBAT_ARMOR', 3, 0, 0, 0, 1, 0, 0, 0, 0, 0, 5, 175),
('PID_POWERED_ARMOR', 5, 3, 0, 1, 4, 1, 3, 0, 0, 0, 6, 225),
('PID_HARDENED_POWER_ARMOR', 5, 3, 0, 1, 4, 1, 3, 0, 0, 0, 7, 225),
('PID_ADVANCED_POWER_ARMOR', 6, 4, 0, 2, 5, 2, 5, 0, 0, 0, 8, 300),
('PID_ADVANCED_POWER_ARMOR_MK2', 6, 4, 0, 2, 5, 2, 5, 0, 0, 0, 9, 300),
('PID_ROBO_ARMOR', 3, 5, 0, 0, 4, 1, 2, 0, 0, 0, 7, 300),
('PID_ROBO_ARMOR_II', 3, 5, 0, 0, 5, 2, 2, 0, 0, 0, 7, 300),
('PID_PID_SUPER_ARMOR', 3, 7, 0, 0, 6, 3, 2, 0, 0, 0, 7, 300),
('PID_PURPLE_ROBE', 1, 0, 1, 0, 0, 0, 0, 0, 0, 0, 0, 70),
('PID_KEEPBRIGE_ROBE', 2, 0, 6, 0, 0, 0, 0, 0, 0, 0, 6, 225),
('PID_BLACK_ROBE', 1, 0, 1, 0, 0, 0, 0, 0, 0, 0, 0, 70),
('PID_DS_ROBE', 1, 0, 1, 0, 0, 0, 0, 0, 0, 0, 0, 70),
('PID_BLCK_ROBE', 1, 0, 1, 0, 0, 0, 0, 0, 0, 0, 0, 70),
('PID_BL_ROBA', 1, 0, 1, 0, 0, 0, 0, 0, 0, 0, 0, 70),
('PID_KR_ROBA', 1, 0, 1, 0, 0, 0, 0, 0, 0, 0, 0, 70),
('PID_GR_ROBA', 1, 0, 1, 0, 0, 0, 0, 0, 0, 0, 0, 70),
('PID_RE_ROBA', 1, 0, 1, 0, 0, 0, 0, 0, 0, 0, 0, 70),
('PID_MUT_ARMOR1', 1, 0, 0, 0, 0, 0, 0, 0, 0, 3, 3, 150),
('PID_MUT_ARMOR2', 2, 0, 0, 1, 1, 0, 1, 0, 0, 3, 4, 225),
('PID_MUT_ARMOR3', 3, 0, 0, 2, 2, 0, 2, 0, 0, 3, 5, 300),
('PID_MUT_ARMOR_LEATHER', 1, 0, 0, 0, 0, 0, 0, 0, 0, 0, 1, 50),
('PID_MUT_ARMOR_COMBAT', 1, 0, 0, 0, 0, 0, 0, 0, 0, 0, 3, 150),
('PID_MUT_ARMOR_COMBAT_II', 1, 0, 0, 0, 0, 0, 0, 0, 0, 0, 4, 175),
('PID_MUT_ARMOR_PA', 5, 3, 0, 1, 4, 1, 3, 0, 0, 0, 6, 225),
('PID_MUT_ARMOR_PA_II', 6, 4, 0, 2, 5, 2, 5, 0, 0, 0, 9, 300),
('PID_MUT_ARMOR_TESLA', 2, 0, 0, 0, 0, 0, 3, 0, 0, 0, 2, 150),
('PID_MUT_ARMOR_SPEC', 1, 0, 0, 0, 2, 0, 0, 0, 0, 0, 4, 175),
('PID_MUT_ARMOR_RBK', 3, 5, 0, 0, 4, 1, 2, 0, 0, 0, 7, 200),
('PID_MUT_ARMOR_RBK_II', 3, 5, 0, 0, 5, 2, 2, 0, 0, 0, 7, 200),
('PID_ZIP_GUN', 1, 2, 0, 0, 0, 0, 0, 0, 0, 0, 1, 50),
('PID_9MM_MAUSER', 1, 1, 0, 0, 0, 0, 0, 0, 0, 0, 1, 50),
('PID_10MM_PISTOL', 1, 1, 0, 0, 0, 0, 0, 0, 0, 0, 1, 60),
('PID_14MM_PISTOL', 1, 2, 0, 0, 0, 0, 0, 0, 0, 0, 2, 100),
('PID_DESERT_EAGLE', 2, 2, 0, 0, 0, 0, 0, 0, 0, 0, 2, 70),
('PID_DESERT_EAGLE_EXT_MAG', 2, 3, 0, 0, 0, 0, 0, 0, 0, 0, 2, 80),
('PID_223_PISTOL', 2, 3, 0, 0, 0, 0, 0, 0, 0, 0, 3, 100),
('PID_44_MAGNUM_REVOLVER', 2, 4, 0, 0, 0, 0, 0, 0, 0, 0, 2, 80),
('PID_44_MAGNUM_SPEEDLOADER', 2, 5, 0, 0, 0, 0, 0, 0, 0, 0, 2, 90),
('PID_NEEDLER_PISTOL', 1, 3, 0, 0, 0, 0, 0, 1, 0, 0, 1, 100),
('PID_PK12_GAUSS_PISTOL', 1, 5, 0, 0, 0, 0, 0, 0, 0, 0, 5, 200),
('PID_HUNTING_RIFLE', 1, 3, 0, 0, 0, 0, 0, 0, 0, 0, 3, 80),
('PID_SCOPED_HUNTING_RIFLE', 1, 3, 0, 2, 0, 0, 0, 0, 0, 0, 3, 100),
('PID_SPRINGER_RIFLE', 1, 1, 0, 0, 0, 0, 0, 0, 0, 0, 1, 60),
('PID_ASSAULT_RIFLE', 2, 6, 0, 0, 0, 0, 0, 0, 0, 0, 3, 120),
('PID_ASSAULT_RIFLE_EXT_MAG', 2, 7, 0, 0, 0, 0, 0, 0, 0, 0, 3, 140),
('PID_SNIPER_RIFLE', 2, 4, 0, 3, 0, 0, 0, 0, 0, 0, 4, 200),
('PID_FN_FAL', 2, 6, 0, 0, 0, 0, 0, 0, 0, 0, 3, 150),
('PID_FN_FAL_NIGHT_SCOPE', 2, 6, 0, 3, 2, 0, 0, 0, 0, 0, 3, 160),
('PID_FN_FAL_HPFA', 2, 7, 0, 0, 0, 0, 0, 0, 0, 0, 4, 195),
('PID_RED_RYDER_BB_GUN', 1, 3, 0, 0, 0, 0, 0, 0, 0, 0, 1, 150),
('PID_RED_RYDER_LE_BB_GUN', 1, 3, 0, 0, 0, 0, 0, 0, 0, 0, 1, 150),
('PID_JONNY_BB_GUN', 1, 10, 0, 0, 0, 0, 0, 0, 0, 0, 2, 250),
('PID_INDEPENDENT', 3, 20, 0, 1, 0, 0, 0, 0, 0, 0, 3, 200),
('PID_M72_GAUSS_RIFLE', 2, 10, 0, 0, 0, 0, 0, 0, 0, 0, 6, 280),
('PID_SHOTGUN', 1, 3, 0, 0, 0, 0, 0, 0, 0, 0, 3, 50),
('PID_SAWED_OFF_SHOTGUN', 1, 3, 0, 0, 0, 0, 0, 0, 0, 0, 4, 100),
('PID_COMBAT_SHOTGUN', 1, 4, 0, 0, 0, 0, 0, 0, 0, 0, 4, 150),
('PID_HK_CAWS', 2, 5, 0, 0, 0, 0, 0, 0, 0, 0, 5, 150),
('PID_PANCOR_JACKHAMMER', 2, 6, 0, 0, 0, 0, 0, 0, 0, 0, 5, 200),
('PID_10MM_SMG', 1, 4, 0, 0, 0, 0, 0, 0, 0, 0, 2, 100),
('PID_HK_P90C', 2, 5, 0, 0, 0, 0, 0, 0, 0, 0, 3, 200),
('PID_TOMMY_GUN', 1, 3, 0, 0, 0, 0, 0, 0, 0, 0, 2, 100),
('PID_HK_G11', 3, 6, 0, 0, 0, 0, 0, 0, 0, 0, 4, 200),
('PID_HK_G11E', 3, 7, 0, 1, 2, 0, 0, 0, 0, 0, 4, 225),
('PID_GREASE_GUN', 1, 4, 0, 0, 0, 0, 0, 0, 0, 0, 2, 175),
('PID_MAUSER_SMG', 1, 3, 0, 0, 0, 0, 0, 0, 0, 0, 1, 150),
('PID_FLAMER', 1, 2, 1, 0, 0, 0, 0, 0, 0, 0, 1, 100),
('PID_IMPROVED_FLAMETHROWER', 1, 2, 2, 0, 0, 0, 0, 0, 0, 0, 1, 140),
('PID_ROCKET_LAUNCHER', 2, 1, 0, 0, 0, 0, 0, 0, 0, 0, 7, 150),
('PID_MINIGUN', 1, 14, 0, 0, 0, 0, 0, 0, 0, 0, 2, 100),
('PID_AVENGER_MINIGUN', 1, 18, 0, 0, 0, 0, 0, 0, 0, 0, 2, 135),
('PID_VINDICATOR_MINIGUN', 2, 20, 0, 0, 0, 0, 0, 0, 0, 0, 4, 280),
('PID_BOZAR', 3, 20, 0, 4, 0, 0, 0, 0, 0, 0, 5, 250),
('PID_LIGHT_SUPPORT_WEAPON', 2, 14, 0, 2, 0, 0, 0, 0, 0, 0, 5, 200),
('PID_M60', 1, 10, 0, 0, 0, 0, 0, 0, 0, 0, 3, 200),
('PID_LASER_PISTOL', 1, 1, 0, 0, 1, 0, 1, 0, 0, 0, 0, 50),
('PID_MAGNETO_LASER_PISTOL', 1, 1, 0, 0, 1, 0, 2, 0, 0, 0, 0, 90),
('PID_SOLAR_SCORCHER', 1, 1, 0, 0, 2, 0, 3, 0, 0, 0, 0, 280),
('PID_LASER_RIFLE', 1, 1, 0, 0, 2, 0, 3, 0, 0, 0, 0, 100),
('PID_LASER_RIFLE_EXT_CAP', 1, 1, 0, 0, 2, 0, 3, 0, 0, 0, 0, 130),
('PID_GATLING_LASER', 2, 5, 0, 0, 3, 0, 4, 0, 0, 0, 0, 300),
('PID_ALIEN_LASER_PISTOL', 2, 1, 0, 0, 3, 0, 15, 0, 0, 0, 0, 300),
('PID_PLASMA_PISTOL', 1, 1, 0, 0, 2, 0, 4, 0, 0, 0, 0, 100),
('PID_PLASMA_PISTOL_EXT_CART', 1, 1, 0, 0, 2, 0, 5, 0, 0, 0, 0, 130),
('PID_PLASMA_RIFLE', 2, 1, 0, 0, 3, 0, 5, 0, 0, 0, 0, 180),
('PID_TURBO_PLASMA_RIFLE', 2, 1, 0, 0, 3, 0, 5, 0, 0, 0, 0, 250),
('PID_YK32_PULSE_PISTOL', 2, 1, 0, 0, 4, 0, 6, 0, 0, 0, 0, 200),
('PID_YK42B_PULSE_RIFLE', 2, 1, 0, 0, 5, 0, 7, 0, 0, 0, 0, 250),
('PID_BFG', 3, 1, 0, 0, 6, 0, 15, 0, 0, 0, 0, 300),
('PID_SCORPION', 3, 30, 0, 0, 0, 0, 10, 0, 0, 0, 15, 300),
('PID_CHIMEC', 2, 1, 3, 0, 5, 0, 30, 0, 0, 0, 0, 300),
('PID_OSA', 3, 5, 0, 20, 0, 0, 0, 0, 0, 0, 20, 300),
('PID_ROCKET_LAUNCHER_DUO', 2, 20, 0, 0, 2, 0, 0, 0, 0, 0, 10, 300),
('PID_MOLOTOV_COCKTAIL', 0, 0, 5, 0, 0, 0, 0, 0, 0, 0, 1, 50),
('PID_FRAG_GRENADE', 0, 2, 0, 0, 0, 0, 0, 0, 0, 0, 2, 90),
('PID_PLASMA_GRENADE', 0, 1, 0, 0, 1, 0, 2, 0, 0, 0, 0, 120),
('PID_PULSE_GRENADE', 0, 1, 0, 0, 0, 0, 3, 0, 0, 0, 0, 180),
('PID_STAN_GRENADE', 0, 1, 2, 1, 0, 0, 0, 0, 0, 0, 1, 200),
('PID_SMOKE_GRENADE', 0, 1, 2, 0, 0, 0, 0, 0, 0, 0, 0, 200),
('PID_MUSTARD_GAS_GRENADE', 0, 1, 3, 0, 0, 0, 0, 0, 3, 0, 0, 200),
('PID_HAND_LAUNCHER', 1, 3, 0, 0, 0, 0, 0, 0, 0, 0, 15, 300),
('PID_FLARE', 0, 0, 1, 0, 0, 0, 0, 0, 0, 0, 0, 75),
('PID_ACTIVE_FLARE', 0, 0, 2, 0, 0, 0, 0, 0, 0, 0, 0, 75),
('PID_PLANT_SPIKE', 0, 0, 0, 0, 0, 0, 0, 0, 0, 1, 0, 30),
('PID_THROWING_KNIFE', 2, 0, 0, 0, 0, 0, 0, 0, 0, 0, 1, 100),
('PID_ROCK', 1, 0, 0, 0, 0, 0, 0, 0, 0, 0, 0, 50),
('PID_GOLD_NUGGET', 2, 0, 0, 0, 0, 0, 0, 0, 0, 0, 0, 150),
('PID_URANIUM_ORE', 4, 0, 0, 0, 0, 0, 0, 0, 1, 0, 0, 150),
('PID_REFINED_ORE', 5, 0, 0, 0, 0, 0, 0, 0, 2, 0, 0, 300),
('PID_KNIFE', 1, 0, 0, 0, 0, 0, 0, 0, 0, 0, 0, 50),
('PID_COMBAT_KNIFE', 2, 0, 0, 0, 0, 0, 0, 0, 0, 0, 0, 80),
('PID_LIL_JESUS_WEAPON', 3, 0, 0, 0, 0, 0, 0, 0, 0, 0, 0, 150),
('PID_SHIV', 1, 0, 0, 0, 0, 0, 0, 0, 0, 0, 0, 100),
('PID_SWITCHBLADE', 2, 1, 0, 0, 0, 0, 0, 0, 0, 0, 0, 150),
('PID_WAKIZASHI_BLADE', 4, 0, 0, 0, 0, 0, 0, 0, 0, 0, 0, 100),
('PID_SPEAR', 1, 0, 0, 0, 0, 0, 0, 0, 0, 0, 0, 80),
('PID_SHARP_SPEAR', 2, 0, 0, 0, 0, 0, 0, 0, 0, 0, 0, 100),
('PID_SHARPENED_POLE', 1, 0, 0, 0, 0, 0, 0, 0, 0, 0, 0, 100),
('PID_CLUB', 1, 0, 0, 0, 0, 0, 0, 0, 0, 0, 0, 70),
('PID_CROWBAR', 1, 1, 0, 0, 0, 0, 0, 0, 0, 0, 0, 90),
('PID_WRENCH', 2, 2, 0, 0, 0, 0, 0, 0, 0, 0, 0, 90),
('PID_SLEDGEHAMMER', 1, 1, 0, 0, 0, 0, 0, 0, 0, 0, 0, 90),
('PID_LOUISVILLE_SLUGGER', 1, 0, 0, 0, 0, 0, 0, 0, 0, 0, 0, 110),
('PID_SUPER_SLEDGE', 4, 1, 0, 0, 2, 0, 0, 0, 0, 0, 0, 150),
('PID_CATTLE_PROD', 1, 2, 0, 0, 1, 0, 2, 0, 0, 0, 0, 150),
('PID_SUPER_CATTLE_PROD', 1, 2, 0, 0, 1, 0, 3, 0, 0, 0, 0, 150),
('PID_RIPPER', 2, 3, 0, 0, 2, 0, 3, 0, 0, 0, 0, 200),
('PID_BOXING_GLOVES', 1, 0, 0, 0, 0, 0, 0, 0, 0, 0, 0, 100),
('PID_PLATED_BOXING_GLOVES', 1, 0, 0, 0, 0, 0, 0, 0, 0, 0, 0, 100),
('PID_RING_BOXING_GLOVES', 1, 0, 0, 0, 0, 0, 0, 0, 0, 0, 0, 100),
('PID_RING_PLATED_BOXING_GLOVES', 1, 0, 0, 0, 0, 0, 0, 0, 0, 0, 0, 100),
('PID_POWER_FIST', 2, 1, 0, 0, 1, 0, 0, 0, 0, 0, 0, 200),
('PID_BRASS_KNUCKLES', 1, 0, 0, 0, 0, 0, 0, 0, 0, 0, 0, 50),
('PID_SPIKED_KNUCKLES', 1, 0, 0, 0, 0, 0, 0, 0, 0, 0, 0, 80),
('PID_MEGA_POWER_FIST', 3, 2, 0, 0, 2, 0, 1, 0, 0, 0, 0, 225),
('PID_HOLY_HAND_GRENADE', 0, 0, 0, 0, 0, 0, 0, 0, 0, 0, 30, 300),
('PID_4_7MM_CASELESS', 1, 0, 0, 0, 0, 0, 0, 0, 0, 0, 2, 150),
('PID_5MM_JHP', 1, 0, 0, 0, 0, 0, 0, 0, 0, 0, 1, 70),
('PID_5MM_AP', 1, 0, 0, 0, 0, 0, 0, 0, 0, 0, 1, 100),
('PID_7_62MM_AMMO', 1, 0, 0, 0, 0, 0, 0, 0, 0, 0, 1, 100),
('PID_9MM_AMMO', 1, 0, 0, 0, 0, 0, 0, 0, 0, 0, 1, 70),
('PID_9MM_BALL', 1, 0, 0, 0, 0, 0, 0, 0, 0, 0, 1, 70),
('PID_10MM_JHP', 1, 0, 0, 0, 0, 0, 0, 0, 0, 0, 1, 70),
('PID_10MM_AP', 1, 0, 0, 0, 0, 0, 0, 0, 0, 0, 1, 100),
('PID_14MM_AP', 1, 0, 0, 0, 0, 0, 0, 0, 0, 0, 1, 100),
('PID_44_MAGNUM_JHP', 1, 0, 0, 0, 0, 0, 0, 0, 0, 0, 1, 75),
('PID_44_FMJ_MAGNUM', 1, 0, 0, 0, 0, 0, 0, 0, 0, 0, 1, 75),
('PID_45_CALIBER_AMMO', 1, 0, 0, 0, 0, 0, 0, 0, 0, 0, 1, 100),
('PID_223_FMJ', 1, 0, 0, 0, 0, 0, 0, 0, 0, 0, 1, 80),
('PID_SHOTGUN_SHELLS', 1, 0, 0, 0, 0, 0, 0, 0, 0, 0, 1, 80),
('PID_2MM_EC_AMMO', 1, 0, 0, 0, 0, 0, 0, 0, 0, 0, 2, 200),
('PID_12_7MM', 1, 0, 0, 0, 0, 0, 0, 0, 0, 0, 6, 250),
('PID_NUKLE', 1, 0, 0, 0, 0, 0, 0, 0, 0, 0, 6, 250),
('PID_EXPLOSIVE_ROCKET', 2, 0, 0, 0, 0, 0, 0, 0, 0, 0, 2, 100),
('PID_ROCKET_AP', 2, 0, 0, 0, 0, 0, 0, 0, 0, 0, 3, 150),
('PID_FLAMETHROWER_FUEL', 0, 0, 1, 0, 0, 0, 0, 0, 0, 0, 0, 100),
('PID_FLAMETHROWER_FUEL_MK_II', 0, 0, 2, 0, 0, 0, 0, 0, 0, 0, 0, 140),
('PID_SMALL_ENERGY_CELL', 0, 0, 0, 0, 0, 0, 1, 0, 0, 0, 0, 100),
('PID_MICRO_FUSION_CELL', 0, 0, 0, 0, 0, 0, 2, 0, 0, 0, 0, 140),
('PID_BBS', 0, 0, 0, 0, 0, 0, 0, 0, 0, 0, 1, 50),
('PID_HN_NEEDLER_CARTRIDGE', 0, 1, 0, 0, 0, 0, 0, 1, 1, 0, 1, 80),
('PID_HN_AP_NEEDLER_CARTRIDGE', 0, 2, 0, 0, 0, 0, 0, 1, 1, 0, 1, 120),
('PID_NAPALM', 3, 0, 4, 0, 0, 0, 0, 0, 0, 0, 0, 200),
('PID_TURL_BOX', 1, 3, 0, 0, 3, 2, 0, 0, 0, 0, 0, 250),
('PID_TURL_PULT', 0, 0, 0, 0, 4, 1, 0, 0, 0, 0, 0, 200),
('PID_ROBO_EYE', 3, 5, 0, 0, 3, 7, 0, 0, 0, 0, 0, 250),
('PID_SCOUT_CONTROLLER', 0, 0, 0, 0, 5, 1, 0, 0, 0, 0, 0, 225),
('PID_CHITIN_ARMOR', 1, 0, 0, 0, 0, 0, 0, 0, 2, 3, 3, 225),
('PID_CHITIN_ARMOR_MK_II', 2, 0, 0, 0, 0, 0, 0, 0, 3, 3, 4, 225),
('PID_BOX_OF_DOUGHNUTS', 0, 0, 0, 0, 0, 0, 0, 0, 0, 2, 0, 150),
('PID_CHITIN_ARMOR_RECIPE', 1, 0, 0, 0, 0, 0, 0, 0, 0, 0, 0, 150),
('PID_FAKE_LETTER', 1, 0, 0, 0, 0, 0, 0, 0, 0, 0, 0, 150),
('PID_PG_FRAG', 2, 0, 0, 0, 0, 0, 0, 0, 0, 0, 6, 200),
('PID_PG_PLAS', 0, 0, 0, 0, 0, 0, 4, 0, 0, 0, 0, 200),
('PID_PG_PULS', 0, 0, 0, 0, 0, 0, 5, 0, 0, 0, 0, 200),
('PID_ASH_14', 3, 15, 0, 0, 0, 0, 0, 0, 0, 0, 10, 300),
('PID_14MM_SN', 1, 0, 0, 0, 0, 0, 0, 0, 0, 0, 10, 200),
('PID_14MM_EXPL', 2, 0, 0, 0, 0, 0, 0, 0, 0, 0, 15, 200),
('PID_2MM_MAG', 2, 0, 0, 0, 1, 0, 0, 0, 0, 0, 8, 200),
('PID_HK_NEEDLER_POISON', 0, 1, 0, 0, 0, 0, 0, 0, 5, 0, 4, 200),
('PID_45_AP', 1, 0, 0, 0, 0, 0, 0, 0, 0, 0, 4, 150),
('PID_12MM_FIRE', 1, 0, 2, 0, 0, 0, 0, 0, 0, 0, 4, 150),
('PID_12MM_BULL', 2, 1, 0, 0, 0, 0, 0, 0, 0, 0, 5, 200),
('PID_10MM_HYDRA', 2, 1, 0, 0, 0, 0, 0, 0, 0, 0, 5, 200),
('PID_10MM_APFIRE', 2, 1, 2, 0, 0, 0, 0, 0, 0, 0, 4, 200),
('PID_STIMPAK', 0, 1, 1, 0, 0, 0, 0, 2, 0, 0, 0, 50),
('PID_RADAWAY', 0, 0, 1, 0, 0, 0, 0, 2, 1, 0, 0, 100),
('PID_ANTIDOTE', 0, 0, 1, 0, 0, 0, 0, 2, 2, 0, 0, 100),
('PID_RAD_X', 0, 0, 2, 0, 0, 0, 0, 2, 1, 0, 0, 100),
('PID_SUPER_STIMPAK', 0, 2, 2, 0, 0, 0, 0, 3, 0, 0, 0, 200),
('PID_JET_ANTIDOTE', 0, 0, 3, 0, 0, 0, 0, 5, 2, 0, 0, 250),
('PID_HEALING_POWDER', 0, 0, 1, 0, 0, 0, 0, 1, 0, 0, 0, 50),
('PID_HYPO', 0, 1, 3, 0, 0, 0, 0, 5, 0, 0, 0, 300),
('PID_HYPO_POISON', 0, 0, 3, 0, 0, 0, 0, 5, 1, 3, 0, 300),
('PID_MENTATS', 0, 0, 3, 0, 0, 0, 0, 5, 2, 1, 0, 150),
('PID_BUFFOUT', 0, 0, 3, 0, 0, 0, 0, 5, 2, 1, 0, 150),
('PID_PSYCHO', 0, 0, 3, 0, 0, 0, 0, 6, 1, 2, 0, 200),
('PID_JET', 0, 0, 1, 0, 0, 0, 0, 2, 5, 0, 0, 90),
('PID_FISH', 0, 0, 0, 0, 0, 0, 0, 2, 2, 2, 0, 150),
('PID_NUKA_COLA', 0, 0, 0, 0, 0, 0, 0, 1, 0, 0, 0, 50),
('PID_BEER', 0, 0, 0, 0, 0, 0, 0, 1, 0, 1, 0, 50),
('PID_BOOZE', 0, 0, 1, 0, 0, 0, 0, 1, 0, 1, 0, 50),
('PID_GAMMA_GULP_BEER', 0, 0, 1, 0, 0, 0, 0, 1, 1, 1, 0, 70),
('PID_ROENTGEN_RUM', 0, 0, 1, 0, 0, 0, 0, 1, 2, 1, 0, 70),
('PID_ROT_GUT', 0, 0, 1, 0, 0, 0, 0, 1, 2, 2, 0, 75),
('PID_MUTATED_FRUIT', 0, 0, 0, 0, 0, 0, 0, 0, 1, 1, 0, 50),
('PID_IGUANA_ON_A_STICK', 0, 0, 0, 0, 0, 0, 0, 0, 0, 2, 0, 50),
('PID_MEAT_ON_A_STICK', 0, 0, 0, 0, 0, 0, 0, 0, 0, 2, 0, 50),
('PID_COOKIE', 0, 0, 0, 0, 0, 0, 0, 0, 0, 1, 0, 150),
('PID_MUTATED_TOE', 0, 0, 0, 0, 0, 0, 0, 0, 8, 4, 0, 225),
('PID_MONUMENT_CHUNCK', 1, 0, 0, 0, 0, 0, 0, 1, 1, 1, 0, 300),
('PID_HOLODISK_CHIMEC', 0, 0, 0, 0, 1, 1, 0, 0, 0, 0, 0, 250),
('PID_HOLODISK_OSA', 0, 0, 0, 0, 1, 1, 0, 0, 0, 0, 0, 250),
('PID_HOLODISK_SCORPION', 0, 0, 0, 0, 1, 1, 0, 0, 0, 0, 0, 250),
('PID_HOLODISK_LERENS', 0, 0, 0, 0, 1, 1, 0, 0, 0, 0, 0, 250),
('PID_HOLODISK_LAUNCHER_DUO', 0, 0, 0, 0, 1, 1, 0, 0, 0, 0, 0, 250),
('PID_HOLODISK_BFG', 0, 0, 0, 0, 1, 1, 0, 0, 0, 0, 0, 250),
('PID_OPTIC', 0, 0, 0, 15, 3, 0, 0, 0, 0, 0, 0, 300),
('PID_LAUNCHER_DUO', 3, 15, 0, 0, 0, 0, 0, 0, 0, 0, 0, 300),
('PID_BFG_TRANSFORM', 0, 0, 0, 0, 3, 0, 15, 0, 0, 0, 0, 300),
('PID_KEY', 1, 0, 0, 0, 0, 0, 0, 0, 0, 0, 0, 50),
('PID_KEYS', 1, 0, 0, 0, 0, 0, 0, 0, 0, 0, 0, 50),
('PID_RED_PASS_KEY', 0, 0, 0, 0, 1, 0, 0, 0, 0, 0, 0, 50),
('PID_BLUE_PASS_KEY', 0, 0, 0, 0, 1, 0, 0, 0, 0, 0, 0, 50),
('PID_NUKE_KEY', 2, 0, 0, 0, 0, 0, 0, 0, 0, 0, 0, 50),
('PID_YELLOW_PASS_KEY', 0, 0, 0, 0, 1, 0, 0, 0, 0, 0, 0, 50),
('PID_TEMPLE_KEY', 1, 0, 0, 0, 0, 0, 0, 0, 0, 0, 0, 50),
('PID_JAIL_KEY', 1, 0, 0, 0, 0, 0, 0, 0, 0, 0, 0, 50),
('PID_PUMP_PARTS', 1, 0, 0, 0, 0, 0, 0, 0, 0, 0, 0, 50),
('PID_SCORPION_TAIL', 0, 0, 0, 0, 0, 0, 0, 0, 2, 1, 0, 50),
('PID_ROPE', 1, 0, 0, 0, 0, 0, 0, 0, 0, 0, 0, 50),
('PID_BROC_FLOWER', 0, 0, 0, 0, 0, 0, 0, 1, 0, 1, 0, 50),
('PID_XANDER_ROOT', 0, 0, 0, 0, 0, 0, 0, 1, 0, 1, 0, 50),
('PID_GECKO_PELT', 0, 0, 0, 0, 0, 0, 0, 0, 0, 2, 0, 50),
('PID_GOLDEN_GECKO_PELT', 0, 0, 0, 0, 0, 0, 0, 0, 0, 2, 0, 100),
('PID_FLINT', 1, 0, 0, 0, 0, 0, 0, 0, 0, 0, 0, 50),
('PID_MEAT_JERKY', 0, 0, 0, 0, 0, 0, 0, 0, 0, 2, 0, 50),
('PID_RADSCORPION_PARTS', 0, 0, 0, 0, 0, 0, 0, 0, 2, 3, 0, 100),
('PID_FIREWOOD', 1, 0, 0, 0, 0, 0, 0, 0, 0, 0, 0, 25),
('PID_HYPODERMIC_NEEDLE', 0, 1, 0, 0, 0, 0, 0, 1, 0, 0, 0, 50),
('PID_EMPTY_JET', 1, 0, 0, 0, 0, 0, 0, 0, 1, 0, 0, 50),
('PID_BOTTLE_GLASS', 1, 0, 0, 0, 0, 0, 0, 0, 0, 0, 0, 50),
('PID_BOTTLE_EMPTY', 1, 0, 0, 0, 0, 0, 0, 0, 0, 0, 0, 50),
('PID_PART_OF_ROPE', 1, 0, 0, 0, 0, 0, 0, 0, 0, 0, 0, 50),
('PID_METAL_TRASH', 2, 0, 0, 0, 0, 0, 0, 0, 0, 0, 0, 100),
('PID_GUNPOWDER', 1, 0, 2, 0, 0, 0, 0, 0, 0, 0, 0, 100),
('PID_METAL_ORE', 3, 0, 0, 0, 0, 0, 0, 0, 0, 0, 0, 100),
('PID_MINERAL', 4, 0, 0, 0, 0, 0, 0, 0, 0, 0, 0, 100),
('PID_TUBE', 2, 0, 0, 0, 0, 0, 0, 0, 0, 0, 0, 100),
('PID_STEEL', 3, 0, 0, 0, 0, 0, 0, 0, 0, 0, 0, 100),
('PID_BRAHMIN_SKIN', 0, 0, 0, 0, 0, 0, 0, 0, 0, 2, 0, 100),
('PID_MEAT', 0, 0, 0, 0, 0, 0, 0, 0, 0, 2, 0, 50),
('PID_RAGS', 1, 0, 0, 0, 0, 0, 0, 0, 0, 0, 0, 50),
('PID_NITROGLYCERIN', 1, 0, 5, 0, 0, 0, 0, 0, 0, 0, 0, 100),
('PID_CHEMICALS', 0, 0, 5, 0, 0, 0, 0, 0, 0, 0, 0, 100),
('PID_TNT', 2, 0, 2, 0, 0, 0, 0, 0, 0, 0, 5, 100),
('PID_HEXOGEN', 1, 0, 3, 0, 0, 0, 0, 0, 0, 0, 1, 200),
('PID_PLASTIC_EXPLOSIVES_DULL', 2, 0, 4, 0, 0, 0, 0, 0, 0, 0, 3, 200),
('PID_TRAP_TOXIC', 0, 0, 5, 0, 0, 0, 0, 0, 3, 0, 0, 225),
('PID_TRAP_POISON', 0, 0, 3, 0, 0, 0, 0, 0, 5, 0, 0, 225),
('PID_TRAP_VACUUM', 0, 3, 0, 0, 5, 0, 2, 0, 0, 0, 0, 225),
('PID_MOTOR', 5, 10, 0, 0, 2, 0, 5, 0, 0, 0, 0, 300),
('PID_MOTIVATOR', 0, 3, 0, 0, 5, 0, 0, 0, 0, 0, 0, 200),
('PID_PLASMA_TRANSFORMER', 0, 0, 0, 0, 3, 0, 5, 0, 0, 0, 0, 250),
('PID_MINE_PART', 1, 3, 0, 0, 0, 0, 0, 0, 2, 0, 0, 200),
('PID_EXPLOSIVE_SWITCH', 0, 1, 0, 0, 1, 0, 0, 0, 0, 0, 0, 100),
('PID_ROBOT_MOTIVATOR', 3, 8, 0, 0, 2, 4, 1, 0, 0, 0, 0, 300),
('PID_EXCAVATOR_CHIP', 1, 2, 0, 0, 5, 0, 0, 0, 0, 0, 0, 225),
('PID_NAVCOM_PARTS', 0, 1, 0, 0, 5, 1, 0, 0, 0, 0, 0, 200),
('PID_K9_MOTIVATOR', 3, 8, 0, 0, 2, 0, 5, 0, 0, 0, 0, 225),
('PID_WATER_CHIP', 0, 0, 0, 0, 2, 0, 0, 0, 0, 0, 0, 200),
('PID_CAR_FUEL_CELL_CONTROLLER', 1, 5, 0, 0, 2, 0, 1, 0, 0, 0, 0, 300),
('PID_CAR_FUEL_INJECTION', 1, 8, 0, 0, 1, 0, 1, 0, 0, 0, 0, 300),
('PID_HY_MAG_PART', 0, 1, 0, 0, 5, 0, 8, 0, 0, 0, 0, 300),
('PID_ROBOT_PARTS', 1, 3, 0, 0, 3, 5, 1, 0, 0, 0, 0, 300),
('PID_COMPUTER_VOICE_MODULE', 0, 1, 0, 0, 7, 2, 0, 0, 0, 0, 0, 225),
('PID_V15_COMPUTER_PART', 0, 0, 0, 0, 5, 1, 0, 0, 0, 0, 0, 200),
('PID_TANGLERS_HAND', 0, 3, 0, 0, 2, 4, 0, 0, 0, 2, 0, 300),
('PID_BONES', 0, 0, 0, 0, 0, 0, 0, 0, 0, 4, 0, 200),
('PID_DIXON_EYE', 0, 0, 0, 0, 0, 0, 0, 0, 0, 4, 0, 200),
('PID_CLIFTON_EYE', 0, 0, 0, 0, 0, 0, 0, 0, 0, 4, 0, 200),
('PID_CYBERNETIC_BRAIN', 0, 0, 0, 0, 2, 5, 0, 0, 0, 5, 0, 300),
('PID_HUMAN_BRAIN', 0, 0, 0, 0, 0, 0, 0, 0, 0, 5, 0, 300),
('PID_CHIMP_BRAIN', 0, 0, 0, 0, 0, 0, 0, 0, 0, 3, 0, 300),
('PID_ABNORMAL_BRAIN', 0, 0, 0, 0, 0, 0, 0, 0, 5, 5, 0, 300),
('PID_GOLD_TOOTH', 2, 0, 0, 0, 0, 0, 0, 0, 0, 2, 0, 225),
('PID_PLAYERS_EAR', 0, 0, 0, 0, 0, 0, 0, 0, 0, 3, 0, 225),
('PID_MASTICATORS_EAR', 0, 0, 0, 0, 0, 0, 0, 0, 0, 3, 0, 225),
('PID_DECOMPOSING_BODY', 0, 0, 0, 0, 0, 0, 0, 5, 0, 8, 0, 300),
('PID_DR_HENRY_PAPERS', 0, 0, 0, 0, 0, 15, 0, 0, 0, 0, 0, 300),
('PID_VERTIBIRD_PLANS', 0, 15, 0, 0, 5, 0, 0, 0, 0, 0, 0, 300),
('PID_MEM_CHIP_BLUE', 0, 0, 0, 0, 5, 3, 0, 3, 0, 5, 0, 225),
('PID_MEM_CHIP_GREEN', 0, 0, 0, 0, 5, 3, 0, 3, 0, 5, 0, 225),
('PID_MEM_CHIP_RED', 0, 0, 0, 0, 5, 3, 0, 3, 0, 5, 0, 225),
('PID_MEM_CHIP_YELLOW', 0, 0, 0, 0, 5, 3, 0, 3, 0, 5, 0, 225),
('PID_DERMAL_PIP_BOY_DISK', 0, 0, 0, 0, 3, 3, 0, 2, 0, 2, 0, 300),
('PID_PIP_BOY_MEDICAL_ENHANCER', 0, 0, 0, 0, 3, 3, 0, 2, 0, 2, 0, 300),
('PID_OIL_CAN', 1, 0, 3, 0, 0, 0, 0, 0, 0, 0, 0, 150),
('PID_MEDICAL_SUPPLIES', 0, 0, 0, 0, 0, 0, 0, 5, 0, 0, 0, 250),
('PID_BIO_GEL', 0, 0, 5, 0, 0, 0, 0, 0, 0, 1, 0, 250),
('PID_SHOVEL', 1, 1, 0, 0, 0, 0, 0, 0, 0, 0, 0, 100),
('PID_PLANK', 1, 0, 0, 0, 0, 0, 0, 0, 0, 0, 0, 100),
('PID_AXE', 1, 1, 0, 0, 0, 0, 0, 0, 0, 0, 0, 100),
('PID_WELDING', 1, 2, 1, 0, 0, 0, 0, 0, 0, 0, 0, 150),
('PID_WELDING_USED', 1, 2, 1, 0, 0, 0, 0, 0, 0, 0, 0, 150),
('PID_GEIGER_COUNTER', 0, 0, 0, 1, 3, 0, 0, 0, 3, 0, 0, 200),
('PID_ACTIVE_GEIGER_COUNTER', 0, 0, 0, 1, 3, 0, 0, 0, 3, 0, 0, 200),
('PID_OCHRE_COLOR', 0, 0, 2, 0, 0, 0, 0, 0, 0, 0, 0, 200),
('PID_BLACK_COLOR', 0, 0, 2, 0, 0, 0, 0, 0, 0, 0, 0, 200),
('PID_QUANTUM_GEN', 0, 0, 0, 0, 3, 0, 7, 0, 0, 0, 0, 300),
('PID_LASER_TUBE', 0, 0, 0, 2, 7, 0, 8, 0, 0, 0, 0, 300),
('PID_TRANSFORM', 0, 0, 0, 0, 4, 0, 11, 0, 0, 0, 0, 300),
('PID_CONTEINER', 0, 0, 15, 0, 0, 0, 0, 0, 0, 0, 0, 300),
('PID_COMBAT_ARMOR_RECIPE', 0, 0, 0, 0, 0, 0, 0, 0, 0, 0, 6, 150),
('PID_LEATHER_JACKET_RECIPE', 0, 0, 0, 0, 0, 0, 0, 0, 0, 0, 2, 150),
('PID_COMBAT_LEATHER_RECIPE', 0, 0, 0, 0, 0, 0, 0, 0, 0, 0, 3, 100),
('PID_LEATHER_ARMOR_RECIPE', 0, 0, 0, 0, 0, 0, 0, 0, 0, 0, 4, 150),
('PID_LEATHER_ARMOR_II_RECIPE', 0, 0, 0, 0, 0, 0, 0, 0, 0, 0, 4, 150),
('PID_METAL_ARMOR_RECIPE', 0, 0, 0, 0, 0, 0, 0, 0, 0, 0, 5, 150),
('PID_METAL_ARMOR_II_RECIPE', 0, 0, 0, 0, 0, 0, 0, 0, 0, 0, 5, 150),
('PID_TESLA_ARMOR_RECIPE', 0, 0, 0, 0, 0, 0, 4, 0, 0, 0, 3, 150),
('PID_COMBAT_ARMOR_II_RECIPE', 0, 0, 0, 0, 0, 0, 0, 0, 0, 0, 6, 150),
('PID_SPEC_K_RECIPE', 0, 0, 0, 2, 0, 0, 0, 0, 0, 0, 1, 150),
('PID_ROBO_ARMOR_RECIPE', 0, 0, 0, 0, 3, 2, 0, 0, 0, 0, 8, 150),
('PID_POWERED_ARMOR_RECIPE', 0, 2, 0, 0, 2, 0, 0, 0, 0, 0, 2, 300),
('PID_HARDENED_POWER_ARMOR_RECIPE', 0, 2, 1, 0, 2, 0, 0, 0, 0, 0, 3, 300),
('PID_ADVANCED_POWER_ARMOR_RECIPE', 0, 3, 0, 0, 3, 0, 0, 0, 0, 0, 4, 300),
('PID_ADVANCED_POWER_ARMOR_MK2_RECIPE', 0, 3, 0, 0, 3, 0, 0, 0, 0, 0, 5, 300),
('PID_BIG_BOOK_OF_SCIENCE', 0, 0, 0, 1, 0, 0, 1, 0, 0, 0, 0, 200),
('PID_DEANS_ELECTRONICS', 0, 0, 0, 0, 1, 1, 0, 0, 0, 0, 0, 200),
('PID_FIRST_AID_BOOK', 0, 0, 0, 0, 0, 0, 0, 1, 1, 1, 0, 200),
('PID_SCOUT_HANDBOOK', 1, 0, 0, 0, 0, 0, 0, 0, 0, 1, 0, 100),
('PID_GUNS_AND_BULLETS', 0, 1, 0, 0, 0, 0, 0, 0, 0, 0, 1, 200),
('PID_TECHNICAL_MANUAL', 0, 5, 0, 0, 3, 0, 0, 0, 0, 0, 0, 300),
('PID_CHEMISTRY_MANUAL', 0, 0, 3, 0, 0, 0, 0, 0, 0, 0, 0, 200),
('PID_CATS_PAW_ISSUE_5', 0, 0, 0, 0, 0, 0, 15, 0, 0, 0, 0, 300),
('PID_BECKY_BOOK', 0, 0, 0, 0, 0, 0, 0, 0, 0, 1, 0, 200),
('PID_HUBOLOGIST_BOOK', 0, 0, 1, 0, 0, 0, 0, 0, 2, 1, 0, 225),
('PID_SMALL_STATUETTE', 1, 0, 0, 0, 0, 0, 0, 0, 0, 0, 0, 300),
('PID_MR_NIXON_DOLL', 0, 1, 1, 0, 0, 0, 0, 0, 0, 0, 0, 300),
('PID_BLOW_UP_DOLL', 0, 0, 1, 0, 0, 0, 0, 0, 0, 3, 0, 300),
('PID_POPPED_BLOW_UP_DOLL', 0, 0, 1, 0, 0, 0, 0, 0, 0, 3, 0, 300),
('PID_LIGHTER', 1, 1, 1, 0, 0, 0, 0, 0, 0, 0, 0, 150),
('PID_BOX_OF_NOODLES', 0, 0, 0, 0, 0, 0, 0, 0, 0, 1, 0, 150),
('PID_FROZEN_DINNER', 0, 0, 0, 0, 0, 0, 0, 0, 0, 1, 0, 150),
('PID_CHEEZY_POOFS', 0, 0, 0, 0, 0, 0, 0, 0, 0, 1, 0, 150),
('PID_BLUE_CONDOM', 0, 0, 0, 0, 0, 0, 0, 1, 1, 1, 0, 150),
('PID_GREEN_CONDOM', 0, 0, 0, 0, 0, 0, 0, 1, 1, 1, 0, 150),
('PID_RED_CONDOM', 0, 0, 0, 0, 0, 0, 0, 1, 1, 1, 0, 150),
('PID_DICE', 1, 0, 0, 0, 0, 0, 0, 0, 0, 0, 0, 150),
('PID_LOADED_DICE', 1, 1, 0, 0, 0, 0, 0, 0, 0, 0, 0, 150),
('PID_DECK_OF_CARDS', 0, 1, 0, 0, 0, 0, 0, 0, 0, 0, 0, 150),
('PID_MARKED_DECK_OF_CARDS', 0, 2, 0, 0, 0, 0, 0, 0, 0, 0, 0, 150),
('PID_BRIEFCASE', 1, 2, 0, 0, 0, 0, 0, 0, 0, 0, 0, 150),
('PID_MUTAGENIC_SYRUM', 0, 0, 0, 0, 0, 0, 0, 5, 10, 0, 0, 225),
('PID_HEART_PILLS', 0, 0, 0, 0, 0, 0, 0, 10, 0, 3, 0, 225),
('PID_OXYGEN_TANK', 0, 2, 3, 0, 0, 0, 0, 1, 0, 0, 0, 225),
('PID_POISON_TANK', 0, 2, 3, 0, 0, 0, 0, 0, 5, 0, 0, 225),
('PID_HOWITZER_SHELL', 5, 0, 0, 0, 0, 0, 0, 0, 0, 0, 10, 225),
('PID_POCKET_LINT', 1, 0, 0, 0, 0, 0, 0, 0, 0, 0, 0, 100),
('PID_BALL_GAG', 0, 1, 0, 0, 0, 0, 0, 0, 0, 1, 0, 225),
('PID_DAISIES', 0, 0, 0, 0, 0, 0, 0, 1, 0, 2, 0, 225),
('PID_BOTTLE_FULL', 0, 0, 1, 0, 0, 0, 0, 1, 1, 0, 0, 200),
('PID_DOG_TAGS', 1, 0, 0, 0, 0, 0, 0, 0, 0, 0, 0, 150),
('PID_ELECTRONIC_BUG', 0, 0, 0, 0, 2, 0, 0, 0, 0, 0, 0, 150),
('PID_FUZZY_PAINTING', 1, 0, 1, 0, 0, 0, 0, 0, 0, 0, 0, 150),
('PID_TAPE_RECORDER', 0, 3, 0, 0, 1, 0, 0, 0, 0, 0, 0, 200),
('PID_URN', 3, 0, 0, 0, 0, 0, 0, 0, 0, 0, 0, 150),
('PID_PSYCHIC_NULLIFIER', 0, 0, 0, 0, 3, 3, 0, 0, 0, 0, 0, 225),
('PID_BLACK_COC_BADGE', 1, 1, 0, 0, 0, 0, 0, 0, 0, 0, 0, 150),
('PID_RED_COC_BADGE', 1, 1, 0, 0, 0, 0, 0, 0, 0, 0, 0, 150),
('PID_ANNA_GOLD_LOCKET', 3, 0, 0, 0, 0, 0, 0, 0, 0, 0, 0, 200),
('PID_DAY_PASS', 1, 0, 0, 0, 0, 0, 0, 0, 0, 0, 0, 100),
('PID_FAKE_CITIZENSHIP', 1, 0, 0, 0, 0, 0, 0, 0, 0, 0, 0, 100),
('PID_CORNELIUS_GOLD_WATCH', 2, 2, 0, 0, 0, 0, 0, 0, 0, 0, 0, 150),
('PID_VIC_RADIO', 0, 1, 0, 0, 2, 0, 0, 0, 0, 0, 0, 150),
('PID_VIC_WATER_FLASK', 1, 0, 0, 0, 0, 0, 0, 1, 0, 0, 0, 150),
('PID_TROPHY_OF_RECOGNITION', 3, 0, 0, 0, 0, 0, 0, 0, 0, 0, 0, 225),
('PID_NEURAL_INTERFACE', 0, 0, 0, 0, 2, 4, 0, 0, 0, 0, 0, 225),
('PID_CLIPBOARD', 0, 0, 0, 0, 0, 0, 3, 0, 0, 0, 0, 225),
('PID_DECK_OF_TRAGIC_CARDS', 1, 0, 0, 0, 0, 0, 0, 0, 0, 0, 0, 150),
('PID_SLAG_MESSAGE', 1, 0, 0, 0, 0, 0, 0, 0, 0, 0, 0, 150),
('PID_PART_REQUISITION_FORM', 1, 1, 0, 0, 0, 0, 0, 0, 0, 0, 0, 150),
('PID_EASTER_EGG', 0, 0, 3, 0, 0, 0, 0, 3, 3, 3, 0, 300),
('PID_BERRY', 0, 0, 1, 0, 0, 0, 0, 0, 0, 4, 0, 200),
('PID_MOORE_BAD_BRIEFCASE', 2, 1, 0, 0, 0, 0, 0, 0, 0, 0, 0, 150),
('PID_MOORE_GOOD_BRIEFCASE', 2, 1, 0, 0, 0, 0, 0, 0, 0, 0, 0, 150),
('PID_PRESIDENTIAL_PASS', 0, 0, 0, 0, 2, 0, 0, 0, 0, 0, 0, 150),
('PID_RANGER_PIN', 1, 0, 0, 0, 0, 0, 0, 0, 0, 0, 0, 150),
('PID_RANGER_MAP', 1, 0, 0, 0, 0, 0, 0, 0, 0, 0, 0, 150),
('PID_GECK', 0, 0, 10, 0, 10, 0, 0, 0, 10, 10, 0, 300),
('PID_STABLES_ID_BADGE', 1, 0, 0, 0, 0, 0, 0, 0, 0, 0, 0, 150),
('PID_RAMIREZ_BOX_CLOSED', 2, 0, 0, 0, 0, 0, 0, 0, 0, 0, 0, 150),
('PID_RAMIREZ_BOX_OPEN', 2, 0, 0, 0, 0, 0, 0, 0, 0, 0, 0, 150),
('PID_BLONDIE_DOG_TAG', 1, 0, 0, 0, 0, 0, 0, 0, 0, 0, 0, 150),
('PID_ANGEL_EYES_DOG_TAG', 1, 0, 0, 0, 0, 0, 0, 0, 0, 0, 0, 150),
('PID_TUCO_DOG_TAG', 1, 0, 0, 0, 0, 0, 0, 0, 0, 0, 0, 150),
('PID_REBEL_TAG', 1, 0, 0, 0, 0, 0, 0, 0, 0, 0, 0, 150),
('PID_RAIDERS_MAP', 1, 0, 0, 0, 0, 0, 0, 0, 0, 0, 0, 150),
('PID_SHERIFF_BADGE', 1, 0, 0, 0, 0, 0, 0, 0, 0, 0, 0, 150),
('PID_ACCOUNT_BOOK', 1, 0, 0, 0, 0, 0, 0, 0, 0, 0, 0, 150),
('PID_TORN_PAPER_1', 1, 0, 0, 0, 0, 0, 0, 0, 0, 0, 0, 150),
('PID_TORN_PAPER_2', 1, 0, 0, 0, 0, 0, 0, 0, 0, 0, 0, 150),
('PID_TORN_PAPER_3', 1, 0, 0, 0, 0, 0, 0, 0, 0, 0, 0, 150),
('PID_PASSWORD_PAPER', 1, 0, 0, 0, 0, 0, 0, 0, 0, 0, 0, 150),
('PID_ELRON_FIELD_REP', 1, 0, 0, 0, 0, 0, 0, 1, 0, 0, 0, 200),
('PID_SMITTY_MEAL', 0, 0, 0, 0, 0, 0, 0, 0, 1, 4, 0, 200),
('PID_ENLIGHTENED_ONE_LETTER', 1, 0, 0, 0, 0, 0, 0, 0, 0, 0, 0, 150),
('PID_FALLOUT_2_HINTBOOK', 1, 0, 0, 0, 0, 0, 0, 0, 0, 0, 0, 150),
('PID_MOUSE_SKIN', 0, 0, 0, 0, 0, 0, 0, 0, 0, 3, 0, 150),
('PID_CHOSEN_HOLO', 0, 0, 0, 0, 2, 0, 0, 0, 0, 0, 0, 150),
('PID_CHOSEN_HOLO_DECODED', 0, 0, 0, 0, 2, 0, 0, 0, 0, 0, 0, 150),
('PID_LETTER_TO_LIN', 0, 0, 0, 0, 2, 0, 0, 0, 0, 0, 0, 150),
('PID_LETTER_TO_TODD', 0, 0, 0, 0, 2, 0, 0, 0, 0, 0, 0, 150),
('PID_EDWARD_REPORT', 1, 0, 0, 0, 0, 0, 0, 0, 0, 0, 0, 150),
('PID_LETTER_TO_SINDY', 1, 0, 0, 0, 0, 0, 0, 0, 0, 0, 0, 150),
('PID_LETTER_TO_CASSIDY', 1, 0, 0, 0, 0, 0, 0, 0, 0, 0, 0, 150),
('PID_FIRE_GECKO_PELT', 0, 0, 3, 0, 0, 0, 0, 0, 0, 3, 0, 200),
('PID_DANTON_POISON', 0, 0, 0, 0, 0, 0, 0, 0, 6, 1, 0, 225),
('PID_ARROYO_SYRINGE', 0, 1, 0, 0, 0, 0, 0, 1, 1, 0, 0, 150),
('PID_DEATH_STAR_PLANS', 0, 5, 0, 0, 3, 0, 0, 0, 0, 0, 0, 200),
('PID_FALLOUT_3_HOLO', 0, 0, 0, 0, 3, 5, 0, 0, 0, 0, 0, 200),
('PID_FAKE_GECK', 3, 0, 3, 0, 3, 0, 3, 0, 3, 3, 0, 200),
('PID_USED_GECK', 2, 0, 2, 0, 2, 0, 2, 0, 2, 2, 0, 200),
('PID_ACCESS_CARD', 0, 1, 0, 0, 3, 0, 0, 0, 0, 0, 0, 200),
('PID_SECURITY_CARD', 0, 1, 0, 0, 3, 0, 0, 0, 0, 0, 0, 200),
('PID_TRAPPER_TOWN_KEY', 2, 1, 0, 0, 0, 0, 0, 0, 0, 0, 0, 200),
('PID_YELLOW_REACTOR_KEYCARD', 0, 1, 0, 0, 3, 0, 0, 0, 0, 0, 0, 200),
('PID_RED_REACTOR_KEYCARD', 0, 1, 0, 0, 3, 0, 0, 0, 0, 0, 0, 200),
('PID_V15_KEYCARD', 0, 1, 0, 0, 3, 0, 0, 0, 0, 0, 0, 200),
('PID_VAULT_13_SHACK_KEY', 1, 0, 0, 0, 0, 0, 0, 0, 0, 0, 0, 200),
('PID_PRES_ACCESS_KEY', 0, 0, 0, 0, 5, 1, 0, 0, 0, 0, 0, 200),
('PID_TANKER_FOB', 0, 1, 0, 0, 4, 1, 0, 0, 0, 0, 0, 200),
('PID_BROTHERHOOD_TAPE', 0, 0, 0, 0, 2, 0, 0, 0, 0, 0, 0, 150),
('PID_DISK_FEV', 0, 0, 0, 0, 2, 0, 0, 0, 4, 0, 0, 150),
('PID_DISK_SECURITY', 0, 0, 0, 0, 2, 0, 0, 0, 0, 0, 0, 150),
('PID_DISK_ALPHA_EXPERIMENT', 0, 0, 0, 0, 2, 0, 0, 3, 0, 0, 0, 150),
('PID_DISK_DELTA_EXPERIMENT', 0, 0, 0, 0, 2, 0, 0, 3, 0, 0, 0, 150),
('PID_DISK_VREES_EXPERIMENT', 0, 0, 0, 0, 2, 0, 0, 3, 0, 0, 0, 150),
('PID_DISK_MUTANT_TRANSMISSIONS', 0, 0, 0, 0, 2, 0, 0, 2, 4, 0, 0, 150),
('PID_DISK_BROTHERHOOD_HISTORY', 0, 2, 0, 0, 2, 0, 0, 0, 0, 0, 0, 150),
('PID_DISK_MAXSON_HISTORY', 0, 0, 0, 0, 2, 0, 0, 0, 0, 0, 0, 150),
('PID_DISK_MAXSON_JOURNAL', 0, 0, 0, 0, 2, 0, 0, 0, 0, 0, 0, 150),
('PID_DISK_VAULT_RECORDS', 0, 0, 0, 0, 2, 0, 0, 0, 0, 0, 0, 150),
('PID_DISK_MILITARY_BASE_SEC_CODE', 0, 0, 0, 0, 2, 0, 0, 0, 0, 0, 2, 150),
('PID_DISK_REGULATOR_TRANSMISSIONS', 0, 0, 0, 0, 2, 0, 0, 0, 0, 0, 0, 150),
('PID_HOLODISK_FAKE_V13', 0, 0, 0, 0, 2, 0, 0, 0, 0, 0, 0, 150),
('PID_GECKO_DATA_DISK', 0, 0, 0, 0, 2, 0, 0, 0, 0, 0, 0, 150),
('PID_REACTOR_DATA_DISK', 0, 0, 0, 0, 2, 0, 5, 0, 0, 0, 0, 150),
('PID_LYNETTE_HOLO', 0, 0, 0, 0, 2, 0, 0, 0, 0, 0, 0, 150),
('PID_WESTIN_HOLO', 0, 0, 0, 0, 2, 0, 0, 0, 0, 0, 0, 150),
('PID_SPY_HOLO', 0, 0, 0, 0, 2, 0, 0, 0, 0, 0, 0, 150),
('PID_BISHOPS_HOLODISK', 0, 0, 0, 0, 2, 0, 0, 0, 0, 0, 0, 150),
('PID_ENCLAVE_HOLODISK_5', 0, 0, 0, 0, 2, 0, 0, 0, 0, 0, 0, 150),
('PID_ENCLAVE_HOLODISK_1', 0, 0, 0, 0, 2, 0, 0, 0, 0, 0, 0, 150),
('PID_ENCLAVE_HOLODISK_2', 0, 0, 0, 0, 2, 0, 0, 0, 0, 0, 0, 150),
('PID_ENCLAVE_HOLODISK_3', 0, 0, 0, 0, 2, 0, 0, 0, 0, 0, 0, 150),
('PID_ENCLAVE_HOLODISK_4', 0, 0, 0, 0, 2, 0, 0, 0, 0, 0, 0, 150),
('PID_EVACUATION_HOLODISK', 0, 0, 0, 0, 2, 0, 0, 0, 0, 0, 0, 150),
('PID_EXPERIMENT_HOLODISK', 0, 0, 0, 0, 2, 0, 0, 3, 3, 3, 0, 150),
('PID_MEDICAL_HOLODISK', 0, 0, 0, 0, 2, 0, 0, 5, 2, 0, 0, 150),
('PID_PASSWORD_HOLODISK', 0, 0, 0, 0, 2, 0, 0, 0, 0, 0, 0, 150),
('PID_ELRON_MEMBER_HOLO', 0, 0, 0, 0, 2, 0, 0, 0, 0, 0, 0, 150),
('PID_BROADCAST_HOLODISK', 0, 0, 0, 0, 2, 0, 0, 0, 0, 0, 0, 150),
('PID_SIERRA_MISSION_HOLODISK', 0, 0, 0, 0, 2, 0, 0, 0, 0, 0, 0, 150),
('PID_NCR_HISTORY_HOLODISK', 0, 0, 0, 0, 2, 0, 0, 0, 0, 0, 0, 150),
('PID_ELRON_TEACH_HOLO', 0, 0, 0, 0, 2, 0, 0, 2, 2, 2, 0, 150),
('PID_DYNAMITE', 0, 0, 1, 0, 0, 0, 0, 0, 0, 0, 5, 150),
('PID_PLASTIC_EXPLOSIVES', 0, 0, 2, 0, 0, 0, 0, 0, 0, 0, 6, 200),
('PID_MINE', 1, 0, 0, 0, 0, 0, 0, 0, 0, 0, 5, 200),
('PID_MINE_PP', 1, 0, 0, 0, 0, 0, 0, 0, 0, 0, 6, 200),
('PID_MINE_PP_ACTIVE', 1, 0, 0, 0, 0, 0, 0, 0, 0, 0, 6, 200),
('PID_MINE_PLASMA', 1, 0, 0, 0, 0, 0, 6, 0, 0, 0, 0, 200),
('PID_MINE_PLASMA_ACTIVE', 1, 0, 0, 0, 0, 0, 6, 0, 0, 0, 0, 200),
('PID_MINE_PULS', 1, 0, 0, 0, 0, 0, 7, 0, 0, 0, 0, 225),
('PID_MINE_PULS_ACTIVE', 1, 0, 0, 0, 0, 0, 7, 0, 0, 0, 0, 225),
('PID_MINE_STAN', 1, 0, 0, 2, 0, 0, 3, 0, 0, 1, 0, 225),
('PID_MINE_STAN_ACTIVE', 1, 0, 0, 2, 0, 0, 3, 0, 0, 1, 0, 225),
('PID_P_LASER', 0, 0, 0, 1, 1, 0, 0, 0, 0, 0, 0, 300),
('PID_P_G', 0, 1, 0, 0, 0, 0, 0, 0, 0, 0, 1, 300),
('PID_IMP1', 0, 0, 0, 0, 2, 2, 0, 0, 0, 2, 0, 300),
('PID_IMP2', 0, 0, 0, 0, 2, 2, 0, 0, 0, 2, 0, 300),
('PID_IMP3', 0, 0, 0, 0, 2, 2, 0, 0, 0, 2, 0, 300),
('PID_JETON_AN', 1, 0, 0, 0, 0, 0, 0, 0, 0, 0, 0, 150),
('PID_JETON_BS', 1, 0, 0, 0, 0, 0, 0, 0, 0, 0, 0, 150),
('PID_HOLODISK', 0, 0, 0, 0, 2, 0, 0, 0, 0, 0, 0, 150),
('PID_MEMO', 1, 0, 0, 0, 0, 0, 0, 0, 0, 0, 0, 150),
('PID_MAP', 5, 0, 0, 0, 0, 0, 0, 0, 0, 0, 0, 225),
('PID_ACTIVE_DYNAMITE', 0, 0, 1, 0, 0, 0, 0, 0, 0, 0, 5, 150),
('PID_TOGGLE_SWITCH', 0, 1, 0, 0, 1, 0, 0, 0, 0, 0, 0, 200),
('PID_ACTIVE_PLASTIC_EXPLOSIVE', 0, 0, 2, 0, 0, 0, 0, 0, 0, 0, 6, 200),
('PID_ACTIVE_MINE', 1, 0, 0, 0, 0, 0, 0, 0, 0, 0, 5, 200),
('PID_SANDBAG_1', 1, 0, 0, 0, 0, 0, 0, 0, 0, 0, 0, 100),
('PID_SANDBAG_EMPTY', 1, 0, 0, 0, 0, 0, 0, 0, 0, 0, 0, 100),
('PID_POSTMAN_LETTER', 1, 0, 0, 0, 0, 0, 0, 0, 0, 0, 0, 150),
('PID_JETTON', 1, 0, 0, 0, 0, 0, 0, 0, 0, 0, 0, 150),
('PID_KOTW_BEER', 0, 0, 0, 0, 0, 0, 0, 1, 3, 0, 0, 300),
('PID_KOTW_GRAIL', 5, 0, 0, 0, 0, 0, 0, 0, 0, 0, 0, 300),
('PID_KONSERVA', 0, 0, 0, 0, 0, 0, 0, 3, 1, 2, 0, 200),
('PID_SLAVE_LOCKER', 1, 3, 0, 0, 1, 0, 0, 0, 0, 0, 1, 150),
('PID_HEAVY_SHIPER_RIFLE', 3, 5, 0, 10, 0, 0, 0, 0, 0, 0, 5, 300),
('PID_HEAVY_MINIGUN', 2, 10, 0, 0, 0, 0, 0, 0, 0, 0, 3, 300),
('PID_PULSE_RIFLE', 2, 3, 0, 0, 2, 0, 10, 0, 0, 0, 2, 300),
('PID_NAILGUN', 1, 2, 0, 0, 0, 0, 0, 0, 0, 0, 1, 150),
('PID_FRAG_SHOTGUN', 2, 3, 0, 0, 0, 0, 0, 0, 0, 0, 8, 200),
('PID_SHAITAN', 1, 0, 0, 0, 0, 0, 0, 0, 0, 0, 8, 200),
('PID_RAD_X50', 1, 0, 3, 0, 2, 0, 7, 0, 7, 0, 0, 300),
('PID_CE_SHOVEL', 1, 3, 0, 0, 0, 0, 0, 0, 0, 0, 0, 200),
('PID_NAILS', 1, 0, 0, 0, 0, 0, 0, 0, 0, 0, 1, 150),
('PID_GASLASER', 1, 0, 0, 0, 3, 0, 8, 0, 0, 0, 0, 225),
('PID_C_NAILGUN', 1, 7, 0, 0, 0, 0, 0, 0, 0, 0, 1, 200),
('PID_CAI_MODULE', 2, 3, 0, 0, 0, 0, 0, 0, 0, 0, 1, 300),
('PID_80MM_AMMO', 1, 0, 0, 0, 0, 0, 0, 0, 0, 0, 5, 225),
('PID_MORTIER_UNDEP', 2, 3, 0, 0, 0, 0, 0, 0, 0, 0, 10, 300),
('PID_CASE_BROWN', 1, 0, 0, 0, 0, 0, 0, 0, 0, 0, 0, 150),
('PID_CASE_METAL', 2, 0, 0, 0, 0, 0, 0, 0, 0, 0, 0, 200),
('PID_CASE_ELECTRONIC', 3, 0, 0, 0, 2, 0, 0, 0, 0, 0, 0, 225),
('PID_WATER_FLASK', 0, 0, 0, 0, 0, 0, 0, 2, 0, 0, 0, 150),
('PID_CIGARETTES', 0, 0, 0, 0, 0, 0, 0, 0, 3, 0, 0, 150),
('PID_RADIO', 0, 0, 0, 0, 2, 0, 0, 0, 0, 0, 0, 150),
('PID_MULTI_TOOL', 1, 2, 0, 0, 0, 0, 0, 0, 0, 0, 0, 150),
('PID_SUPER_TOOL_KIT', 1, 3, 0, 0, 0, 0, 0, 0, 0, 0, 0, 175),
('PID_LOCKPICKS', 0, 2, 0, 0, 0, 0, 0, 0, 0, 0, 0, 150),
('PID_EXP_LOCKPICK_SET', 0, 3, 0, 0, 0, 0, 0, 0, 0, 0, 0, 175),
('PID_ELECTRONIC_LOCKPICKS', 0, 2, 0, 0, 2, 0, 0, 0, 0, 0, 0, 150),
('PID_ELEC_LOCKPICK_MKII', 0, 2, 0, 0, 2, 1, 0, 0, 0, 0, 0, 175),
('PID_FIRST_AID_KIT', 0, 0, 0, 0, 0, 0, 0, 1, 0, 1, 0, 150),
('PID_FIELD_MEDIC_KIT', 0, 0, 0, 0, 0, 0, 0, 2, 1, 1, 0, 175),
('PID_DOCTORS_BAG', 0, 0, 0, 0, 0, 0, 0, 2, 0, 2, 0, 175),
('PID_PARAMEDICS_BAG', 0, 0, 0, 0, 0, 0, 0, 3, 1, 2, 0, 250),
('PID_TRAP_KIT', 1, 2, 0, 0, 0, 0, 0, 0, 0, 0, 1, 150),
('PID_MOTION_SENSOR', 0, 0, 0, 0, 3, 1, 0, 0, 0, 0, 0, 175),
('PID_ACTIVE_MOTION_SENSOR', 0, 0, 0, 0, 3, 1, 0, 0, 0, 0, 0, 175),
('PID_SPECTACLES', 0, 0, 0, 3, 0, 0, 0, 0, 0, 0, 0, 150),
('PID_MIRROR_SHADES', 0, 0, 0, 2, 0, 0, 0, 0, 0, 0, 0, 150),
('PID_TEPLOVISOR', 0, 0, 0, 10, 10, 3, 0, 0, 0, 0, 0, 300),
('PID_GASMASK', 0, 1, 0, 0, 0, 0, 0, 0, 3, 1, 0, 300),
('PID_PASGT_HELM', 0, 1, 0, 0, 1, 0, 0, 0, 0, 0, 4, 300),
('PID_STEALTH_BOY', 0, 0, 0, 3, 3, 0, 1, 0, 0, 0, 0, 200),
('PID_ACTIVE_STEALTH_BOY', 0, 0, 0, 3, 3, 0, 1, 0, 0, 0, 0, 200),
('PID_COSMETIC_CASE', 0, 0, 0, 0, 0, 0, 0, 0, 0, 1, 0, 150),
('PID_TALISMAN', 1, 0, 0, 0, 0, 0, 0, 0, 0, 0, 0, 150),
('PID_RUBBER_BOOTS', 1, 0, 0, 0, 0, 0, 0, 0, 1, 0, 0, 150),
('PID_NECKLACE', 1, 0, 0, 0, 0, 0, 0, 0, 0, 0, 0, 150),
('PID_FLOWER', 0, 0, 0, 0, 0, 0, 0, 0, 0, 1, 0, 100),
('PID_GOLD_LOCKET', 1, 0, 0, 0, 0, 0, 0, 0, 0, 0, 0, 150),
('PID_BACKPACK', 1, 1, 0, 0, 0, 0, 0, 0, 0, 0, 0, 150),
('PID_CAI_AIV', 1, 0, 0, 0, 0, 0, 0, 0, 0, 0, 4, 225),
('PID_CAI_FIRE', 0, 0, 2, 0, 0, 0, 0, 0, 0, 0, 2, 225),
('PID_CAI_FFL', 0, 0, 0, 0, 0, 0, 2, 0, 0, 0, 0, 225),
('PID_CAI_FFP', 0, 0, 0, 0, 0, 0, 2, 0, 0, 0, 0, 225),
('PID_CAI_FFE', 0, 0, 0, 0, 0, 0, 2, 0, 0, 0, 0, 225),
('PID_CAI_EOD', 1, 0, 0, 0, 0, 0, 0, 0, 0, 0, 4, 225),
('PID_CAMO', 0, 0, 0, 1, 0, 0, 0, 0, 0, 1, 0, 300),
('PID_ASSAULT_VEST', 0, 3, 0, 0, 0, 0, 0, 0, 0, 1, 0, 300),
('PID_MECH_ARM', 1, 6, 0, 0, 0, 0, 0, 0, 0, 3, 0, 250),
('PID_HAZARD_SUIT', 0, 0, 3, 0, 0, 0, 0, 1, 6, 1, 0, 300),
('PID_MMC', 0, 1, 0, 3, 3, 0, 1, 0, 0, 0, 0, 225),
('PID_CHEM_ACID', 0, 0, 6, 0, 0, 0, 0, 0, 0, 0, 0, 200),
('PID_CHEM_NITROGEN', 0, 0, 5, 0, 0, 0, 0, 0, 0, 0, 0, 300),
('PID_CHEM_ETHANOL', 0, 0, 3, 0, 0, 0, 0, 0, 0, 0, 0, 175),
('PID_CHEM_CATALYST', 0, 0, 6, 0, 0, 0, 0, 0, 0, 0, 0, 225),
('PID_CHEM_REACTIVE', 0, 0, 5, 0, 0, 0, 0, 0, 0, 0, 0, 300),
('PID_CHEM_TRITIY', 5, 0, 2, 0, 0, 0, 2, 0, 5, 0, 0, 300),
('PID_CHEM_WATERCLEANER', 0, 0, 1, 0, 0, 0, 0, 2, 3, 0, 0, 175),
('PID_CHEM_WATER_CLEAN', 0, 0, 1, 0, 0, 0, 0, 2, 0, 0, 0, 225),
('PID_CHEM_LAB', 3, 1, 4, 0, 0, 0, 0, 0, 0, 0, 0, 200),
('PID_CHEM_BURNER', 2, 2, 0, 0, 0, 0, 0, 0, 0, 0, 0, 150),
('PID_CHEM_MEDS_WEAK', 0, 0, 0, 0, 0, 0, 0, 4, 0, 0, 0, 175),
('PID_CHEM_MEDS_HARD', 0, 0, 0, 0, 0, 0, 0, 10, 10, 0, 0, 250),
('PID_EL_ACCUMULATOR', 0, 0, 3, 0, 3, 0, 8, 0, 0, 0, 0, 250),
('PID_EL_BATTERY', 0, 0, 0, 0, 2, 0, 4, 0, 0, 0, 0, 150),
('PID_EL_CONDENSATS', 0, 0, 0, 0, 3, 0, 2, 0, 0, 0, 0, 150),
('PID_EL_PLASM_CONDENSAT', 0, 0, 0, 0, 6, 0, 8, 0, 0, 0, 0, 250),
('PID_EL_COOLANT', 0, 0, 0, 0, 10, 0, 10, 0, 0, 0, 0, 250),
('PID_EL_INTERFACE', 0, 0, 0, 0, 5, 8, 0, 0, 0, 0, 0, 225),
('PID_EL_MICROCHIPS', 0, 0, 0, 0, 2, 5, 0, 0, 0, 0, 0, 225),
('PID_EL_CPLD', 0, 0, 0, 0, 3, 10, 0, 0, 0, 0, 0, 250),
('PID_EL_MICROPROC', 0, 0, 0, 0, 3, 5, 0, 0, 0, 0, 0, 300),
('PID_EL_PULSE_TRANS', 0, 0, 0, 0, 0, 0, 10, 0, 0, 0, 0, 250),
('PID_EL_ROBOT_HAND', 0, 5, 0, 0, 5, 10, 0, 0, 0, 0, 0, 250),
('PID_EL_ROBOT_CP', 0, 0, 0, 0, 5, 8, 0, 0, 0, 0, 0, 300),
('PID_EL_CABLE', 1, 0, 0, 0, 5, 0, 0, 0, 0, 0, 0, 200),
('PID_MET_ARAMID_FABRIC', 3, 0, 0, 0, 0, 0, 0, 0, 0, 0, 4, 200),
('PID_MET_COMPOSITE_SHEET', 5, 0, 0, 0, 0, 0, 0, 0, 0, 0, 5, 300),
('PID_MET_BALLISTIC_METALL', 4, 0, 0, 0, 0, 0, 0, 0, 0, 0, 5, 250),
('PID_MET_PLUMBUM', 4, 0, 2, 0, 0, 0, 0, 0, 0, 0, 0, 200),
('PID_MET_CARBON_FIBER', 5, 0, 0, 0, 0, 0, 0, 0, 0, 0, 5, 250),
('PID_MET_CARBITEX', 5, 0, 0, 0, 0, 0, 0, 0, 0, 0, 5, 300),
('PID_MET_KEVLAR_FIBER', 5, 0, 0, 0, 0, 0, 0, 0, 0, 0, 12, 250),
('PID_MET_PLASTIC', 2, 0, 1, 0, 0, 0, 0, 0, 0, 0, 0, 150),
('PID_MET_LEATHER', 2, 0, 0, 0, 0, 0, 0, 0, 0, 0, 0, 150),
('PID_MET_WIRES_COPPER', 2, 0, 0, 0, 1, 0, 0, 0, 0, 0, 0, 150),
('PID_MET_WIRES_STEEL', 3, 0, 0, 0, 0, 0, 0, 0, 0, 0, 0, 150),
('PID_MET_BARRELS_A1', 4, 0, 0, 0, 0, 0, 0, 0, 0, 0, 5, 175),
('PID_MET_BARRELS_A2', 4, 0, 0, 0, 0, 0, 0, 0, 0, 0, 6, 250),
('PID_MET_SHELLS_PISTOL', 1, 0, 0, 0, 0, 0, 0, 0, 0, 0, 0, 25),
('PID_MET_SHELLS_MAGNUM', 1, 0, 0, 0, 0, 0, 0, 0, 0, 0, 0, 25),
('PID_MET_SHELLS_223', 1, 0, 0, 0, 0, 0, 0, 0, 0, 0, 0, 25),
('PID_MET_SHELLS_762', 1, 0, 0, 0, 0, 0, 0, 0, 0, 0, 0, 25),
('PID_MET_SHELLS_5MM', 1, 0, 0, 0, 0, 0, 0, 0, 0, 0, 0, 35),
('PID_MET_SHELLS_14MM', 1, 0, 0, 0, 0, 0, 0, 0, 0, 0, 0, 30),
('PID_MET_SHELLS_12CAL', 1, 0, 0, 0, 0, 0, 0, 0, 0, 0, 0, 25),
('PID_MET_AMMOBELT', 1, 1, 0, 0, 0, 0, 0, 0, 0, 0, 0, 150),
('PID_OPT_LENS', 0, 0, 0, 3, 0, 0, 0, 0, 0, 0, 0, 150),
('PID_OPT_SCOPE_OLD', 1, 0, 0, 5, 0, 0, 0, 0, 0, 0, 0, 175),
('PID_OPT_SCOPE_ELEC', 0, 0, 0, 10, 4, 0, 0, 0, 0, 0, 0, 200),
('PID_OPT_SCOPE_LRT', 0, 0, 0, 15, 5, 0, 0, 0, 0, 0, 0, 250),
('PID_OPT_LENS_ELEC', 0, 0, 0, 5, 3, 2, 0, 0, 0, 0, 0, 300),
('PID_TECH_MECHANISM', 1, 3, 0, 0, 0, 0, 0, 0, 0, 0, 0, 150),
('PID_TECH_MOVE_PARTS', 0, 5, 0, 0, 0, 0, 0, 0, 0, 0, 0, 200),
('PID_TECH_ENGINE_SMALL', 0, 2, 0, 0, 5, 0, 5, 0, 0, 0, 0, 150),
('PID_TECH_ENGINE_MID', 0, 3, 0, 0, 7, 0, 7, 0, 0, 0, 0, 200),
('PID_TECH_ENGINE_GUN', 0, 5, 0, 0, 6, 0, 10, 0, 0, 0, 0, 250),
('PID_TECH_GATLING_CLUTCH', 0, 6, 0, 0, 0, 0, 0, 0, 0, 0, 0, 250),
('PID_TECH_DELINKER', 0, 6, 0, 0, 0, 0, 0, 0, 0, 0, 0, 250),
('PID_TECH_GCU', 0, 5, 0, 0, 10, 0, 0, 0, 0, 0, 0, 250),
('PID_TECH_GATLING_GRIP', 0, 5, 0, 0, 5, 0, 0, 0, 0, 0, 0, 250),
('PID_TRIGGER_SEMIAUTO', 0, 3, 0, 0, 0, 0, 0, 0, 0, 0, 0, 150),
('PID_TRIGGER_AUTO', 0, 5, 0, 0, 0, 0, 0, 0, 0, 0, 0, 200),
('PID_TRIGGER_SHOT', 0, 5, 0, 0, 0, 0, 0, 0, 0, 0, 0, 300),
('PID_TRIGGER_ELECTRO', 0, 5, 0, 0, 5, 0, 0, 0, 0, 0, 0, 250),
('PID_TECH_LASER', 1, 0, 0, 0, 0, 0, 3, 0, 0, 0, 0, 200),
('PID_POW_CUBE_LASER', 0, 0, 2, 0, 3, 0, 5, 0, 0, 0, 0, 300),
('PID_POW_CUBE_PLASMA', 0, 0, 2, 0, 3, 0, 5, 0, 0, 0, 0, 300),
('PID_POW_CUBE_PULSE', 0, 0, 2, 0, 3, 0, 5, 0, 0, 0, 0, 300),
('PID_POW_CELL_LASER', 0, 0, 3, 0, 1, 0, 4, 0, 0, 0, 0, 300),
('PID_POW_CELL_PLASMA', 0, 0, 3, 0, 1, 0, 4, 0, 0, 0, 0, 300),
('PID_POW_CELL_PULSE', 0, 0, 3, 0, 1, 0, 4, 0, 0, 0, 0, 300),
('PID_LASER_SMG', 2, 2, 0, 0, 0, 0, 8, 0, 0, 0, 0, 250),
('PID_LASER_RIFLE_AUTO', 2, 1, 0, 0, 0, 0, 4, 0, 0, 0, 0, 300);

-- --------------------------------------------------------

--
-- Структура таблицы `items`
--
-- Создание: Янв 18 2017 г., 01:55
-- Последнее обновление: Июл 21 2017 г., 02:07
-- Последняя проверка: Июл 21 2017 г., 02:07
--

DROP TABLE IF EXISTS `items`;
CREATE TABLE `items` (
  `id` smallint(6) NOT NULL,
  `pid` varchar(50) COLLATE utf8_unicode_ci NOT NULL,
  `name` varchar(60) COLLATE utf8_unicode_ci NOT NULL,
  `description` text CHARACTER SET utf8 COLLATE utf8_bin NOT NULL,
  `class` varchar(50) COLLATE utf8_unicode_ci NOT NULL,
  `podclass` varchar(50) COLLATE utf8_unicode_ci NOT NULL,
  `pic` varchar(30) COLLATE utf8_unicode_ci DEFAULT NULL,
  `Weight` int(6) DEFAULT NULL,
  `Cost` int(6) DEFAULT NULL
) ENGINE=MyISAM DEFAULT CHARSET=utf8 COLLATE=utf8_unicode_ci;

--
-- Дамп данных таблицы `items`
--

INSERT INTO `items` (`id`, `pid`, `name`, `description`, `class`, `podclass`, `pic`, `Weight`, `Cost`) VALUES
(1, 'PID_LEATHER_ARMOR', 'Кожаная броня', 'Ваша основная одежда из кожи. Искусно изготовлена из выделанной шкуры брамина.', 'Броня', '', 'ltharmor', 3628, 700),
(2, 'PID_METAL_ARMOR', 'Металлическая броня', 'Броня, грубо сформированная из полированных металлических пластин.', 'Броня', '', 'mtlarmor', 15875, 1100),
(3, 'PID_POWERED_ARMOR', 'Силовая броня', 'Высокотехнологичная автономная броня. Питается от ядерного микрореактора с запасом топлива лет на сто.', 'Топ', '', 'pwrarmor', 38555, 125000),
(4, 'PID_KNIFE', 'Нож', 'Острое колюще-режущее оружие. Мин. сила: 2.', 'Оружие', 'Холодное', 'oknife', 453, 40),
(5, 'PID_CLUB', 'Дубинка', 'Военная или полицейская дубинка из крепкого дерева. Мин. сила: 3.', 'Оружие', 'Холодное', 'club', 1360, 30),
(6, 'PID_SLEDGEHAMMER', 'Кувалда', 'Большой молот с массивной рукоятью. Очень популярное оружие среди мускулистых типов. Мин. сила: 6.', 'Оружие', 'Холодное', 'sledge', 5443, 120),
(7, 'PID_SPEAR', 'Копье', 'Заточенное до бритвенной остроты оружие. Древко деревянное, а наконечник изготовлен из кованой стали. Мин. сила: 4.', 'Оружие', 'Холодное', 'spear', 1814, 80),
(8, 'PID_10MM_PISTOL', 'Пистолет 10 мм', 'Самозарядный пистолет Кольт 6520 калибра 10 мм. При каждом нажатии на курок оружие автоматически перезаряжается, пока магазин не опустеет. Только одиночные выстрелы. Используются мощные 10-мм патроны. Мин. сила: 3.', 'Оружие', 'Легкое', 'pistol', 1360, 250),
(9, 'PID_10MM_SMG', 'Пистолет-пулемет 10 мм', 'Пистолет-пулемет H&K MP9 (модель калибра 10 мм). ПП среднего размера с возможностью одиночного выстрела и стрельбы очередями. Мин. сила: 4.', 'Оружие', 'Легкое', 'uzi', 2267, 1000),
(10, 'PID_HUNTING_RIFLE', 'Охотничье ружье', 'Полуавтоматическое ружье Кольт Рейнджмастер калибра 0,223. Только одиночные выстрелы. Мин. сила: 5.', 'Оружие', 'Легкое', 'hrifle', 4082, 1000),
(11, 'PID_FLAMER', 'Огнемет', 'Огнемет модели Факел-450. Выстреливает короткими струями невероятно жарко горящей жидкости. Для функционирования необходимо специальное топливо. Мин. сила: 6.', 'Оружие', 'Тяжелое', 'flamethr', 8164, 2000),
(12, 'PID_MINIGUN', 'Миниган', 'Персональный миниган CZ53 Роквелла. Многоствольный пулемет, стреляющий 5-мм патронами со скоростью свыше 60000 выстрелов в минуту. Мин. сила: 7.', 'Оружие', 'Тяжелое', 'minigun', 12700, 3800),
(13, 'PID_ROCKET_LAUNCHER', 'Гранатомет', 'Гранатомет Роквелла \"Супербазука\". Оснащен шикарным трехфунтовым пусковым механизмом. Стреляет бронебойными или разрывными ракетами. Мин. сила: 6.', 'Оружие', 'Тяжелое', 'rlaunch', 6803, 2300),
(14, 'PID_EXPLOSIVE_ROCKET', 'Разрывная ракета', 'Ракета, оснащенная мощной разрывной боеголовкой. ', 'Боеприпасы', '', 'shell2', 1360, 200),
(15, 'PID_PLASMA_RIFLE', 'Плазменное ружье', 'Плазменное ружье Винчестер P94. Энергетическое оружие индустриальной эпохи, стреляющее нагретой до предела плазмой через сверхпроводящий ствол. Питание осуществляется при помощи ядерных микрореакторов. Мин. сила: 6. Усиление: 15.', 'Оружие', 'Энерго', 'plasma', 5443, 4000),
(16, 'PID_LASER_PISTOL', 'Лазерный пистолет', 'Лазерный пистолет 1000-Ватт. Гражданская модель - мощность снижена по сравнению с военными или полицейскими моделями. Использует малые батарейки. Мин. сила: 3.', 'Оружие', 'Энерго', 'lasergun', 1814, 1400),
(17, 'PID_COMBAT_ARMOR', 'Боевая броня', 'Высокотехнологичная броня, изготовленная из улучшенных защитных полимеров.', 'Броня', '', 'cbtarmor', 8071, 6500),
(18, 'PID_DESERT_EAGLE', 'Дезерт Игл 0,44', 'Древний Дезерт Игл калибра 0,44 Магнум. Благодаря художественным фильмам конца ХХ века стал самым популярным пистолетом всех времен и народов. Мин. сила: 4.', 'Оружие', 'Легкое', 'magnum', 1814, 800),
(19, 'PID_ROCK', 'Камень', 'Это камень. Модель корпорации \"Гранит\" является усовершенствованной версией. Мин. сила: 1.', 'Оружие', 'Метательное', 'rock', 453, 1),
(20, 'PID_CROWBAR', 'Монтировка', 'Очень прочный и тяжелый металлический предмет, специально разработанный для применения принципа рычага. Или для хорошего удара по чьей-нибудь голове. Мин. сила: 5.', 'Оружие', 'Холодное', 'crowbar', 2267, 65),
(21, 'PID_BRASS_KNUCKLES', 'Кастет', 'Прочный кастет, изготовленный из стали. Защищает руку и обеспечивает больший урон при рукопашном бое. Мин. сила: 1.', 'Оружие', 'Рукопашное', 'brsnuck', 453, 40),
(22, 'PID_14MM_PISTOL', 'Пистолет 14 мм', 'Автоматический пистолет ЗИГ-Зауэр калибра 14 мм. Крупное, однозарядное оружие отличного качества. Мин. сила: 4.', 'Оружие', 'Легкое', 'smgpstle', 1814, 1100),
(23, 'PID_ASSAULT_RIFLE', 'Штурмовая винтовка', 'Штурмовая винтовка AK-112 калибра 5 мм. Старая военная модель, вышедшая из употребления примерно во время войны. Может производить одиночные выстрелы или стрелять очередью. Использует высокоскоростные заряды калибра 5 мм. Мин. сила: 5.', 'Оружие', 'Легкое', 'grifle', 3175, 1300),
(24, 'PID_PLASMA_PISTOL', 'Плазменный пистолет', 'Плазменный пистолет Глок 86. Разработан ИИ Гастона Глока. Выстреливает небольшим зарядом нагретой до предела плазмы. Питание осуществляется при помощи малых батареек. Мин. сила: 4. Усиление: 15.', 'Оружие', 'Энерго', 'glock', 1814, 2750),
(25, 'PID_FRAG_GRENADE', 'Осколочная граната', 'Обыкновенная осколочная граната. Содержит небольшое количество бризантного взрывчатого вещества. Большая часть опасных осколков формируется непосредственно из оболочки гранаты. Взрывается при ударе. Мин. сила: 3.', 'Оружие', 'Метательное', 'grenadeo', 453, 150),
(26, 'PID_PLASMA_GRENADE', 'Плазменная граната', 'Граната, в которой запечатана уплотненная при помощи магнитных полей плазма. Детонирует при помощи взрывчатого вещества. При ударе возникает взрыв перегретой плазмы. Мин. сила: 4.', 'Оружие', 'Метательное', 'grenadep', 453, 300),
(27, 'PID_PULSE_GRENADE', 'Импульсная граната', 'Граната электромагнитного импульса, при взрыве генерирующая мощное магнитное поле. На живые существа не действует. Поле возникает при ударе. Мин. сила: 4.', 'Оружие', 'Метательное', 'grenadeq', 453, 250),
(28, 'PID_GATLING_LASER', 'Гатлинг-лазер', 'Гатлинг-лазер H&K L30. В начале войны представлял собой прототип. Благодаря нескольким стволам некоторое время удается избежать перегрева. Питание осуществляется при помощи ядерных микрореакторов. Мин. сила: 6. Усиление: 30.', 'Топ', '', 'minilazr', 10886, 55500),
(29, 'PID_10MM_JHP', '10 мм п/об', 'Вид боеприпасов. Калибр: 10 мм, полуоболоченые.', 'Боеприпасы', '', '10mmjhp', 18, 3),
(30, 'PID_10MM_AP', '10 мм ББ', 'Вид боеприпасов. Калибр: 10 мм, бронебойные.', 'Боеприпасы', '', '10mmap', 23, 5),
(31, 'PID_44_MAGNUM_JHP', '0,44 Магнум п/об', 'Обойма патронов, калибр 0,44 Магнум, полуоболоченные.', 'Боеприпасы', '', '44jhp', 21, 4),
(32, 'PID_FLAMETHROWER_FUEL', 'Топливо для огнемета', 'Цилиндр, в котором содержится легковоспламеняемое жидкое топливо для огнеметов.', 'Боеприпасы', '', 'tank', 453, 25),
(33, 'PID_14MM_AP', '14 мм ББ', 'Боеприпасы крупного калибра. 14 мм, бронебойные.', 'Боеприпасы', '', '14mmap', 15, 5),
(34, 'PID_223_FMJ', '0,223 об.', 'Магазин с пулями, калибр 0,223, оболоченные.', 'Боеприпасы', '', '223fmj', 18, 4),
(35, 'PID_5MM_JHP', '5 мм п/об', 'Обойма небольших легких пуль. Калибр: 5 мм, полуоболоченные.', 'Боеприпасы', '', '5mmjhp', 11, 2),
(36, 'PID_5MM_AP', '5 мм ББ', 'Обойма малокалиберных пуль. 5 мм, бронебойные.', 'Боеприпасы', '', '5mmap', 16, 4),
(37, 'PID_ROCKET_AP', 'Ракета (ББ)', 'Снаряд, обладающий меньшей взрывной силой, но разработанный с целью пробивать броню.', 'Боеприпасы', '', 'rshell', 1410, 400),
(38, 'PID_SMALL_ENERGY_CELL', 'Мал. батарейка', 'Небольшая автономная единица хранения энергии.', 'Боеприпасы', '', 'ccells', 34, 10),
(39, 'PID_MICRO_FUSION_CELL', 'Яд. микрореактор', 'Средняя по величине единица производства энергии. Автономный ядерный реактор.', 'Боеприпасы', '', 'dcells', 45, 20),
(40, 'PID_STIMPAK', 'Стимулятор', 'Лекарственное вещество. При инъекции это вещество обеспечивает немедленное исцеление небольших ран.', 'Медикаменты', '', 'stimx', 0, 25),
(41, 'PID_BOTTLE_CAPS', 'Деньги', 'Законное платежное средство в мире пустошей.', 'Разное', '', 'cap2', 1, 1),
(45, 'PID_THROWING_KNIFE', 'Метательный нож', 'Нож, специально сбалансированный для метания. Изготовлен из титана, с лазерной заточкой. Мин. сила: 3.', 'Оружие', 'Метательное', 'knife2', 453, 100),
(46, 'PID_BAG', 'Сумка', 'Сумка средних размеров. Соткана из волоса браминов.', 'Container', '', NULL, NULL, NULL),
(47, 'PID_FIRST_AID_KIT', 'Аптечка первой помощи', 'Небольшой набор основного медицинского оборудования. Бинты, повязки, антисептический аэрозоль и многое другое.', 'Доп слот', '', '1staid', 907, 200),
(48, 'PID_RADAWAY', 'Антирадин', 'Химический раствор, молекулы которого связывают радиоактивные частицы и выводят их из организма. Для полного эффекта требует времени.', 'Медикаменты', '', 'iv', 0, 500),
(49, 'PID_ANTIDOTE', 'Противоядие', 'Бутылка с самодельным противоядием. Молочная жидкость с плавающими в ней кусочками мяса радскорпионов.', 'Медикаменты', '', 'drug_bot', 200, 50),
(50, 'PID_STEEL', 'Кусок стали', 'Вы совершенно не имеете понятие что это, но догадываетесь, что из этого можно что-нибудь сделать.', 'Разное', '', 'steel', 907, 20),
(51, 'PID_DYNAMITE', 'Динамит', 'Бризантное взрывчатое вещество, состоящее из нитроглицерина, смешанного c абсорбирующим веществом \"киселгур\".  Оснащено таймером.', 'Разное', '', 'dynamit', 2267, 500),
(52, 'PID_GEIGER_COUNTER', 'Счетчик Гейгера', 'Счетчик Гейгера от компании Ватт Электроникс, модель \"Радомер\". Фиксирует наличие и мощность радиационных полей.', 'Разное', '', 'geiger4', 1814, 650),
(53, 'PID_MENTATS', 'Ментат', 'Таблетки из химического вещества, расширяющего сознание. Улучшает функции головного мозга, связанные с памятью, а также убыстряет некоторые умственные процессы.  Вызывает сильное привыкание.', 'Медикаменты', '', 'syring2', 0, 480),
(54, 'PID_STEALTH_BOY', 'Невидимка', 'Персональное маскировочное устройство \"Невидимка 3001\" от компании Роб. Генерирует модулирующее поле, которое передает отраженный свет с одной стороны объекта на противоположную.', 'Доп слот', '', 'stlthboy', 907, 1800),
(55, 'PID_WATER_CHIP', 'Водяной чип', 'Это водяной чип производства компании Vault-Tec. Стандартная упаковка содержит пять штук.', 'Разное', '', 'water', 907, 1),
(56, 'PID_DOG_TAGS', 'Солдатские жетоны', 'Армейские жетоны. Вы можете прочесть имя \"Даркуотер\", но больше ничего разобрать нельзя.', 'Разное', '', 'tag', 0, 50),
(57, 'PID_ELECTRONIC_BUG', 'Жучок', 'Миниатюрный микрофон и передающее устройство.', 'Разное', '', 'bug', 97, 50),
(58, 'PID_HOLODISK', 'Пленка', 'Пленка голографического диска от компании Ватт Электроникс. Кажется, конкретно эта пленка в очень плохом состоянии.', 'Разное', '', 'tape3', 25000, 40),
(59, 'PID_MOTION_SENSOR', 'Сенсор движения', 'Сенсор движения Ватт Электроникс, модель \"Ви-ДОК\". Фиксирует движение биосуществ на определенном расстоянии в метрах при помощи датчика. Наличие такого сенсора в вашем снаряжении поможет избегать нежелательных встреч за городом (+20% к скорости).', 'Доп слот', '', 'motion', 3175, 800),
(71, 'PID_MUTATED_FRUIT', 'Фрукт', 'Необычный фрукт. Без консервантов и красителей.', 'Медикаменты', '', 'fruit', 153, 10),
(72, 'PID_BRIEFCASE', 'Чемоданчик', 'Чемоданчик с надписью \"Сделано в США\". Кожа. В хорошем состоянии, но кодовый замок сломан.', 'Разное', '', 'bcase2a', 2267, 35),
(73, 'PID_BIG_BOOK_OF_SCIENCE', 'Большая научная книга', 'Набор книг, содержащих информацию о различных науках.', 'Разное', '', 'science', 2267, 400),
(74, 'PID_LEATHER_JACKET', 'Кожаная куртка', 'Черная плотная кожаная куртка.', 'Броня', '', 'maxinv', 2267, 250),
(75, 'PID_MULTI_TOOL', 'Инструменты', 'Набор разных полезных инструментов, среди которых есть и плоскогубцы.', 'Доп слот', '', 'cutter', 453, 200),
(76, 'PID_DEANS_ELECTRONICS', 'Электроника Дина', 'Учебник по электронике. Надпись на обложке гласит, что он сможет \"в каждом выявить юного электрика\"!', 'Разное', '', 'deans', 907, 130),
(77, 'PID_ELECTRONIC_LOCKPICKS', 'Электронная отмычка', 'Электронная отмычка модели \"Карманный микроманипулятор\" от Ватт Электроникс. Предназначена для открывания электронных замков и нейтрализации средств безопасности.', 'Доп слот', '', 'elecpic', 907, 375),
(78, 'PID_FUZZY_PAINTING', 'Выцветшая картинка', 'Изображение певца. Явно очень древняя картина. В фетровой рамке, которая до сих пор неплохо сохранилась.', 'Разное', '', 'elvis', 5443, 300),
(79, 'PID_FLARE', 'Фонарик', 'Фонарик. Дает освещение на короткое время. Бумага несколько истрепалась, но в остальном все в порядке. Для включения поверните верхнюю часть.', 'Оружие', '', 'flare', 453, 35),
(80, 'PID_FIRST_AID_BOOK', 'Книга по первой помощи', 'Учебник по теории и практике оказания первой медицинской помощи.', 'Разное', '', 'frst_bk', 907, 175),
(81, 'PID_IGUANA_ON_A_STICK', 'Шашлык из игуаны', 'Игуана, зажаренная прямо с кожей.', 'Медикаменты', '', 'iguana', 453, 20),
(82, 'PID_KEY', 'Ключ', 'Ключ. Предназначен для какого-то определенного замка.', 'Keys', '', 'key', 30, 4),
(83, 'PID_KEYS', 'Брелок', 'Связка ключей.', 'Keys', '', 'keys', 30, 4),
(84, 'PID_LOCKPICKS', 'Отмычки', 'Набор инструментов взломщика. Включает в себя все необходимые отмычки и гаечные ключи для открытия классических механических замков.', 'Доп слот', '', 'lockpic2', 453, 150),
(85, 'PID_PLASTIC_EXPLOSIVES', 'Пластиковая взрывчатка', 'Пластиковая взрывчатка военной марки Кордекс. Очень стабильная, очень мощная. Оснащена детонатором.', 'Разное', '', 'plastic', 1814, 850),
(86, 'PID_SCOUT_HANDBOOK', 'Настольная книга скаута', 'Книга о методах и идеалах скаутов. Содержит очень полезную информацию о жизни за пределами города.', 'Разное', '', 'scout', 1360, 200),
(87, 'PID_BUFFOUT', 'Баффаут', 'Мощные стероиды. Их действие состоит в увеличении силы и обострении рефлексов. Вызывают сильное привыкание.', 'Медикаменты', '', 'dxboost2', 0, 400),
(88, 'PID_WATCH', 'Часы', 'Дорогие часы. На самом деле не ходят, но очень хорошо выглядят.', 'Разное', '', 'donotuse', 453, 200),
(89, 'PID_MOTOR', 'Мотор', 'Электрический мотор на 40 лошадиных сил.', 'Разное', '', 'motor', 6350, 10100),
(90, 'PID_BACKPACK', 'Рюкзак', 'Обыкновенный рюкзак с дополнительными ручками.', 'Доп слот', '', 'backpack', 2267, 300),
(91, 'PID_DOCTORS_BAG', 'Докторский чемоданчик', 'В этом коричневом чемоданчике хранятся инструменты и вещества, обычно используемые докторами в их профессиональных целях.', 'Доп слот', '', 'docbag7', 2267, 300),
(92, 'PID_SCORPION_TAIL', 'Хвост скорпиона', 'Оторванный хвост радскорпиона.', 'Разное', '', 'scorp', 9071, 10),
(94, 'PID_SHOTGUN', 'Дробовик', 'Винчестер Видоумейкер - двуствольный дробовик 12 калибра. Короткоствольный, с прикладом из красного дерева. Мин. сила: 4.', 'Оружие', 'Легкое', 'shotgun6', 2267, 800),
(95, 'PID_SHOTGUN_SHELLS', 'Патроны для дробовика, 12 калибр', 'Вид боеприпасов для дробовика. На данных патронах стоит отметка: \"12 калибр. Не давать детям до 3 лет\".', 'Боеприпасы', '', 'ssshells', 22, 11),
(96, 'PID_RED_PASS_KEY', 'Красный пропуск', 'Электронная карта доступа. Цветовой код - красный.', 'Keys', '', 'passkey1', 453, 10),
(97, 'PID_BLUE_PASS_KEY', 'Синий пропуск', 'Электронная карта доступа. Цветовой код - синий.', 'Keys', '', 'passkey2', 453, 10),
(98, 'PID_PUMP_PARTS', 'Мусор', 'Куча разного мусора. Всего понемногу.', 'Разное', '', 'pump2', 3400, 40),
(99, 'PID_GOLD_LOCKET', 'Золотой кулон', 'Ценный золотой кулон.', 'Доп слот', '', 'locket', 453, 400),
(100, 'PID_RADIO', 'Рация', 'Рация модели 2043B от прекрасной компании Ватт Электроникс. Надежная, прочная и камуфлированная. С дополнительным разъемом RS-121.', 'Доп слот', '', 'radio3', 272, 350),
(101, 'PID_LIGHTER', 'Зажигалка', 'Серебряная газовая зажигалка. В хорошем состоянии.', 'Разное', '', 'zip1', 0, 100),
(102, 'PID_GUNS_AND_BULLETS', 'Оружие и боеприпасы', 'Журнал, посвященный практическому применению огнестрельного оружия, иногда публикующий пристрастные обзоры.', 'Разное', '', 'g', 907, 425),
(103, 'PID_MEAT_ON_A_STICK', 'Шашлык из игуаны', 'Обуглившееся мясо и овощи на шампуре.', 'Медикаменты', '', 'iguan2', 453, 8),
(104, 'PID_TAPE_RECORDER', 'Магнитофон', 'Магнитофон модели \"Сиди-и-слушай\" от Ватт Электроникс. Для проигрывания и записи использует стандартные 30-минутные пленки с высокой плотностью записи типа \"Записал - отдыхай\".', 'Разное', '', 'tape_ply', 2267, 80),
(105, 'PID_NUKE_KEY', 'Ключ', 'Какой-то специальный ключ.', 'Keys', '', 'nukey', 100, 25),
(106, 'PID_NUKA_COLA', 'Нюка-Кола', 'Бутылка Нюка-Колы, ароматизированного безалкогольного напитка постъядерного мира. Теплая и выдохшаяся.', 'Медикаменты', '', 'bottle', 0, 3),
(109, 'PID_RAD_X', 'Рад-X', 'Антирадиационный препарат, который необходимо принять до облучения. Побочных эффектов не вызывает.', 'Медикаменты', '', 'drg_rad2', 0, 300),
(110, 'PID_PSYCHO', 'Психо', 'Уникальная упаковка, содержащая необычные и неизвестные препараты, скорее всего, военного происхождения. Предполагаемое действие - повышение боевого потенциала солдата.', 'Медикаменты', '', 'lastdrug', 0, 1400),
(111, 'PID_44_FMJ_MAGNUM', '0,44 Магнум об.', 'Обойма боеприпасов. Калибр 0,44 Магнум. оболоченные.', 'Боеприпасы', '', '44fmj', 45, 6),
(112, 'PID_URN', 'Урна', 'Прекрасная золотая урна. Снаружи выгравирована надпись \"Гарриет\". Внутри хранится чей-то прах.', 'Разное', '', 'trophy', 2721, 130),
(113, 'PID_PURPLE_ROBE', 'Пурпурная Мантия', 'Пурпурная Мантия.', 'Броня', '', 'robeinv', 1035, 90),
(114, 'PID_TANGLERS_HAND', 'Рука Танглера', 'Кибернетический манипулятор, изготовленный в виде руки. Поврежден вследствие неаккуратного удаления.', 'Разное', '', 'thand', 1360, 200),
(115, 'PID_SUPER_SLEDGE', 'Суперкувалда', 'Суперкувалда, произведенная Братством Стали с применением самых современных оружейных технологий. Оснащена накопителем кинетической энергии для усиления удара. Мин. сила: 5.', 'Оружие', 'Холодное', 'ssledge2', 5443, 3750),
(116, 'PID_RIPPER', 'Потрошитель', 'Вибронож \"Потрошитель\"(tm). Питается от аккумуляторного элемента, зазубренное лезвие впивается в плоть жертвы, разрывая ее. Мин. сила: 4.', 'Оружие', 'Холодное', 'vblade', 907, 900),
(117, 'PID_FLOWER', 'Цветочек', 'Прекрасный цветок.', 'Доп слот', '', 'flower', 10, 5),
(118, 'PID_LASER_RIFLE', 'Лазерное ружье', 'Лазерное ружье 2000-Ватт. Использует ядерные микрореакторы, что увеличивает мощность лазера. Ствол удлинен с целью увеличения дальнобойности. Мин. сила: 6. Усиление: 10.', 'Оружие', 'Энерго', 'lrifle', 5443, 4000),
(119, 'PID_NECKLACE', 'Ожерелье', 'Дорогое на вид ожерелье, изготовленное из золота, серебра и синтезированных бриллиантов.', 'Доп слот', '', 'jewel', 907, 700),
(120, 'PID_ALIEN_LASER_PISTOL', 'Бластер пришельцев', 'Необычное оружие, явно неземного происхождения. Однако, судя по всему, к нему подойдут стандартные  аккумуляторные элементы. Мин. сила: 2. Усиление: 10.', 'Оружие', 'Энерго', 'ufogun', 907, 10000),
(121, 'PID_9MM_BALL', '9 мм Люгер', 'Древние патроны калибра 9х19 мм. Обильная смазка защищает их от повреждений. Стандартные пули.', 'Боеприпасы', '', 'bullet', 45, 5),
(122, 'PID_9MM_MAUSER', '9 мм Маузер', 'Маузер M/96 калибра 9x19 мм Парабеллум. В отличном состоянии. Идеальная точность выстрела. Мин. сила: 3.', 'Оружие', 'Легкое', 'gizgun1', 1360, 1500),
(123, 'PID_PSYCHIC_NULLIFIER', 'Психонейтрализатор', 'Необычное устройство, выполненное по неизвестной технологии.', 'Разное', '', 'psynull', 1360, 1000),
(124, 'PID_BEER', 'Пиво', 'Какой-то сорт домашнего пива.', 'Медикаменты', '', 'beer', 0, 5),
(125, 'PID_BOOZE', 'Самогон', 'Древний алкогольный напиток довоенной эпохи.', 'Медикаменты', '', 'schlager', 453, 10),
(126, 'PID_WATER_FLASK', 'Фляга', 'Сосуд для хранения воды или какой-либо другой жидкости.', 'Доп слот', '', 'flask', 907, 25),
(127, 'PID_ROPE', 'Веревка', 'Прочная толстая веревка. Примерно 45 футов в длину.', 'Разное', '', 'rope', 4535, 25),
(140, 'PID_ACCESS_CARD', 'Карта доступа', 'Карта доступа. Все еще в рабочем состоянии.', 'Разное', '', 'accard', 453, 25),
(141, 'PID_BLACK_COC_BADGE', 'Значок ДС', 'Значок в форме эмблемы Детей Собора. На обратной стороне видны выступы и углубления, что очень  сильно напоминает ключ.', 'Разное', '', 'bbadge', 453, 400),
(142, 'PID_RED_COC_BADGE', 'Значок ДС', 'Значок в форме эмблемы Детей Собора. На обратной стороне видны выступы и углубления, что очень  сильно напоминает ключ.', 'Разное', '', 'rbadge', 453, 12),
(143, 'PID_SNIPER_RIFLE', 'Снайперская винтовка', 'Снайперская винтовка DKS-501. Отличное огнестрельное оружие дальнего действия. В оригинале оно было калибра 0,308, но конкретно этот экземпляр использует патроны более распространенного калибра 14мм. Мин. сила: 5.', 'Оружие', 'Легкое', 'sniper', 3628, 2200),
(144, 'PID_SUPER_STIMPAK', 'Суперстимулятор', 'Усовершенствованный лекарственный препарат. Очень мощный. Суперстимуляторы через определенное время наносят небольшой урон здоровью из-за  сильнодействующих химических веществ, входящих в их состав.', 'Медикаменты', '', 'stimpak', 453, 350),
(159, 'PID_MOLOTOV_COCKTAIL', 'Коктейль Молотова', 'Самодельная граната с запалом. Мин. сила: 3.', 'Оружие', 'Метательное', 'mola', 453, 50),
(160, 'PID_CATTLE_PROD', 'Электрокнут', 'Электрокнут производства компании Ватт Электроникс. Модель \"Лучший друг фермера\". Питание обеспечивается малыми батарейками. Мин. сила: 4.', 'Оружие', 'Холодное', 'cprod3', 1360, 600),
(161, 'PID_RED_RYDER_BB_GUN', 'Пневматическое ружье Ред Райдер', 'Пневматическое ружье Ред Райдер. Классическое. Мин. сила: 3.', 'Оружие', 'Легкое', 'rrbase', 2267, 200),
(162, 'PID_RED_RYDER_LE_BB_GUN', 'Эксклюзивное пневморужье Ред Райдер', 'Эксклюзивная версия пневморужья Ред Райдер. Истинная классика. Мин. сила: 3.', 'Оружие', 'Легкое', 'rrspec', 2267, 3500),
(163, 'PID_BBS', 'Шарики', 'Довоенная упаковка шариков для пневморужья. В превосходном состоянии. Из нержавеющей стали.', 'Боеприпасы', '', 'bbs', 45, 1),
(164, 'PID_BROTHERHOOD_TAPE', 'Пленка Братства', 'Голографический диск Братства Стали.', 'Разное', '', 'tape3', 453, 70),
(190, 'PID_DISK_FEV', 'Диск ВРЭ', 'Голографическая пленка с медицинскими данными. Можно использовать для ввода информации в ваш PIPBoy.', 'Разное', '', 'tape3', 453, 200),
(191, 'PID_DISK_SECURITY', 'Диск охраны', 'Голографическая пленка, на ярлыке которой написано \"Журнал охраны\". Данные, которые на ней содержатся, можно перенести в ваш PIPBoy.', 'Разное', '', 'tape3', 453, 50),
(192, 'PID_DISK_ALPHA_EXPERIMENT', 'Диск эксперимента \"Альфа\"', 'На ярлыке этой пленки написано \"Журнал эксперимента \"Альфа\"', 'Разное', '', 'tape3', 453, 50),
(193, 'PID_DISK_DELTA_EXPERIMENT', 'Диск эксперимента \"Дельта\"', 'На ярлыке этой пленки написано \"Журнал эксперимента \"Дельта\"', 'Разное', '', 'tape3', 453, 50),
(194, 'PID_DISK_VREES_EXPERIMENT', 'Диск эксперимента Ври', 'На эту пленку были добавленные медицинские данные Ври из БС. Эту информацию можно переписать на ваш PIPBoy.', 'Разное', '', 'tape3', 453, 75),
(195, 'PID_DISK_BROTHERHOOD_HONOR_CODE', 'Кодекс чести Братства', 'Голографическая пленка, на ярлыке которой грубо нарисован символ Братства Стали. Используйте эту пленку, чтобы скопировать данные на свой PIPBoy.', 'Разное', '', 'reserved', 453, 50),
(196, 'PID_DISK_MUTANT_TRANSMISSIONS', 'Радиосообщения мутантов', 'Похоже, на эту пленку записаны аудиоданные с рации. Вы можете скопировать данные с пленки на свой PIPBoy.', 'Разное', '', 'tape3', 453, 125),
(205, 'PID_ACTIVE_FLARE', 'Фонарик', 'Фонарик. Дает освещение на короткое время. Бумага несколько истрепалась, но в остальном все в порядке. Включен.', 'Оружие', '', 'flareon', 453, 60),
(206, 'PID_ACTIVE_DYNAMITE', 'Динамит', 'Бризантное взрывчатое вещество, состоящее из нитроглицерина, смешанного c абсорбирующим веществом \"киселгур\".  Оснащено таймером, который в настоящий момент активирован.', 'Разное', '', 'dynon', 2267, 500),
(207, 'PID_ACTIVE_GEIGER_COUNTER', 'Счетчик Гейгера', 'Счетчик Гейгера от компании  Ватт Электроникс, модель \"Радомер\". Фиксирует наличие и мощность радиационных полей. В настоящий момент включен.', 'Разное', '', 'geigon', 1814, 650),
(208, 'PID_ACTIVE_MOTION_SENSOR', 'Сенсор движения', 'Сенсор движения от компании Ватт Электроникс, модель \"Ви-ДОК\". Фиксирует движение биологических существ на определенном расстоянии в метрах при помощи настроенного датчика оптического контроля. В настоящее время включен.', 'Доп слот', '', 'motionon', 3175, 800),
(209, 'PID_ACTIVE_PLASTIC_EXPLOSIVE', 'Пластиковая взрывчатка', 'Пластиковая взрывчатка военной марки Кордекс. Очень устойчивая, очень мощная. Оснащена радио детонатором, который в настоящий момент активирован.', 'Разное', '', 'plastion', 1814, 850),
(210, 'PID_ACTIVE_STEALTH_BOY', 'Невидимка', 'Персональное маскировочное устройство \"Невидимка 3001\" от компании Роб. Генерирует модулирующее поле, которое передает отраженный свет с одной стороны объекта на противоположную.', 'Доп слот', '', 'stlthon', 1360, 1800),
(212, 'PID_BARTER_TANDI', 'Танди', 'Вы торгуетесь за освобождение Танди.', 'Разное', '', 'tandi1', 4535, 600),
(215, 'PID_DISK_BROTHERHOOD_HISTORY', 'История Братства', 'Голографическая пленка с информацией о Братстве Стали. Можно скопировать ее в ваш PIPBoy 2000.', 'Разное', '', 'tape3', 453, 50),
(216, 'PID_DISK_MAXSON_HISTORY', 'История Максона', 'История Максона', 'Разное', '', 'tape3', 453, 50),
(217, 'PID_DISK_MAXSON_JOURNAL', 'Дневник Максона', 'Дневник Максона', 'Разное', '', 'tape3', 453, 50),
(218, 'PID_BARTER_LIGHT_HEALING', 'Малое исцеление', 'Выберите этот вариант, если вам требуется малое исцеление.', 'Разное', '', 'donotuse', 0, 25),
(219, 'PID_BARTER_MEDIUM_HEALING', 'Среднее исцеление', 'Выберите этот вариант, если вам  требуется среднее исцеление.', 'Разное', '', 'donotuse', 0, 50),
(220, 'PID_BARTER_HEAVY_HEALING', 'Серьезное исцеление', 'Выберите этот вариант, если вам требуется уход и серьезное исцеление.', 'Разное', '', 'donotuse', 0, 100),
(221, 'PID_SECURITY_CARD', 'Карта-пропуск', 'Ключ-карта с повышенным уровнем безопасности. Электроника очень простая.', 'Разное', '', 'lpass', 0, 40),
(222, 'PID_TOGGLE_SWITCH', 'Полевой переключатель', 'Электронный передатчик с очень простой, крупной кнопкой включения.', 'Разное', '', 'toggle', 453, 1),
(223, 'PID_YELLOW_PASS_KEY', 'Желтый пропуск', 'Электронная карта доступа. Цветовой код - желтый.', 'Keys', '', 'passkey3', 453, 40),
(224, 'PID_SMALL_STATUETTE', 'Небольшая статуэтка', 'Похоже, что это изображение Pip Boy, но с полной уверенностью сказать трудно.', 'Разное', '', 'beny', 1360, 300),
(225, 'PID_CATS_PAW', 'Журнал \"Кошачья лапка\"', 'Выпуск журнала \"Кошачья лапка\".', 'Разное', '', 'cat', 453, 5),
(226, 'PID_BOX_OF_NOODLES', 'Коробка лапши', 'Вы понятия не имеете, что такое \"лапша быстрого приготовления\".', 'Разное', '', 'chef', 453, 35),
(227, 'PID_FROZEN_DINNER', 'Какая-то пыльная коробка', 'Полуфабрикат. Вы не можете сказать наверняка, что это такое, но это точно несъедобно. Вы даже не знаете, было ли это вообще когда-нибудь съедобно.', 'Разное', '', 'dinner', 907, 20),
(228, 'PID_TECHNICAL_MANUAL', 'Техническое руководство', 'Техническое руководство по ремонту силовой брони T-51b.', 'Разное', '', 'natr', 907, 200),
(229, 'PID_MOTIVATOR', 'Деталь аппаратуры', 'Вы видите Систолический мотиватор. Эта необычная техническая деталь очень мала.', 'Разное', '', 'motivatr', 453, 150),
(230, 'PID_DISK_VAULT_RECORDS', 'Архивы Убежища', 'Сборник информации о событиях и важных записей из компьютерной системы Убежища. Возможно, поврежден.', 'Разное', '', 'tape3', 453, 50),
(231, 'PID_DISK_MILITARY_BASE_SEC_CODE', 'Код доступа к военной базе', 'NULL', 'Разное', '', 'tape3', 453, 1),
(232, 'PID_HARDENED_POWER_ARMOR', 'Закаленная силовая броня', 'Силовая броня T-51b. Процесс закалки улучшил защитные способности этой высокотехнологичной брони.', 'Топ', '', 'pwrarmor', 45359, 15000),
(233, 'PID_TURBO_PLASMA_RIFLE', 'Турбоплазменная винтовка', 'Усовершенствованная плазменная винтовка Винчестер P94. Плазменная камера оснащена тепловой обмоткой для ускорения процесса формирования плазменного заряда. Мин. сила: 6. Усиление: 25.', 'Оружие', 'Энерго', 'plas2', 6350, 8000),
(234, 'PID_SPIKED_KNUCKLES', 'Шипованный кастет', 'Улучшенная версия классического кастета. Такие кастеты наносят больший урон благодаря своим шипам, которые впиваются в противника, при рукопашном бое. Мин. сила: 1.', 'Оружие', 'Рукопашное', 'brsknkls', 453, 250),
(235, 'PID_POWER_FIST', 'Силовой кастет', 'Силовой кастет \"Большой таран\" производства компании Бью. Большинство считает его лучшим оружием для рукопашного боя. Остальные же просто его боятся. Питание обеспечивается малыми батарейками. Мин. сила: 1.', 'Оружие', 'Рукопашное', 'gaunt', 3175, 2200),
(236, 'PID_COMBAT_KNIFE', 'Боевой нож', 'Высококачественный боевой нож модели \"Сталлона\" производства корпорации Остряк. Его лезвие гарантированно останется таким же острым даже через десять лет использования! Мин. сила: 2.', 'Оружие', 'Холодное', 'knife3', 907, 165),
(237, 'PID_CHEMISTRY_MANUAL', 'Химические журналы', 'Беспорядочный набор литературы по химии. Статьи по молекулярной химии особенно интересны.', 'Разное', '', 'science', 2267, 100),
(238, 'PID_DISK_REGULATOR_TRANSMISSIONS', 'Радиосообщения регулятора', 'Голографическая пленка с записью аудиосообщений.', 'Разное', '', 'tape3', 453, 25),
(239, 'PID_BROTHERHOOD_COMBAT_ARMOR', 'Броня Братства', 'Усовершенствованный вариант боевой брони. Братство Стали произвело множество улучшений стандартной версии.', 'Броня', '', 'comba2a', 11339, 40800),
(240, 'PID_TESLA_ARMOR', 'Броня Тесла', 'Эта блестящая броня обеспечивает лучшую защиту против энергетической атаки. Три электромагнитных уловителя Тесла частично рассеивают направленные энергетические удары.', 'Броня', '', 'tesla', 15875, 4500),
(241, 'PID_223_PISTOL', 'Пистолет калибра 0,223', 'Модифицированная винтовка калибра 0,223, обрезанная до размера пистолета. Это единственное в своем роде оружие, явно изготовленное с большим мастерством и любовью. Мин. сила: 5.', 'Оружие', 'Легкое', 'decker', 2267, 3500),
(242, 'PID_COMBAT_SHOTGUN', 'Боевой дробовик', 'Боевой дробовик Винчестер Ситикиллер 12 калибра. Конструкция \"буллпап\". В отличном состоянии. Поставляется с герметиком \"Война в пустыне\", повышающим надежность оружия. Мин. сила: 5.', 'Оружие', 'Легкое', 'assshot', 4535, 2200),
(251, 'PID_BONES', 'Скелет Анны', 'Кажется, покой этого скелета нарушен.', 'Разное', '', 'annabone', 4535, 1),
(252, 'PID_ANNA_GOLD_LOCKET', 'Золотой кулон Анны', 'Этот старый затертый золотой кулон открывается, и внутри обнаруживается очаровательный портрет.', 'Разное', '', 'annalock', 453, 1),
(253, 'PID_CAR_FUEL_CELL_CONTROLLER', 'Топливный контроллер', 'Этот чип управляет распределением питания в электродвигателе автомобиля. Многие водители быстро сжигали этот чип, если очень часто слишком быстро разгоняли свою машину. Но все же это очень полезная деталь, если, конечно, у вас есть автомобиль.', 'Разное', '', 'carbatry', 2267, 1),
(254, 'PID_CAR_FUEL_INJECTION', 'Топливный регулятор', 'Некоторые водители устанавливали этот регулятор, вдвое уменьшающий расход топлива, но большинство водителей не заботило, сколько топлива жрут их машины. В конце концов, оно дешево стоит, и его много, так чего же волноваться?', 'Разное', '', 'carturbo', 2267, 1),
(255, 'PID_DAY_PASS', 'Дневной пропуск', 'Этот слегка помятый клочок бумаги дает вам доступ во все районы Города Убежища, кроме непосредственно самого Убежища, но только в дневные часы.', 'Разное', '', 'daypass', 453, 1),
(256, 'PID_FAKE_CITIZENSHIP', 'Фальшивое удостоверение Гражданина', 'Это фальшивое удостоверение Гражданина. Выглядит почти как настоящее, но вы сомневаетесь, что оно пройдет серьезную проверку.', 'Разное', '', 'fakecitz', 453, 1),
(257, 'PID_CORNELIUS_GOLD_WATCH', 'Золотые часы Корнелиуса', 'Это древний хронометр, известный как карманные часы. Для этой реликвии время истекло уже много лет назад.', 'Разное', '', 'goldwatc', 453, 1),
(258, 'PID_HY_MAG_PART', 'Гидроэлектрический прибор', 'Это гидроэлектрический регулятор магнитосферы.', 'Разное', '', 'hymgpart', 4535, 1),
(259, 'PID_JET', 'Винт', 'Винт - мощный амфетамин, стимулирующий центральную нервную систему. Первоначальный прилив эйфории редко длится больше пары минут, но в это время энергия и сила употребляющего значительно возрастают.', 'Медикаменты', '', 'jet', 0, 25),
(260, 'PID_JET_ANTIDOTE', 'Противоядие от винта', 'Это противоядие нейтрализует симптомы пристрастия к винту.', 'Медикаменты', '', 'jetanti', 0, 1750),
(261, 'PID_JONNY_BB_GUN', 'Пневматическое ружье Джонни', 'Пневматическое ружье Ред Райдер, на ложе которого нацарапано имя \"Джонни\". Мин. сила: 3.', 'Оружие', 'Легкое', 'jonbbgun', 2267, 200),
(262, 'PID_RUBBER_BOOTS', 'Резиновые сапоги', 'Пара старых, но прочных рабочих резиновых сапог. Судя по виду, они способны противостоять слякоти, хотя бы на какое-то время.', 'Доп слот', '', 'rubrboot', 907, 1),
(263, 'PID_SLAG_MESSAGE', 'Послание ушельцев', 'Это послание от главы ушельцев жителям Модока.', 'Разное', '', 'slagmess', 453, 1),
(264, 'PID_SMITH_COOL_ITEM', 'Классная штука Смита', 'ПОДРОБНОЕ ОПИСАНИЕ ЗДЕСЬ.', 'Разное', '', 'smithitm', 453, 1),
(265, 'PID_CURED_LEATHER_ARMOR', 'Боевая кожаная куртка', 'Необычность этой очень прочной кожаной куртки в том, что у нее два рукава. Где бы и когда бы вы ее ни надели, вы наверняка произведете фурор.', 'Броня', '', 'spleathr', 3175, 1000),
(266, 'PID_VIC_RADIO', 'Рация Вика', 'Эта переносная рация не работает, но судя по виду, она все еще в хорошем состоянии. Некоторые ее запчасти наверняка подойдут к другим рациям.', 'Разное', '', 'vicradio', 2267, 1),
(267, 'PID_VIC_WATER_FLASK', 'Фляга Вика', 'Возможно, эта реликвия из Убежища когда-то использовалась для хранения некой святейшей святыни. Вы видите роспись в виде священного числа 13 на боку этого драгоценного звена, связывающего вас с прошлым вашего народа и, будем надеяться, с будущим.', 'Разное', '', 'vicwatrf', 907, 1),
(268, 'PID_HK_CAWS', 'H&K ШОББ', 'Дробовик ШОББ (Штурмовое оружие ближнего боя). Конструкция \"буллпап\" обеспечивает небольшой размер и также легкость обращения, в то же время сохраняя достаточную длину ствола. Мин. сила: 6.', 'Оружие', 'Легкое', 'hkcaws', 2267, 4750),
(269, 'PID_ROBOT_PARTS', 'Детали робота', 'Груда поврежденных деталей робота.', 'Разное', '', 'robotprt', 13607, 1),
(270, 'PID_ROBO_ROCKET_LAUNCHER', 'Гранатомет робота', 'Используется только роботами, оснащенными ракетами.', 'Оружие', '', 'robtrock', 453, 1),
(271, 'PID_BROC_FLOWER', 'Цветок Брок', 'Соцветие, использующееся в качестве основы для приготовления целебного порошка.', 'Разное', '', 'brocflwr', 0, 1),
(272, 'PID_XANDER_ROOT', 'Корень Зандер', 'Редкий корень, придающий лекарственные свойства целебному порошку.', 'Разное', '', 'xander', 0, 2),
(273, 'PID_HEALING_POWDER', 'Целебный порошок', 'Сильное народное средство. Залечивает раны, но вызывает сонливость.', 'Медикаменты', '', 'healpwdr', 200, 20),
(274, 'PID_ROBO_ROCKET_AMMO', 'Ракета робота', 'Используется только роботами, оснащенными ракетами.', 'Боеприпасы', '', 'robtroc2', 755, 0),
(275, 'PID_TROPHY_OF_RECOGNITION', 'Награда за заслуги', 'Массивный золотой сувенир с надписью \"Дэйву от Д.К. за то, что ты такой особенный\".', 'Разное', '', 'trophy', 4535, 2000),
(276, 'PID_GECKO_PELT', 'Шкура гекко', 'Это высушенная и обработанная шкура гекко.', 'Разное', '', 'pelt1', 907, 25),
(277, 'PID_GOLDEN_GECKO_PELT', 'Шкура золотого гекко', 'Это высушенная и обработанная шкура золотого гекко.', 'Разное', '', 'pelt2', 2267, 125),
(278, 'PID_FLINT', 'Кремень', 'Камень, используемый для затачивания оружия.', 'Разное', '', 'flint', 907, 5),
(279, 'PID_NEURAL_INTERFACE', 'Нейрошлем', 'Похоже, это набор электродов, встроенных в своего рода шлем со стандартным компьютерным разъемом.', 'Разное', '', 'psynull', 1360, 800),
(280, 'PID_SHARP_SPEAR', 'Заточенное копье', 'Оружие бритвенной остроты. Древко деревянное, наконечник из закаленной стали. Мин. сила: 4.', 'Оружие', 'Холодное', 'spear2', 1814, 100),
(281, 'PID_DIXON_EYE', 'Глаз Диксона', 'Небольшая емкость с какой-то жидкостью, в которой хранится человеческий глаз. На ярлыке написано \"Капрал Диксон\".', 'Разное', '', 'eye1', 453, 1),
(282, 'PID_CLIFTON_EYE', 'Глаз Клифтона', 'Небольшая емкость с какой-то жидкостью, в которой хранится человеческий глаз. На ярлыке написано \"Генерал Клифтон\".', 'Разное', '', 'eye2', 453, 1),
(283, 'PID_TOMMY_GUN', 'Томмиган', 'Пистолет-пулемет Томпсона M1928 - очень грозное оружие. Когда берешь его, появляется желание надеть мягкую фетровую шляпу и размять пальцы. Снабжен большим 50-зарядным барабаном. Мин. сила: 6.', 'Оружие', 'Легкое', 'tommygun', 3175, 1200),
(284, 'PID_MEAT_JERKY', 'Вяленое мясо', 'Эти высушенные и копченые кусочки мяса остаются съедобными и даже в какой-то степени питательными на протяжении многих, многих, многих лет....', 'Разное', '', 'drymeat', 453, 5),
(285, 'PID_RADSCORPION_PARTS', 'Клешни радскорпиона', 'К выпотрошенным клешням радскорпиона привязан ремешок со сломанной пряжкой.', 'Разное', '', 'radslimb', 4535, 1),
(286, 'PID_FIREWOOD', 'Дрова', 'Куча дров и хвороста.', 'Разное', '', 'firewood', 4535, 1),
(287, 'PID_SCOPED_HUNTING_RIFLE', 'Охотничье ружье с опт. прицелом', 'Нет ничего лучше, чем увидеть удивленное выражение лица мишени. 20х оптический прицел Бойница, установленный на этом ружье, намного облегчает эту задачу. Ваши выстрелы будут точными от первого до последнего независимо от того, на кого вы охотитесь. Мин. сила: 5.', 'Оружие', 'Легкое', 'hrifle2', 4989, 1500),
(288, 'PID_CAR_FUEL_CELL', 'Топливные элементы для машины', 'Топливные элементы для машины.', 'Разное', '', 'carfuel', 4535, 1),
(289, 'PID_SHOVEL', 'Лопата', 'Это лопата для копания окопов и т.п.', 'Разное', '', 'shovel1', 4535, 15),
(290, 'PID_EYEBALL_FIST_1', 'Электрооружие робота 1', 'Для летучего робоглаза. Наносит электрический удар.', 'Оружие', '', 'rbtmelee', 453, 1),
(291, 'PID_EYEBALL_FIST_2', 'Электрооружие робота 2', 'Для летучего робоглаза. Наносит электрический удар.', 'Оружие', '', 'rbtmelee', 453, 1),
(292, 'PID_BOXING_GLOVES', 'Боксерские перчатки', 'Пара боксерских перчаток, которые слегка пахнут потом. Судя по виду, они сослужили кому-то хорошую службу: в некоторых местах все еще остались засохшие пятна крови.', 'Оружие', 'Рукопашное', 'boxglove', 2267, 250),
(293, 'PID_PLATED_BOXING_GLOVES', 'Перчатки с утяжелителем', 'Кто-то \"случайно\" положил в эти боксерские перчатки металлические пластины. Технически такое считается жульничеством, но вы предпочитаете рассматривать это как дополнительную возможность нанести сокрушительный удар.', 'Оружие', 'Рукопашное', 'boxglov2', 4535, 300),
(294, 'PID_HOLODISK_FAKE_V13', 'Диск Убежища 13', 'Диск, на котором предположительно есть информация о месторасположении Убежища 13.', 'Разное', '', 'tape3', 453, 200),
(295, 'PID_CHEEZY_POOFS', 'Сырные орешки', 'Коробка орешков со вкусом сыра. Невероятно вкусно.', 'Разное', '', 'cheezy', 453, 5),
(296, 'PID_HK_P90C', 'HK P90c', 'Хеклер-Кох P90c стал широко использоваться во время войны. Конструкция \"буллпап\" и компактный дизайн делают его легким в обращении. Он ценится за прочность, высокую огневую мощь и небольшой размер. Мин. сила: 4.', 'Оружие', 'Легкое', 'hkp90c', 3628, 2500),
(297, 'PID_PLANK', 'Железный кол', 'Длинный металлический кол. А чего вы еще ожидали?', 'Разное', '', 'plank1', 4535, 5),
(298, 'PID_TRAPPER_TOWN_KEY', 'Ключ от Городка трапперов', 'Стандартный ключ.', 'Разное', '', 'key', 0, 1),
(299, 'PID_SPRINGER_RIFLE', 'Самопал (ружье)', 'Самодельное однозарядное ружье. Мин. сила: 5.', 'Оружие', 'Легкое', 'springun', 4535, 200),
(300, 'PID_ZIP_GUN', 'Самопал (пистолет)', 'Самодельный однозарядный пистолет. Мин. сила: 4.', 'Оружие', 'Легкое', 'zipgun', 1814, 150),
(301, 'PID_CLIPBOARD', 'Планшет', 'Это планшет с отчетом о работе системы охлаждения.', 'Разное', '', 'clipbrd', 453, 1),
(302, 'PID_GECKO_DATA_DISK', 'Диск из Гекко', 'На ярлыке этого диска написано: \"Экономические данные Гекко\". Разобраться в технических графиках, таблицах и формулах довольно сложно, но в основном здесь, кажется, перечисляются преимущества союза между Городом Убежища и Гекко.', 'Разное', '', 'tape3', 453, 50),
(303, 'PID_REACTOR_DATA_DISK', 'Диск реактора', 'На ярлыке этого диска написано: \"Данные о работе реактора Гекко\". Этот диск содержит последовательность цифр, которые ни о чем вам не говорят. Но здесь явно много информации и, должно быть, она для кого-нибудь очень важна каким-нибудь образом.', 'Разное', '', 'tape3', 453, 50),
(304, 'PID_DECK_OF_TRAGIC_CARDS', 'Колода карт TTG', 'Это колода для карточной игры Tragic The Garnering. Похоже, дорогое хобби, если в него втянуться.', 'Разное', '', 'cards1', 453, 50),
(305, 'PID_YELLOW_REACTOR_KEYCARD', 'Желтая карта допуска реактора', 'Электронная карта доступа. Цветовой код - желтый.', 'Разное', '', 'passkey3', 453, 25),
(306, 'PID_RED_REACTOR_KEYCARD', 'Красная карта допуска реактора', 'Электронная карта доступа, цветовой код - красный.', 'Разное', '', 'passkey1', 453, 25),
(307, 'PID_PLASMA_TRANSFORMER', 'Плазменный трансформатор', 'Это трехступенчатый плазменный трансформатор.', 'Разное', '', 'trans01', 453, 200),
(308, 'PID_SUPER_TOOL_KIT', 'Суперремнабор', 'Впечатляющий набор инструментов линии \"Скорая помощь\".', 'Доп слот', '', 'suprtool', 4535, 1000),
(309, 'PID_TALISMAN', 'Талисман', 'Эффективность данного предмета напрямую зависит от Вашего персонального уровня суеверия.', 'Доп слот', '', 'talisman', 453, 25),
(310, 'PID_GAMMA_GULP_BEER', 'Пиво \"Гамма-глоток\"', 'Бутылка пива \"Гамма-глоток\". Светится в темноте!', 'Медикаменты', '', 'gamabeer', 1, 5),
(311, 'PID_ROENTGEN_RUM', 'Рентген-ром', 'Бутылка Рентген-Рома. Светится в темноте!', 'Медикаменты', '', 'roenbeer', 1, 10),
(312, 'PID_PART_REQUISITION_FORM', 'Форма заявки на получение детали', 'Это форма заявки на получение детали.', 'Разное', '', 'reqform1', 453, 10),
(313, 'PID_44_MAGNUM_REVOLVER', 'Револьвер Магнум 0,44', 'Держа в руке самый мощный револьвер в мире, который может подчистую снести кому-нибудь голову, вам хочется задать себе один вопрос: \"Эй, чудила, везет тебе? Везет тебе, а?\" Мин. сила: 5.', 'Оружие', 'Легкое', 'magnum2', 2267, 600),
(314, 'PID_BLUE_CONDOM', 'Презерватив (в синей упаковке)', 'Это презерватив марки \"Джимми Хэтс\". Очень надежная марка. Конкретно этот презерватив \"ребристый для ее удовольствия\".', 'Разное', '', 'condombl', 3, 2),
(315, 'PID_GREEN_CONDOM', 'Презерватив (в зеленой упаковке)', 'Это презерватив марки \"Джимми Хэтс\". Очень надежная марка. В состав этого презерватива входит фосфорный зеленый краситель №2. Презерватив покрыт спермицидной смазкой для дополнительной защиты.', 'Разное', '', 'condomgr', 3, 2),
(316, 'PID_RED_CONDOM', 'Презерватив (в красной упаковке)', 'Это презерватив марки \"Джимми Хэтс\". Очень надежная марка. В состав этого презерватива входит фосфорный красный краситель №5. Презерватив обладает чудесным вкусом булочки с корицей... ну, так говорят.', 'Разное', '', 'condomrd', 3, 2),
(317, 'PID_COSMETIC_CASE', 'Косметичка', 'Это косметичка фирмы \"Мэри Мэй\".', 'Доп слот', '', 'cosmetic', 453, 25),
(318, 'PID_HYPODERMIC_NEEDLE', 'Пустой шприц', 'Это пустой шприц для подкожных инъекций.', 'Разное', '', 'hypo01', 23, 2),
(319, 'PID_SWITCHBLADE', 'Выкидной нож', 'Лезвие этого небольшого ножа крепится на пружине. При нажатии кнопки на ручке лезвие выскальзывает с приятным сердцу звуком \"Шшшшк\". Мин. сила: 1.', 'Оружие', 'Холодное', 'switchbd', 453, 50),
(320, 'PID_SHARPENED_POLE', 'Кол', 'Деревянный кол, заостренный с одного конца. Мин. сила: 4.', 'Оружие', 'Холодное', 'spear3', 1360, 5),
(321, 'PID_CYBERNETIC_BRAIN', 'Кибермозг', 'Человеческий мозг, усовершенствованный при помощи добавления электронных и кибернетических приспособлений.', 'Разное', '', 'brain1', 3628, 2000),
(322, 'PID_HUMAN_BRAIN', 'Человеческий мозг', 'Типичный человеческий мозг. Обычно находится внутри человеческого черепа. Фу.', 'Разное', '', 'brain2', 2267, 1),
(323, 'PID_CHIMP_BRAIN', 'Мозг шимпанзе', 'Мозг обезьяны. Мягкий и желеобразный.', 'Разное', '', 'brain3', 1814, 1),
(324, 'PID_ABNORMAL_BRAIN', 'Мутировавший мозг', 'Вполне возможно, что это человеческий мозг. Цвет несколько странный, а левое полушарие мозга немного осело.', 'Разное', '', 'brain4', 2267, 1),
(325, 'PID_DICE', 'Кости', 'Стандартная пара игральных костей. Было бы круто заполучить плюшевую пару таких костей для машины.', 'Разное', '', 'dice1', 0, 5),
(326, 'PID_LOADED_DICE', 'Шулерские кости', 'Пара шулерских игральных костей. Не стоит светиться с ними в казино.', 'Разное', '', 'dice2', 0, 20),
(327, 'PID_EASTER_EGG', 'Пасхальное яйцо', 'Куриное яйцо, сваренное вкрутую и раскрашенное разными цветами.', 'Разное', '', 'eastregg', 0, 1),
(328, 'PID_MAGIC_8_BALL', 'Волшебный бильярдный шар', 'Этот черный шар - должно быть, какое-то необычное прогнозирующее устройство... небольшое окошко, кажется, способно предсказывать будущее! Довоенное человечество, видимо, было просто гениальным, если смогло изобрести такое чудо!', 'Разное', '', 'mag8ball', 453, 50),
(329, 'PID_MUTAGENIC_SYRUM', 'Мутагенная сыворотка', 'Странное органическое вещество, которое, возможно, способно нейтрализовать фактор мутации в человеческом организме.', 'Разное', '', 'mutasyrm', 0, 1),
(330, 'PID_CRASHED_VERTI_BIRD', 'Упавший винтокрыл', 'Все, что осталось после падения винтокрыла. Судя по всему, это случилось несколько месяцев назад.', 'Container', '', NULL, NULL, NULL),
(331, 'PID_CATS_PAW_ISSUE_5', 'Кошачья лапка, выпуск 5', 'Это редкий 5-й выпуск журнала \"Кошачья лапка\". Если забыть об иллюстрациях, в этом выпуске есть прекрасная статья об энергетическом оружии.', 'Разное', '', 'catpaw2', 0, 50),
(332, 'PID_GREASE_GUN', 'ПП М3А1 \"Гриз Ган\"', 'Эти пистолеты-пулеметы были оружием Национальной гвардии до перевооружения. Производство \"Гриз Ганов\" было простым и недорогим, поэтому их все еще несложно найти. Мин. сила: 4.', 'Оружие', 'Легкое', 'greasegn', 3175, 1750),
(333, 'PID_HEART_PILLS', 'Сердечные пилюли', 'Эти пилюли употребляют люди, у которых есть проблемы с сердцем.', 'Разное', '', 'heartpil', 0, 50),
(334, 'PID_HYPO_POISON', 'Инъектор', 'Какая то мутная жидкость в шприце', 'Медикаменты', '', 'poison', 0, 1200),
(335, 'PID_MOORE_BAD_BRIEFCASE', 'Чемоданчик Мура', 'Томас Мур попросил вас доставить этот чемоданчик из шкуры брамина семье Бишоп в Нью-Рено. Он надежно заперт, и вам не удается его открыть.', 'Разное', '', 'bcase2a', 2267, 35),
(336, 'PID_MOORE_GOOD_BRIEFCASE', 'Чемоданчик Мура', 'Томас Мур попросил вас доставить этот чемоданчик из шкуры брамина семье Бишоп в Нью-Рено. Он надежно заперт, и вам не удается его открыть.', 'Разное', '', 'bcase2a', 2267, 35),
(337, 'PID_LYNETTE_HOLO', 'Голодиск Линетт', 'Этот диск вы получили от Линетт.', 'Разное', '', 'tape3', 453, 50),
(338, 'PID_WESTIN_HOLO', 'Диск Вестина', 'Этот диск вы получили от Вестина.', 'Разное', '', 'tape3', 453, 50),
(339, 'PID_SPY_HOLO', 'Диск шпиона НКР', 'На этом диске содержатся доклады о расписаниях караванов НКР и информация о системе безопасности. Диск адресован Дэриону и подписан \"Ф\". Учитывая эту информацию, легко понять, как налетчикам удалось избежать захвата.', 'Разное', '', 'tape3', 453, 50),
(340, 'PID_DR_HENRY_PAPERS', 'Бумаги доктора', 'Очень подробные чертежи охранной единицы \"Кибернетический пес\". Имея их и необходимые детали, можно запросто создать робопса.', 'Разное', '', 'docpaper', 0, 1),
(341, 'PID_PRESIDENTIAL_PASS', 'Пропуск, выданный президентом', 'Владелец этого документа имеет высший уровень доступа по приказу президента Новой Калифорнийской Республики. Подписано президентом Танди.', 'Разное', '', 'prespass', 0, 1),
(342, 'PID_RANGER_PIN', 'Значок рейнджера', 'На значке сказано, что вы официальный рейнджер Новой Калифорнии. Смотрите, на нем кодовое колесо и все такое!', 'Разное', '', 'ranger1', 453, 10),
(343, 'PID_RANGER_MAP', 'Карта рейнджеров', 'Карта окружающей местности, что само по себе не особо ценно, но на ней помечены кодовые имена рейнджерских пунктов на севере.', 'Разное', '', 'ranger2', 453, 1),
(348, 'PID_ADVANCED_POWER_ARMOR', 'Улучш. силовая броня', 'Эта силовая броня изготовлена из облегченных металлических сплавов и усилена в ключевых местах керамическими накладками. Сервоприводы, облегчающие движение, также высокого качества.', 'Топ', '', 'parmor2', 40823, 20000),
(349, 'PID_ADVANCED_POWER_ARMOR_MK2', 'Улучш. силовая броня мод. II', 'Эта силовая броня целиком состоит из облегченной композитной керамики, а не из комбинации металлических и керамических пластин, как обычно. Кажется, она способна обеспечить даже большую защиту, чем стандартная улучшенная силовая броня.', 'Топ', '', 'parmor2', 45359, 25000),
(350, 'PID_BOZAR', 'Бозар', 'Вершина снайперского вооружения. Хотя это оружие, возможно, слишком наворочено и часто заедает, если не держать его в идеальной чистоте, его точность более чем компенсирует эти дополнительные требования к уходу за оружием. Мин. сила: 6.', 'Оружие', 'Тяжелое', 'bozar', 11071, 5250),
(351, 'PID_FN_FAL', 'FN FAL', 'С момента ее создания эту винтовку всегда предпочитали любым другим. Надежное штурмовое оружие, идеально подходящее для тактических операций. Мин. сила: 5.', 'Оружие', 'Легкое', 'fnfal', 4082, 1500),
(352, 'PID_HK_G11', 'H&K G11', 'Эта винтовка - революция в дизайне оружия. В ней используются безгильзовые боеприпасы, состоящие из метательного ВВ, внутри которого находится пуля. Так экономятся вес и пространство, что повышает объем магазина. Мин. сила: 5.', 'Оружие', 'Легкое', 'hkg11', 3628, 4500),
(353, 'PID_INDEPENDENT', 'XL70E3', 'Во время войны это оружие было экспериментальным. Так как производится оно в основном из высокопрочных полимеров, его практически невозможно разрушить. Оно обладает малым весом, большой скорострельностью и точностью, а разобрать его можно без помощи каких-либо инструментов. Мин. сила: 5.', 'Оружие', 'Легкое', 'indweap', 4082, 3000),
(354, 'PID_PANCOR_JACKHAMMER', 'Панкор Джекхаммер', 'Джекхаммер - очень простой в управлении дробовик, даже при ведении автоматического огня. Дизайн \"буллпап\" делает оружие сбалансированным и легким в управлении. Мин. сила: 5.', 'Оружие', 'Легкое', 'jackhamr', 5443, 3500),
(355, 'PID_LIGHT_SUPPORT_WEAPON', 'Легкий пулемет', 'Это штатное оружие поддержки имеет конструкцию \"буллпап\". Поэтому его довольно сложно использовать из позиции лежа, что послужило причиной для возвращения его войскам Национальной гвардии. Однако это оружие заслужило репутацию надежного и очень эффективного для своего размера. Мин. сила: 6.', 'Оружие', 'Тяжелое', 'lightsup', 8271, 4750);
INSERT INTO `items` (`id`, `pid`, `name`, `description`, `class`, `podclass`, `pic`, `Weight`, `Cost`) VALUES
(356, 'PID_COMPUTER_VOICE_MODULE', 'Модуль голосового управления', 'Плата, состоящая из нескольких неопознанных частей и микрофона. На ярлыке написано: \"Модуль распознавания голоса Vault-Tec\".', 'Разное', '', 'voicemod', 453, 3000),
(357, 'PID_45_CALIBER_AMMO', 'Патроны калибра 0,45', 'Вид боеприпасов. Калибр 0,45.', 'Боеприпасы', '', '45cal', 45, 7),
(358, 'PID_2MM_EC_AMMO', 'Иглы 2 мм', 'Вид боеприпасов.', 'Боеприпасы', '', '2mmec', 9, 8),
(359, 'PID_4_7MM_CASELESS', '4,7 мм безгильзовые', 'Вид боеприпасов. Калибр: 4,7 мм, безгильзовые.', 'Боеприпасы', '', '4_7mm', 9, 12),
(360, 'PID_9MM_AMMO', '9 мм', 'Вид боеприпасов. Калибр: 9 мм.', 'Боеприпасы', '', '9mm', 22, 5),
(361, 'PID_HN_NEEDLER_CARTRIDGE', 'Боеприпасы для инжектора', 'Вид боеприпасов. Судя по всему, это боеприпасы для пистолета-инъектора. Каждая \"пуля\" представляет собой маленький шприц, содержимое которого впрыскивается под кожу цели при контакте.', 'Боеприпасы', '', 'hncart', 15, 8),
(362, 'PID_HN_AP_NEEDLER_CARTRIDGE', 'ББ боеприпасы для инжектора', 'Вид боеприпасов. Судя по всему, это бронебойные боеприпасы для пистолета-инъектора. Наконечники шприцев изготовлены из необычного сплава и невероятно остры.', 'Боеприпасы', '', 'hnapcart', 45, 30),
(363, 'PID_7_62MM_AMMO', '7,62 мм', 'Вид боеприпасов. Калибр: 7,62 мм.', 'Боеприпасы', '', '762mm', 22, 7),
(364, 'PID_ROBOT_MOTIVATOR', 'Двигатель робота', 'Это двигательный механизм для робота.', 'Разное', '', 'motor', 9071, 5000),
(365, 'PID_PLANT_SPIKE', 'Шип растения', 'Органическое семя-шип, которым плотоядные растения плюются в потенциальную пищу или разносчика семян.', 'Оружие', 'Метательное', 'plntspik', 0, 1),
(366, 'PID_GECK', 'ГЭКК.', 'Генератор Эдемских Кущ Компактный. Это стандартное оборудование всех убежищ Vault-Tec. ГЭКК. - источник восстановления цивилизации после бомбардировки. Просто добавь воды и перемешай.', 'Разное', '', 'geck', 4535, 1),
(371, 'PID_DEATHCLAW_CLAW_1', 'Коготь', 'Коготь', 'Оружие', '', 'dclaw1', 453, 1),
(372, 'PID_DEATHCLAW_CLAW_2', 'Коготь', 'Коготь', 'Оружие', '', 'dclaw2', 453, 1),
(373, 'PID_V15_KEYCARD', 'Карта допуска Убежища 15', 'Электронная карта доступа, цветовой код - красный.', 'Разное', '', 'passkey1', 453, 1),
(377, 'PID_V15_COMPUTER_PART', 'Микросхемы', 'Разнообразные компьютерные детали с различными функциями. Мечта компьютерного фанатика.', 'Разное', '', 'v15comp', 453, 100),
(378, 'PID_COOKIE', 'Печенье', 'Печенье с шоколадом. Ням!', 'Медикаменты', '', 'cookie1', 0, 50),
(379, 'PID_LEATHER_ARMOR_MK_II', 'Кожаная броня мод. II', 'Усовершенствованная версия стандартной кожаной брони с несколькими уровнями защиты. Искусно изготовлена из выделанной шкуры брамина.', 'Броня', '', 'ltharmr2', 4535, 1000),
(380, 'PID_METAL_ARMOR_MK_II', 'Металлическая броня мод. II', 'Броня, искусно сформированная из полированных металлических пластин.', 'Броня', '', 'mtlarmr2', 15000, 1900),
(381, 'PID_COMBAT_ARMOR_MK_II', 'Боевая броня мод. II', 'Высокотехнологичная броня, изготовленная из улучшенных защитных полимеров.', 'Броня', '', 'cbtarmr2', 11339, 8000),
(382, 'PID_FLAMETHROWER_FUEL_MK_II', 'Улучшенное топливо для огнемета', 'Это топливо для огнемета представляет собой улучшенную сверхгорючую смесь.', 'Боеприпасы', '', 'flmfuel2', 453, 25),
(383, 'PID_SHIV', 'Шило', 'Это опасное самодельное оружие очень легко спрятать. Никто другой не сможет заметить его присутствия. Мин. сила: 1.', 'Оружие', 'Холодное', 'shiv', 453, 2),
(384, 'PID_WRENCH', 'Гаечный ключ', 'Обычный гаечный ключ, который используют механики. Мин. сила: 3.', 'Оружие', 'Холодное', 'wrench', 1814, 65),
(385, 'PID_SAWED_OFF_SHOTGUN', 'Обрез', 'Кто-то потратил время и отрезал последние несколько сантиметров ствола и ложа этого дробовика. Теперь широкий разброс дроби делает его идеальным для контроля толпы на ближнем расстоянии. Мин. сила: 4.', 'Оружие', 'Легкое', 'soshotgn', 1814, 800),
(386, 'PID_LOUISVILLE_SLUGGER', 'Луисвилльская бита', 'Эта типично американская бейсбольная бита из прочного дерева сможет вышибить за границы поля не только мяч. Мин. сила: 4.', 'Оружие', 'Холодное', 'slugger', 1814, 2700),
(387, 'PID_M60', 'М60', 'Этот относительно легкий пулемет ценился солдатами всего мира за свою высокую скорострельность. Оружие, доказавшее свою надежность на поле боя, устанавливалось на машины и использовалось для огневой поддержки на уровне подразделений. Мин. сила: 7.', 'Оружие', 'Тяжелое', 'm60', 7732, 3500),
(388, 'PID_NEEDLER_PISTOL', 'Пистолет-инъектор', 'Вы подозреваете, что этот пистолет-инъектор Брингама когда-то использовался для научных исследований. В качестве боеприпасов пистолет использует шприцы-дротики из твердого пластика. Мин. сила: 3.', 'Оружие', 'Легкое', 'needler', 1814, 2200),
(389, 'PID_AVENGER_MINIGUN', 'Миниган \"Мститель\"', 'Рокуэлл разработал \"Мститель\" как замену устаревшего CZ53. Среди новшеств - стабилизированные, охлаждаемые и хромированные каналы ствола. Это увеличивает дальнобойность и мощность оружия. Мин. сила: 7.', 'Оружие', 'Тяжелое', 'aminigun', 12700, 5500),
(390, 'PID_SOLAR_SCORCHER', 'Солнечный скорчер', 'Без солнечных лучей, которые заряжают конденсаторы, этим скорчером и спички не зажжешь. Однако при хорошем освещении экспериментальные фотоэлектрические элементы, питающие скорчер, позволяют из кого угодно сделать хрустящий шашлык. Мин. сила: 3. Усиление: 20.', 'Оружие', 'Энерго', 'solarscr', 2267, 2000),
(391, 'PID_HK_G11E', 'H&K G11E', 'Это оружие - сенсация в конструкции вооружения. Оно использует безгильзовые патроны из метательного ВВ, внутри которого находится пуля. Так экономится вес и пространство, что повышает объем магазина. Мин. сила: 6.', 'Оружие', 'Легкое', 'hkg11e', 3628, 4500),
(392, 'PID_M72_GAUSS_RIFLE', 'Гаусс-винтовка M72', 'M72 разработали в Германии. Снаряд разгоняется электромагнитным полем и пробивает практически любое препятствие. Дальнобойность, точность и мощность этого оружия не сравнима ни с чем. Мин. сила: 6.', 'Оружие', 'Легкое', 'm72gauss', 4082, 8250),
(393, 'PID_PHAZER', 'Фазер', 'ТРЕБУЕТСЯ ДЛИННОЕ ОПИСАНИЕ. Мин. сила: 3.', 'Оружие', '', 'phazer', 1814, 5500),
(394, 'PID_PK12_GAUSS_PISTOL', 'Гауссов пистолет PPK12', 'Гауссов пистолет PPK12, разработанный в Германии, ценится за высокую мощность  и дальнобойность. Он позволяет стрелять с невероятной скоростью и пробивает практически любую броню. Мин. сила: 4.', 'Оружие', 'Легкое', 'gaussptl', 2267, 5250),
(395, 'PID_VINDICATOR_MINIGUN', 'Миниган \"Виндикатор\"', 'Немецкая компания Рейнметал АГ разработала совершенный миниган. \"Виндикатор\" производит из своих шести углепластиковых стволов более 90 000 выстрелов в минуту. Это идеальное оружие - пик тевтонской инженерной мысли. Мин. сила: 7.', 'Оружие', 'Тяжелое', 'vminigun', 12700, 12250),
(396, 'PID_YK32_PULSE_PISTOL', 'Импульсный пистолет YK32', 'YK32 - импульсное оружие, разработанное энергетическим консорциумом Юма Флэтс. Несмотря на свою мощность, YK32 никогда не был популярен - из-за большого расхода энергии и громоздкости. Мин. сила: 3. Усиление: 20.', 'Оружие', 'Энерго', 'pulsepst', 2267, 10500),
(397, 'PID_YK42B_PULSE_RIFLE', 'Имп. ружье YK42B', 'YK42B - импульсное оружие, разработанное консорциумом Юма Флэтс. Оно считается более совершенным по сравнению с пистолетом YK32, обладая большей дальнобойностью и энергоемкостью. Мин. сила: 6. Усиление: 30.', 'Оружие', 'Энерго', 'pulserif', 7082, 23500),
(398, 'PID_44_MAGNUM_SPEEDLOADER', 'Магнум 0,44 (ускоритель заряжания)', 'Револьвер Магнум калибра 0,44 с ускорителем заряжания. Мин. сила: 5.', 'Оружие', 'Легкое', '44mspeed', 2267, 800),
(399, 'PID_SUPER_CATTLE_PROD', 'Суперэлектрокнут', 'Электрокнут модели \"Лучший друг фермера\" производства Ватт Электроникс. Эта модель была усовершенствована. Теперь электрический разряд стал мощнее. Мин. сила: 4.', 'Оружие', 'Холодное', 'catprod2', 1360, 600),
(400, 'PID_IMPROVED_FLAMETHROWER', 'Усовершенствованный огнемет', 'Огнемет Факел-450. Стреляет струями горящей жидкости. Для работы необходимо топливо. Улучшенная модель - использует более \"горячее\" топливо. Мин. сила: 6.', 'Оружие', 'Тяжелое', 'iflameth', 8618, 2000),
(401, 'PID_LASER_RIFLE_EXT_CAP', 'Лазерное ружье (увел. магазин)', 'Система перезарядки этого лазерного ружья 2000-Ватт усовершенствована. Установлен специальный рециркулирующий чип, который снижает нагрузку на ядерный микрореактор на 50%. Мин. сила: 6. Усиление: 25.', 'Оружие', 'Энерго', 'lrifle2', 5443, 5000),
(402, 'PID_MAGNETO_LASER_PISTOL', 'Магнито-лазерный пистолет', 'Этот лазерный пистолет 1000-Ватт был усовершенствован, и на него установлена  магнитная система калибровки, которая уплотняет лазерный пучок, увеличивая пробивную способность. Мин. сила: 3. Усиление: 10.', 'Оружие', 'Энерго', 'mlaspist', 1814, 1400),
(403, 'PID_FN_FAL_NIGHT_SCOPE', 'FN FAL (с ПНВ)', 'С момента создания эту винтовку всегда предпочитали любым другим. Надежное штурмовое оружие, идеально подходящее для тактических операций. Оснащена прибором ночного видения, что повышает ее точность в темноте. Мин. сила: 5.', 'Оружие', 'Легкое', 'fnfallow', 4535, 2000),
(404, 'PID_DESERT_EAGLE_EXT_MAG', 'Дезерт Игл (увел. магазин)', 'Древний Дезерт Игл, модель 0,44 калибра Магнум. Благодаря художественным фильмам конца ХХ века стал самым популярным пистолетом всех времен и народов. Этот конкретный оснащен увеличенным магазином, чтобы можно было дольше играть и веселиться! Мин. сила: 4.', 'Оружие', 'Легкое', 'deagle2', 1814, 800),
(405, 'PID_ASSAULT_RIFLE_EXT_MAG', 'Штурмовая винтовка (увел. магазин)', 'Эта штурмовая винтовка оснащена увеличенным магазином армейского образца, благодаря чему теперь еще приятнее поливать всех огнем, чем когда-либо. Мин. сила: 5.', 'Оружие', 'Легкое', 'assrifl2', 3628, 1300),
(406, 'PID_PLASMA_PISTOL_EXT_CART', 'Плазменный пистолет (увел. магазин)', 'Магнитный патронник этого плазменного пистолета Глок 86 был усовершенствован с целью снижения нагрузки на аккумуляторные элементы. Эффективность оружия  повысилась вдвое, что позволяет произвести большее количество выстрелов до разряда батареи. Мин. сила: 4. Усиление: 20.', 'Оружие', 'Энерго', 'plaspst2', 2267, 2750),
(407, 'PID_MEGA_POWER_FIST', 'Силовой суперкастет', 'Силовой кастет \"Большой таран\" производства компании Бью. Многие считают его лучшим оружием для рукопашного боя. Конкретно этот кастет оснащен улучшенным  сервогенератором, увеличивающим силу удара. Питание обеспечивается малыми батарейками. Мин. сила: 1.', 'Оружие', 'Рукопашное', 'mpwrfist', 3175, 2200),
(408, 'PID_FIELD_MEDIC_KIT', 'Аптечка первой помощи военфельдшера', 'Небольшая аптечка, содержащая основное медицинское оборудование: бинты, повязки, антисептический аэрозоль и многое другое.', 'Доп слот', '', 'faid2', 907, 400),
(409, 'PID_PARAMEDICS_BAG', 'Сумка парамедика', 'В этой сумке содержатся инструменты и препараты, которые обычно используют парамедики на поле боя. Инструменты, найденные здесь, специально разработаны для обработки серьезных ран и проведения срочных операций.', 'Доп слот', '', 'docbag2', 2721, 600),
(410, 'PID_EXP_LOCKPICK_SET', 'Большой набор отмычек', 'Набор инструментов взломщика. Включает в себя все необходимые отмычки и гаечные ключи для открытия классических механических замков. Конкретно в этот набор также входят некоторые инструменты для взлома более сложных механических замков.', 'Доп слот', '', 'exlockpk', 453, 400),
(411, 'PID_ELEC_LOCKPICK_MKII', 'Электронная отмычка мод. II', 'Второе поколение электронных отмычек от Ватт Электроникс. Отмычка предназначена для взлома электронных замков и систем безопасности. Модель II включает обновленное программное обеспечение и улучшенный интерфейс.', 'Доп слот', '', 'elockpk2', 907, 700),
(412, 'PID_OIL_CAN', 'Масленка', 'Вы видите банку \"Бронегеля\", полимерной смазки космической эры для силовой брони.', 'Разное', '', 'oilcan', 1360, 150),
(413, 'PID_STABLES_ID_BADGE', 'Пропуск в конюшни', 'Это временный пропуск в конюшни. По его поверхности проходит красная полоса, что, похоже, означает вашу должность \"Исследователя конюшен\".', 'Разное', '', 'idbadge', 0, 1),
(414, 'PID_VAULT_13_SHACK_KEY', 'Ключ от радиорубки Убежища 15', 'Стандартный ключ.', 'Разное', '', 'key3', 0, 1),
(415, 'PID_SPECTACLES', 'Очки', 'Очки для улучшения зрения.', 'Доп слот', '', 'glasses', 0, 50),
(416, 'PID_EMPTY_JET', 'Пустая банка из-под винта', 'Эта пустая банка из-под винта была найдена в комнате Ричарда Райта. Внутри все еще сохранились следы присутствия винта.', 'Разное', '', 'jet2', 0, 1),
(417, 'PID_OXYGEN_TANK', 'Кислородный баллон', 'Это кислородный баллон для дыхательного аппарата Сальваторе.', 'Разное', '', 'oxygncan', 2267, 20),
(418, 'PID_POISON_TANK', 'Баллон с ядом', 'Этот баллон подозрительно похож на кислородный, но на его дне нарисован маленький череп и кости. Если не смотреть очень внимательно, этот символ вообще можно не заметить.', 'Разное', '', 'poisncan', 2267, 1),
(419, 'PID_MINE_PART', 'Детали шахтного оборудования', 'Вы видите кучу разных деталей, на которых четко видна надпись \"Очиститель воздуха GX-9\". Используя свое невероятное дедуктивное мышление, вы заключаете, что это, вероятно, детали сломанного очистителя воздуха.', 'Разное', '', 'minepart', 4535, 1),
(420, 'PID_MORNING_STAR_MINE', 'Банкнота шахты \"Утренняя звезда\"', 'Это расписка, возможно, созданная с целью расчета с рабочими шахты \"Утренняя звезда\".', 'Разное', '', 'minescrp', 0, 1),
(421, 'PID_HOLY_HAND_GRENADE', 'Святая граната', 'Священная реликвия божественной силы.', 'Оружие', 'Метательное', 'holygren', 907, 1),
(422, 'PID_EXCAVATOR_CHIP', 'Чип от экскаватора', 'Этот чип, похоже, был установлен на какой-то крупной строительной машине. Несмотря на слой пыли и грязи, он, судя по всему, в удивительно хорошем состоянии.', 'Разное', '', 'exchip', 453, 50),
(423, 'PID_GOLD_NUGGET', 'Золотой самородок', 'Золотой самородок.', 'Оружие', 'Метательное', 'rock2', 4535, 250),
(424, 'PID_MONUMENT_CHUNCK', 'Постамент', 'Это остатки разрушенного каменного памятника, найденного вами в пустыне. Хотя большинство жителей вашей деревни без сомнения примут их за священную реликвию, у вас возникает чувство, что где-то вас надули.', 'Медикаменты', '', 'rock3', 2267, 150),
(425, 'PID_STONE_HEAD', 'Каменная голова', 'Огромный каменный памятник.', 'Container', '', NULL, NULL, NULL),
(426, 'PID_URANIUM_ORE', 'Урановая руда', 'Кусок неочищенной урановой руды.', 'Оружие', 'Метательное', 'rock4', 4535, 1),
(428, 'PID_MEDICAL_SUPPLIES', 'Медицинские препараты', 'Коробка с разными медицинскими препаратами. Ничего, что могло бы мне пригодиться.', 'Разное', '', 'bagd', 11339, 50),
(429, 'PID_GOLD_TOOTH', 'Золотой зуб', 'Этот золотой зуб раньше принадлежал Хулио. Теперь он ваш.', 'Разное', '', 'goldtoth', 0, 50),
(430, 'PID_HOWITZER_SHELL', 'Гаубичный снаряд', 'Гаубичный снаряд калибра 75 мм. Гильза практически вся заржавела, но все еще можно разобрать надпись \"ГОДН. 25.09.98\".', 'Разное', '', 'howshell', 18143, 20),
(431, 'PID_RAMIREZ_BOX_CLOSED', 'Ящик Рамиреса, закрыт', 'Этот ящик дал вам Большой Хесус Мордино и велел доставить Рамиресу в конюшню.', 'Разное', '', 'rambox1', 907, 500),
(432, 'PID_RAMIREZ_BOX_OPEN', 'Ящик Рамиреса, открыт', 'Этот ящик дал вам Большой Хесус Мордино и велел доставить Рамиресу в конюшню. Он открыт, и винт, находившийся внутри, перекочевал к вам в карманы.', 'Разное', '', 'rambox2', 907, 1),
(433, 'PID_MIRROR_SHADES', 'Зеркальные солнечные очки', 'Это пара очень модных грозно выглядящих зеркальных очков. Одно присутствие их в вашем снаряжении придает вам уверенности.', 'Доп слот', '', 'sunglass', 453, 20),
(436, 'PID_DECK_OF_CARDS', 'Колода карт', 'Стандартный набор игральных карт.', 'Разное', '', 'cards2', 453, 2),
(437, 'PID_MARKED_DECK_OF_CARDS', 'Колода крапленых карт', 'Все карты в этой колоде - красные дамы. Должно быть, игра будет редкостно скучная.', 'Разное', '', 'cards3', 453, 1),
(438, 'PID_TEMPLE_KEY', 'Ключ от храма', 'Ключ от двери Храма Арройо.', 'Keys', '', 'keyprim', 300, 1),
(439, 'PID_POCKET_LINT', 'Карманный мусор', 'Спутанные нитки, обрывки каких-то бумажек. Вы понятия не имеете, откуда эта субстанция постоянно берётся в ваших карманах.', 'Разное', '', 'pocklint', 0, 1),
(440, 'PID_BIO_GEL', 'Биогель', 'Банка с биогелем, используемым в медицинских целях.', 'Разное', '', 'jar', 453, 600),
(441, 'PID_BLONDIE_DOG_TAG', 'Солдатский жетон Блонди', 'Имя владельца этого жетона стерто, а на задней стороне нацарапано имя \"Блонди\". Под именем стоит цифра \"11.\"', 'Разное', '', 'tag', 0, 1),
(442, 'PID_ANGEL_EYES_DOG_TAG', 'Солдатский жетон Ангелочка', 'На жетоне стоит имя владельца \"Ангелочек\". Под именем вы видите цифру \"16.\"', 'Разное', '', 'tag', 0, 1),
(443, 'PID_TUCO_DOG_TAG', 'Солдатский жетон Тако', 'Имя владельца этого смердящего жетона \"Тако Бенедикто Пасифико Хуан Мария Рамирес\". После имени стоит цифра \"27\".', 'Разное', '', 'tag', 0, 1),
(444, 'PID_RAIDERS_MAP', 'Карта налетчиков', 'Помятая карта довоенной Северной Калифорнии. Рино и близлежащие караванные пути выделены красным цветом, к востоку от Рино стоит красный крест, под которым нацарапано \"Налетчики\".', 'Разное', '', 'raidmap', 453, 1),
(445, 'PID_SHERIFF_BADGE', 'Значок шерифа', 'Значок, который должен носить шериф города.', 'Разное', '', 'sbadge', 453, 5),
(446, 'PID_VERTIBIRD_PLANS', 'Чертежи винтокрыла', 'Чертежи для строительства винтокрыла.', 'Разное', '', 'vertipln', 0, 1),
(447, 'PID_BISHOPS_HOLODISK', 'Диск Бишопа', 'Этот диск содержит информацию о тайной сделке Бишопа с НКР. Кажется, Бишоп нанял наемников для нападения на Город Убежища, надеясь, что последний обратится за военной поддержкой к НКР. На этом диске - только аудиоданные и никакой текстовой информации. Возможно, им заинтересуются в Городе Убежища.', 'Разное', '', 'tape3', 453, 50),
(448, 'PID_ACCOUNT_BOOK', 'Конторская книга', 'В эту конторскую книгу записаны расчеты между бандой наемников и семьей Бишоп из Нью-Рено. Размер выплат зависит от того, насколько сильно оказывалось \"давление\" на Город Убежища. Возможно, эта информация заинтересует Город Убежища.', 'Разное', '', 'acountbk', 907, 1),
(449, 'PID_BRAHMIN_SKIN', 'Шкура брамина', 'Это шкура дикого брамина. Довольно тяжелая.', 'Разное', '', 'brahmin_skin', 5442, 150),
(450, 'PID_TORN_PAPER_1', 'Оторванный клочок бумаги 1', 'Вы видите клочок бумаги с надписью. Похоже, это часть какого-то кода. К сожалению, код неполный. Если бы только вам удалось найти все три листка. Пока вы можете разобрать только следующее: 1. Пароль по физике KSLJ, 2. Пароль по химии TIU, 3. Пароль по биологии INTL', 'Разное', '', 'tpaper1', 0, 1),
(451, 'PID_TORN_PAPER_2', 'Оторванный клочок бумаги 2', 'Вы видите клочок бумаги с надписью. Похоже, это часть какого-то кода. К сожалению, код неполный. Если бы только вам удалось найти все три листка. Пока вы можете разобрать только следующее: KJ: Ken-Lee-9, ASPO- Lo-S, VR- Dnky-Pnch-', 'Разное', '', 'tpaper2', 0, 1),
(452, 'PID_TORN_PAPER_3', 'Оторванный клочок бумаги 3', 'Вы видите клочок бумаги с надписью. Похоже, это часть какого-то кода. К сожалению, код неполный. Если бы только вам удалось найти все три листка. Пока вы можете разобрать только следующее: 7313, hi-S12908, 98790', 'Разное', '', 'tpaper3', 0, 1),
(453, 'PID_PASSWORD_PAPER', 'Список паролей', 'Страница, сложенная из трех разорванных клочков, на которой при их соединении вы видите три пароля. Текст гласит: 1. Пароль по физике KSLJKJ: Ken-Lee-97313, 2. Пароль по химии TIUASPO- Lo-Shi-S12908, 3. Пароль по биологии INTLVR- Dnky-Pnch-98790', 'Разное', '', 'tpaper4', 0, 1),
(454, 'PID_EXPLOSIVE_SWITCH', 'Переключатель взрывного устройства', 'Этот переключатель является завершающим компонентом взрывного устройства.', 'Разное', '', 'toggle', 2267, 1),
(455, 'PID_CAR_TRUNK', 'Багажник', 'Багажник автомобиля прекрасно подходит для хранения разных вещей.', 'Container', '', NULL, NULL, NULL),
(456, 'PID_JAIL_KEY', 'Ключ от двери камеры', 'Этот ключ подходит к двери в камеру в Брокен Хиллс.', 'Keys', '', 'key5', 200, 1),
(457, 'PID_ELRON_FIELD_REP', 'Полевой отчет хабологов', 'Полевой отчет хабологов о кампании по обращению в Истинную веру.', 'Разное', '', 'clipbrd2', 453, 1),
(458, 'PID_ENCLAVE_HOLODISK_5', 'Диск ВБ №5', 'Надпись на ярлыке: Сообщение для Главштаба. Секретно.', 'Разное', '', 'tape3', 453, 50),
(459, 'PID_ENCLAVE_HOLODISK_1', 'Диск ВБ №1', 'Надпись на ярлыке: Журнал радиосообщений, пункт 1.', 'Разное', '', 'tape3', 453, 50),
(460, 'PID_ENCLAVE_HOLODISK_2', 'Диск ВБ №2', 'Надпись на ярлыке: Журнал радиосообщений, пункт 2.', 'Разное', '', 'tape3', 453, 50),
(461, 'PID_ENCLAVE_HOLODISK_3', 'Диск ВБ №3', 'Надпись на ярлыке: Журнал радиосообщений, пункт 3.', 'Разное', '', 'tape3', 453, 50),
(462, 'PID_ENCLAVE_HOLODISK_4', 'Диск ВБ №4', 'Надпись на ярлыке: Журнал радиосообщений исследовательской команды.', 'Разное', '', 'tape3', 453, 50),
(463, 'PID_EVACUATION_HOLODISK', 'Диск эвакуации', 'Надпись на ярлыке: Сообщение об эвакуации базы.', 'Разное', '', 'tape3', 453, 50),
(464, 'PID_EXPERIMENT_HOLODISK', 'Диск эксперимента', 'Надпись на ярлыке: Журнал исследований.', 'Разное', '', 'tape3', 453, 50),
(465, 'PID_MEDICAL_HOLODISK', 'Медицинский диск', 'Надпись на ярлыке: Медицинский журнал.', 'Разное', '', 'tape3', 453, 50),
(466, 'PID_PASSWORD_HOLODISK', 'Список паролей', 'Сложенный лист бумаги, на котором написано слово \"ЧАЙКОВСКИЙ\".', 'Разное', '', 'pwpaper', 453, 5),
(468, 'PID_SMITTY_MEAL', 'Обед Смитти', 'Какой-то салат и сэндвич, сделанный, насколько вы можете судить, из мяса брамина, покрытого густым темно-желтым соусом. Сбоку вы видите странный маринованный зеленый овощ.', 'Разное', '', 'smitfood', 1360, 1),
(469, 'PID_ROT_GUT', 'Пойло', 'Очень крепкий алкогольный напиток или чистящая жидкость - как вам больше нравится.', 'Медикаменты', '', 'gutrot', 0, 5),
(470, 'PID_BALL_GAG', 'Шариковый кляп', 'Сомнительное сексуальное устройство. Поверьте, вы не хотите знать, для чего это нужно.', 'Разное', '', 'ballgag', 907, 20),
(471, 'PID_BECKY_BOOK', 'Цветок лаванды', 'Судя по всему, это какой-то женский роман, написанный Дороти Риксон. На обложке изображена женщина, лежащая на постели, окруженной сотнями цветов.', 'Разное', '', 'beckbook', 907, 1),
(472, 'PID_ELRON_MEMBER_HOLO', 'Диск хабологов', 'Надпись на ярлыке диска: \"Хабология: Истина за ложью\". Кажется, этот диск совместим с вашим PIPBoy.', 'Разное', '', 'tape3', 453, 50),
(473, 'PID_MUTATED_TOE', 'Мутировавший палец ноги', 'Вы видите свой шестой палец ноги. Это маленькая мутировавшая часть вашего тела. По какой-то причине у вас возникает ужасное чувство потери, когда вы смотрите на этот крохотный ампутированный палец.', 'Медикаменты', '', 'toe', 453, 1500),
(474, 'PID_DAISIES', 'Маргаритки', 'Горшок с маргаритками. Разве они не прекрасны?', 'Разное', '', 'pot', 2267, 1),
(475, 'PID_METAL_TRASH', 'Железяки', 'Куча мелких ненужных металлических деталей.', 'Разное', '', 'metal_trash', 400, 25),
(476, 'PID_ENLIGHTENED_ONE_LETTER', 'Письмо Просветленной', 'Доклад, адресованный НИК-9 в Сан-Франциско. Очень скучное чтиво: таблицы с жесткими поправками, доклады о растратах и другая ерунда, на которую не стоит терять свое время.', 'Разное', '', 'paper2', 0, 1),
(477, 'PID_BROADCAST_HOLODISK', 'Диск с сообщением', 'Надпись на ярлыке: \"Сеть галактических новостей\".', 'Разное', '', 'tape3', 453, 50),
(478, 'PID_SIERRA_MISSION_HOLODISK', 'Диск с заданием Сьерра', 'Надпись на ярлыке: \"Содержание задания\".', 'Разное', '', 'tape3', 453, 50),
(479, 'PID_NAVCOM_PARTS', 'Части навигационного компьютера', 'Судя по виду, эти компьютерные части должны устанавливаться внутрь машины. А тот факт, что на них написано \"Посейдон Ойл\" и \"Навигационный компьютер\" подсказывает вам, что они подходят для навигационного компьютера компании \"Посейдон Ойл\".', 'Разное', '', 'navcom', 453, 1),
(480, 'PID_KITTY_SEX_DRUG_AGILITY', 'Полевой суперстимулятор', 'Компактный мощный препарат для лечения, восстанавливает 100 здоровья каждые 3 секунды, а также выводит из организма весь яд и радиацию.', 'Медикаменты', '', 'superss', 500, 5000),
(481, 'PID_KITTY_SEX_DRUG_INTELLIGENCE', 'Адреналин', 'Мощный стимультор нервной системы. Восстанавливает 1 ОД каждые 3 секунды, снимает усталость и выводит из боя. Побочные эффекты: инфаркт.', 'Медикаменты', '', 'adrenalin', 1000, 2000),
(483, 'PID_FALLOUT_2_HINTBOOK', 'Книга советов Fallout II', 'Ну, ЭТО было бы полезно иметь в начале этой чертовой игры.', 'Разное', '', 'f2hintbk', 0, 1),
(484, 'PID_PLAYERS_EAR', 'Ухо игрока', 'Это ваше ухо. Дробитель откусил его во время боя и плюнул им в вас, пока ваше тело валялось на ринге без сознания. Если вы это читаете, значит, скорее всего, вам придется скоро перезагрузить игру. Конечно, вполне возможно, что этот предмет обладает какой-то ценностью.', 'Разное', '', 'ear1', 0, 1),
(485, 'PID_MASTICATORS_EAR', 'Ухо бандита', 'Вы отрезали это ухо, чтобы доказать младщему Мордино, что бандит убит.', 'Разное', '', 'ear2', 0, 750),
(486, 'PID_REFINED_ORE', 'Обогащенная урановая руда.', 'Кусок урановой руды. Видимо, эта руда была каким-то образом переработана. Кажется, она стала больше весить.', 'Оружие', 'Метательное', 'rock4', 6803, 500),
(487, 'PID_MEMO', 'Записка от Фрэнсиса', 'Зайус! Маркус ничего не сделает с этим подонком Джейкобом и его заговорщиками. Они сломали очиститель... а что дальше? Я нашел туннели, в которых они встречаются. Парочки трупов хватит, чтобы обвинить Джейкоба. Если ты в деле, дай мне знать. И сожги на этот раз чертову записку! - Фрэнсис', 'Разное', '', 'paper1', 0, 1),
(488, 'PID_K9_MOTIVATOR', 'Двигатель К-9', 'Это двигатель для роботов модели К-9.', 'Разное', '', 'motor', 9071, 5000),
(490, 'PID_NCR_HISTORY_HOLODISK', 'Диск истории НКР', 'Надпись на ярлыке: \"История НКР\".', 'Разное', '', 'tape3', 453, 50),
(491, 'PID_MR_NIXON_DOLL', 'Кукла Мистер Никсон', 'Вы видите небольшую куклу с большим красным носом. Почему-то вы не доверяете этой, казалось бы, невинной детской игрушке.', 'Разное', '', 'nixon', 0, 1),
(492, 'PID_TANKER_FOB', 'Ключ танкера', 'Закодированный ключ, предоставляющий доступ к зонам повышенной безопасности.', 'Разное', '', 'tankrfob', 0, 1),
(493, 'PID_ELRON_TEACH_HOLO', 'Обучающий диск', 'Надпись на ярлыке: \"Учение хабологов\".', 'Разное', '', 'tape3', 453, 50),
(494, 'PID_KOKOWEEF_MINE_SCRIP', 'Банкнота шахты \"Коковеф\"', 'Это расписка, возможно, предназначенная для расчета с рабочими шахты \"Коковеф\".', 'Разное', '', 'kokoweef', 0, 1),
(495, 'PID_PRES_ACCESS_KEY', 'Карта доступа президентского уровня', 'На этой карте доступа, похоже, стоит президентская печать. Судя по всему, она предназначена для получения доступа президентского уровня ко всем компьютерам.', 'Разное', '', 'pres_key', 0, 1),
(496, 'PID_RING_BOXING_GLOVES', 'Боксерские перчатки', 'Пара боксерских перчаток, которые слегка пахнут потом. Судя по виду, они сослужили кому-то хорошую службу: в некоторых местах все еще остались засохшие пятна крови.', 'Оружие', 'Рукопашное', 'boxglove', 2267, 250),
(497, 'PID_RING_PLATED_BOXING_GLOVES', 'Перчатки с утяжелителем', 'Кто-то \"случайно\" положил в эти боксерские перчатки металлические пластины. Технически такое считается жульничеством, но вы предпочитаете рассматривать это как дополнительную возможность нанести сокрушительный удар.', 'Оружие', 'Рукопашное', 'boxglov2', 4535, 300),
(498, 'PID_GUN_TURRET_WEAPON', 'Спаренная плазменная пушка', 'Использовать только в турели.', 'Оружие', '', NULL, NULL, NULL),
(499, 'PID_DERMAL_PIP_BOY_DISK', 'Лингвистический усилитель Pip Boy', 'Лингвистический усилитель состоит из диска с информацией, шнура, шлема и оптического сенсора, который помещается над правым глазом пользователя. При использовании датчик передает в память пользователя целый словарь, навсегда повышая его красноречие.', 'Разное', '', 'pipling', 3628, 200),
(500, 'PID_FN_FAL_HPFA', 'FN FAL HPFA', 'Эта винтовка была использована вооруженными силами более широко, чем какая-либо другая винтовка в истории. Эта модель была усовершенствована для увеличения убойной силы. Мин. сила: 5.', 'Оружие', 'Легкое', 'fnfal', 4535, 2250),
(503, 'PID_MEM_CHIP_BLUE', 'Синий модуль памяти', 'Модуль компьютерной памяти только для чтения, содержащий медицинскую информацию. На этом модуле описаны операции по повышению привлекательности.', 'Разное', '', 'chipblu', 0, 1),
(504, 'PID_MEM_CHIP_GREEN', 'Зеленый модуль памяти', 'Модуль компьютерной памяти только для чтения, содержащий медицинскую информацию. На этом модуле описаны операции по повышению восприятия.', 'Разное', '', 'chipgre', 0, 1),
(505, 'PID_MEM_CHIP_RED', 'Красный модуль памяти', 'Модуль компьютерной памяти только для чтения, содержащий медицинскую информацию. На этом модуле описаны операции по повышению силы.', 'Разное', '', 'chipred', 0, 1),
(506, 'PID_MEM_CHIP_YELLOW', 'Желтый модуль памяти', 'Модуль компьютерной памяти только для чтения, содержащий медицинскую информацию. На этом модуле описаны операции по повышению интеллекта.', 'Разное', '', 'chipyel', 0, 1),
(507, 'PID_DECOMPOSING_BODY', 'Разлагающийся труп', 'Частично разложившийся труп человекоподобного существа.', 'Разное', '', 'body', 56699, 1),
(508, 'PID_BLOW_UP_DOLL', 'Резиновая кукла', 'Надувная резиновая секс-кукла. Данная модель называется \"Танди\".', 'Разное', '', 'rubrbod1', 9071, 50),
(509, 'PID_POPPED_BLOW_UP_DOLL', 'Поврежденная резиновая кукла', 'У этой надувной секс-куклы разорван шов. Ее явно использовали на полную катушку.', 'Разное', '', 'rubrbod2', 9071, 1),
(516, 'PID_PIP_BOY_MEDICAL_ENHANCER', 'Медицинский усилитель Pip Boy', 'Этот медусилитель для Pip Boy состоит из диска с информацией, микрофиламентного шнура, шлема и оптического сенсора, который помещается над глазом пользователя. Оптический датчик передает в память пользователя словарь врачебных навыков и умений, навсегда повышая его навык доктора.', 'Разное', '', 'pipmed', 3628, 200),
(517, 'PID_LIL_JESUS_WEAPON', 'Хесусик', 'Это мерзкое на вид оружие когда-то принадлежало Хесусику Мордино. На поверхности вы видите многочисленные засечки и царапины, но лезвие все еще очень острое. На ручке вырезано имя \"Хесусик\".', 'Оружие', 'Холодное', 'jknife', 907, 200),
(518, 'PID_DUAL_MINIGUN', 'Спаренный миниган', 'Использовать только в авто-пушке', 'Оружие', '', NULL, NULL, NULL),
(519, 'PID_REAL_BOTTLE_CAPS', 'Крышки от бутылок', 'Ничего не стоящие крышки от бутылок. Говорят, что когда-то они использовались в качестве денег, хотя вам кажется, что все это сказки.', 'Разное', '', 'botlcaps', 0, 1),
(520, 'PID_HEAVY_DUAL_MINIGUN', 'Тяжелый спаренный миниган', 'Использовать только в авто-пушке.', 'Оружие', '', NULL, NULL, NULL),
(521, 'PID_POOR_BOX', 'Коробка для пожертвований', 'Небольшая коробка, в которую собираются деньги для бедных.', 'Container', '', NULL, NULL, NULL),
(522, 'PID_WAKIZASHI_BLADE', 'Вакидзаси', 'Короткий искусно изготовленный меч. Острие, кажется, разработано специально для пробивания брони.', 'Оружие', 'Холодное', 'wknife', 1360, 200),
(523, 'PID_MAP', 'Геологическая карта', 'Похоже на геологическую обзорную карту залива.', 'Разное', '', 'raidmap', 0, 1),
(524, 'PID_KEEPBRIGE_ROBE', 'Мантия Стража моста', 'Это грязное вонючее одеяние, наверное, изготовлено из особой ткани, противостоящей телесным испарениям стража моста. По всей мантии вы видите ожоги и следы от плазмы, словно на ней испытывали оружие... и безрезультатно. Вы ПОНЯТИЯ НЕ имеете, почему она пурпурного цвета.', 'Броня', '', 'robeinv', 5035, 5),
(525, 'PID_HYPO', 'Шприц', 'Какой-то медицинский инструмент для инъекций. Похоже, очень сложно устроен. Вы не знаете, что за вещество находится внутри, но похоже, что осталась всего одна доза.', 'Медикаменты', '', 'fedhypo', 0, 1800),
(532, 'PID_BOTTLE_EMPTY', 'Пустая бутыль', 'Такие бутылки обычно используются для хранения и транспортировки воды.', 'Разное', '', 'bott_empty', 150, 1),
(533, 'PID_BOTTLE_FULL', 'Бутыль с грязной водой', 'В этой бутылке содержится самое дорогое, что есть в Пустоши - пресная вода. На поверхности видно радужные пятна, а на дне плавает чей-то обгрызенный ноготь.', 'Разное', '', 'bott_full', 500, 20),
(534, 'PID_PART_OF_ROPE', 'Кусок веревки', 'Кажется это кусок от разорванной кем-то веревки.', 'Разное', '', 'rope_part', 453, 3),
(535, 'PID_GUNPOWDER', 'Порох', 'Коробочка с черным порохом.', 'Разное', '', 'gunpowder', 500, 50),
(536, 'PID_METAL_ORE', 'Железная руда', 'Кусок природных минеральных образований, содержащий железо и его соединения. Очень тяжелый.', 'Разное', '', 'met_ore', 4200, 100),
(537, 'PID_MINERAL', 'Минералы', 'Твердое природное образование, содержит уйму всяких полезных и не очень веществ.', 'Разное', '', 'miner', 2000, 10),
(538, 'PID_TUBE', 'Труба', 'Труба она и в Африке труба. Стальная и полая внутри.', 'Разное', '', 'tube', 1200, 5),
(539, 'PID_MEAT', 'Мясо', 'Это кусок мяса.', 'Разное', '', 'fresh_meat', 800, 1),
(540, 'PID_MOUSE_SKIN', 'Шкура мыши', 'Ух, я не знаю, как вы это достали, но поздравляю =)', 'Разное', '', 'mouse_special', 300, 10),
(541, 'PID_CIGARETTES', 'Сигареты', 'Совершенно обычные постядерные американские сигареты известной марки \"Нюкаборо\".', 'Доп слот', '', 'cigarettes', 100, 3),
(542, 'PID_BOTTLE_GLASS', 'Бутылка', 'Пустая стеклянная бутылка. Судя по всему, она изготовлена промышленным способом.', 'Разное', '', 'glassbottle', 150, 1),
(543, 'PID_AXE', 'Топор', 'Повидавший виды топор. Лезвие все-ещё в относительно хорошем состоянии.', 'Разное', '', 'axe1', 2300, 100),
(544, 'PID_MINE', 'Мина', 'Мина \"3(a)\". Противотанковая и противопехотная, фугасная, нажимного/натяжного действия. Изготовлена из керамического состава.', 'Разное', '', 'mine.fofrm', 5160, 850),
(545, 'PID_ACTIVE_MINE', 'Активированная мина', 'Мина \"3(a)\". Противотанковая и противопехотная, фугасная, нажимного/натяжного действия. Изготовлена из керамического состава. Активирована!', 'Разное', '', 'mine.fofrm', 5160, 850),
(546, 'PID_HEAVY_DUAL_MINIGUN_LONG_RANGE', 'Тяжелый спаренный миниган повышенной дальности', 'Использовать только в авто-пушке.', 'Оружие', '', NULL, NULL, NULL),
(547, 'PID_BLACK_COMBAT_ARMOR', 'Черная боевая броня мод. II', 'Высокотехнологичная броня, изготовленная из улучшенных защитных полимеров.', 'Броня', '', 'CBTARMR2B', 11339, 8000),
(548, 'PID_POSTMAN_LETTER', 'Запечатанный конверт', 'Надпись на конверте: получатель \"@lex reciever@\"; адрес: \"@lex location@\".', 'Разное', '', 'envelope', 0, 1),
(549, 'PID_CHOSEN_HOLO', 'Голодиск Избранного', 'При попытке прочитать этот голодиск пип-бой выдаёт только кучу непонятных символов.', 'Разное', '', 'tape3', 1814, 1),
(550, 'PID_CHOSEN_HOLO_DECODED', 'Голодиск Избранного', '684:1084', 'Разное', '', 'tape3', 1814, 1),
(551, 'PID_LETTER_TO_LIN', 'Послание Линнет', 'Послание Тодда Стьюарда Первой Гражданке Линнет. Новенький голодиск непонятного формата с разъёмами необычной конфигурации. Дааа, такой не прочитать на стандартном пип-бое.', 'Разное', '', 'tape3', 450, 40),
(552, 'PID_LETTER_TO_TODD', 'Послание Тодду Стьюарду', 'Послание Первой Гражданки Линнет И/О Научного Советника Арройо Тодду Стюарду. Новенький голодиск непонятного формата с разъёмами необычной конфигурации. Дааа, такой не прочитать на стандартном пип-бое.', 'Разное', '', 'tape3', 450, 40),
(553, 'PID_EDWARD_REPORT', 'Отчёты Доктора Эдварда', 'Отчёт Дока Эдварда об успехах агитационной работы в Арройо. Доставить Томасу Муру для передачи начальству. Из записей можно понять, что агитация о присоединении к Городу-Убежищу - это и есть основная цель командировки доктора. Чтож, они даже не пытаются это скрывать.', 'Разное', '', 'reqform1', 120, 40),
(554, 'PID_LETTER_TO_SINDY', 'Письмо Синди', 'Ответ Синди на письмо Кэссиди. Она рассказывает, что с баром у неё всё хорошо, он по-прежнему популярен среди жителей Пригорода, а солдаты из Города не досаждают обысками. В конце приписка: \"Кэсс, дико хочется тебя увидеть, приезжай в гости! Чмоки, Синди.\"', 'Разное', '', 'paper1', 0, 1),
(555, 'PID_LETTER_TO_CASSIDY', 'Письмо Кэссиди', 'Письмо Кэссиди к его подруге Синди, присматривающей сейчас за его баром в Городе-Убежище. Простое дружеское письмо, в котором он интересуется, как у неё дела. Вы не находите в нём ни тайных шифров, ни странных подтекстов, ни предупреждений о том, что мир гибнет и надо призвать Избранного. Да, это действительно простое дружеское письмо, хватит уже читать чужую переписку.', 'Разное', '', 'paper1', 0, 1),
(556, 'PID_FIRE_GECKO_PELT', 'Шкурка огненного гекко', 'Шкурка огненного гекко. Огнеупорна, из неё получатся отличные перчатки.', 'Разное', '', 'fireg', 1600, 150),
(557, 'PID_DANTON_POISON', 'Отрава', 'Баночка с отравой. Можно подсыпать кому-нибудь в еду вместо специй.', 'Разное', '', 'poizon', 493, 50),
(558, 'PID_JUMPSUIT', 'Костюм Убежища', 'Стандартный с виду костюм Убежища 13, но при ближайшем рассмотрении видно, что он покрыт множеством плохо отмытых пятен крови и заштопанных пулевых отверстий. Один рукав, судя по всему, пришит позднее. Сильно поношен, на вид ему больше ста лет. Неужели это... Тот Самый Костюм?', 'Броня', '', 'jumpsuit', 600, 0),
(559, 'PID_FAKE_JUMPSUIT', 'Поддельный костюм Убежища', 'Реплика костюма Убежища 13 не очень высокого качества. Для простого обывателя это не заметно, но знающий человек, приглядевшись, понял бы, что он сделан далеко не в автоматическом генераторе одежды Волт-Тек. Хотя при необходимости всегда можно спрятать недолелки под слоем грязи.', 'Броня', '', 'jumpsuit', 600, 0),
(560, 'PID_ARROYO_SYRINGE', 'Шприц', 'Пустой шприц, найдённый в кармане одного из учеников военной школы Арройо.', 'Разное', '', 'hypo01', 0, 1),
(561, 'PID_DEATH_STAR_PLANS', 'Голодиск со схемами', 'На этикетке диска написано \"Как соорудить большую космическую станцию всего за 18 месяцев. Издание второе, переработанное.\"', 'Разное', '', 'tape3', 493, 300),
(562, 'PID_FALLOUT_3_HOLO', 'Голодиск с игрой', 'Это диск с игрой «Фоллаут 3», лицензия. Интересно, потянет ли Ваш пип-бой эту игрушку?.', 'Разное', '', 'tape3', 493, 300),
(563, 'PID_FAKE_GECK', 'Реплика ГЕККа', 'Старый потёртый чемоданчик с намалёванной надписью \"ГЕКК\". Внутри лежит молоток и скелетик крысы.', 'Разное', '', 'geck', 1560, 300),
(564, 'PID_USED_GECK', 'Пустой ГЕКК', 'Этот ГЕКК израсходован. Ну, как чемоданчик всё равно прикольный.', 'Разное', '', 'geck', 3560, 300),
(565, 'PID_WELDING', 'Сварка', 'Компактный сварочный аппарат \"Залатай-ка!\", некогда входивший в состав аптечки первой помощи для солдат в силовой броне. Подобные аппараты задумывались одноразовыми, но после войны их быстро научились восстанавливать и перезаправлять.', 'Разное', '', 'oxygncan', 2267, 350),
(566, 'PID_WELDING_USED', 'Сварка (израсх.)', 'Этот аппарат отработал свой ресурс, но его с радостью купит какой-нибудь механик, который знает, как его дозаправить.', 'Разное', '', 'oxygncan', 1200, 120),
(571, 'PID_HUBOLOGIST_BOOK', 'Книга Хаба', 'Одна из почитаемых книг хабологов.', 'Разное', '', 'beckbook', 953, 25),
(572, 'PID_RAGS', 'Кусок ткани', 'Такие симпатичные полосочки ткани образуются обычно после того, как бедняки раздевают труп какого-нибудь несчастного и вырезают из его одежды куски материи, которые ещё можно использовать.', 'Разное', '', 'tpaper1', 150, 4),
(573, 'PID_NITROGLYCERIN', 'Нитроглицерин', 'Взрывчатое вещевство, давшее жизнь динамиту. Очень нестабильно, может взорваться от простой тряски, лучше не таскайте его в своём рюкзаке.', 'Разное', '', 'nitroglyc', 300, 50),
(574, 'PID_CHEMICALS', 'Химикаты', 'Какие-то опасные ядовитые химикаты. Не пробуйте на вкус!', 'Разное', '', 'poizon', 600, 70),
(575, 'PID_TNT', 'Тротил', 'Он же тол, он же тринитротолуол или просто ТНТ, любимец публики. Упакован в жестяную баночку.', 'Разное', '', 'tnt', 300, 120),
(576, 'PID_HEXOGEN', 'Гексоген', 'Популярное за относительную простоту изготовления взрывчатое вещевство, используемое подрывниками по всей Калифорнии. Порошкообразен, упакован в мешочек.', 'Разное', '', 'hexogen', 300, 100),
(577, 'PID_PLASTIC_EXPLOSIVES_DULL', 'Кусок взрывчатки', 'Кусок пластида без детонатора. Если его не кидать в огонь, он не опасней пластилина.', 'Разное', '', 'plastic1', 500, 300),
(578, 'PID_MAUSER_SMG', 'Маузер (автоматич.)', '9мм Маузер, переделанный для ведения автоматической стрельбы по историческому аналогу. Классика, воссозданная своими руками.', 'Оружие', 'Легкое', 'mausersmg', 1360, 1750),
(579, 'PID_REBEL_TAG', 'Солдатский жетон рейнджера', 'Имя владельца этого жетона стерто.', 'Разное', '', 'tag', 0, 1),
(580, 'PID_SANDBAG_1', 'Мешок с песком', 'Удивительно тяжелый.', 'Разное', '', 'SNDBGINV', 42000, 1),
(581, 'PID_SANDBAG_2', 'Мешки с песком', 'Эти мешки используются для строительства укреплений', 'Разное', '', 'SNDBGINV', 248000, 1),
(582, 'PID_SANDBAG_3', 'Мешки с песком', 'Эти мешки используются для строительства укреплений', 'Разное', '', 'SNDBGINV', 360000, 1),
(583, 'PID_SANDBAG_4', 'Мешки с песком', 'Эти мешки используются для строительства укреплений', 'Разное', '', 'SNDBGINV', 250000, 1),
(584, 'PID_SANDBAG_5', 'Мешки с песком', 'Эти мешки используются для строительства укреплений', 'Разное', '', 'SNDBGINV', 300000, 1),
(585, 'PID_BLACK_ROBE', 'Серая мантия', 'Серая мантия.', 'Броня', '', 'robenaw', 2035, 90),
(586, 'PID_MIRELURK_ARMOR', 'Кустарная боевая броня', 'Копия стандартной армейской боевой брони предвоенных лет, выполненная из прочных панцирей болотников. Тяжела, защищает не так хорошо, но может отпугнуть одним своим видом.', 'Броня', '', 'MLRARMR', 15071, 3500),
(587, 'PID_SANDBAG_EMPTY', 'Мешок', 'Вместительный мешок из грубой ткани. Подходит для хранения и переноски чего угодно от съестного до бездыханных тел партнёров по бизнесу.', 'Разное', '', 'emptysbg', 600, 30),
(588, 'PID_KOTW_BEER', 'Пиво \"Гамма-глоток\"', 'Бутылка пива \"Гамма-глоток\". Светится в темноте!', 'Разное', '', 'gamabeer', 20000, 1),
(589, 'PID_KOTW_GRAIL', 'Пиво \"Гамма-глоток\"', 'Священный Грааль. Честно.', 'Разное', '', 'gamabeer', 20000, 1),
(590, 'PID_KOTW_STATUETTE', 'Статуэтка', 'Статуэтка рыцаря тонкой ручной работы, выполненную из светлого металла. В основании выгравировано: \"Рыцари Пустоши\".', 'Разное', '', 'kotw_statuette_invent.fofrm', 500, 1),
(591, 'PID_OCHRE_COLOR', 'Банка краски цвета охры', 'Банка полна вязкой минеральной краски цвета охры. Качество оставляет желать лучшего, но красить этим можно.', 'Разное', '', 'jar', 1023, 100),
(592, 'PID_BLACK_COLOR', 'Банка черной краски', 'Банка полна черной краски, полученной из минералов и руды. Качество не лучшее, но черный цвет себе соответствует.', 'Разное', '', 'jar', 1023, 100),
(593, 'PID_QUANTUM_GEN', 'Усиленный квантовый генератор', 'Специально разработанный усиленный квантовый генератор, усиливающий преобразование энергии накачки в узконаправленный поток излучения.', 'Разное', '', 'carbatry', 0, 3000),
(608, 'PID_SMOKE_GRENADE', 'Дымовая граната', 'Обеспечивает большое количество густого дыма за короткий промежуток времени. Помогает сократить область обзора противнику и занять лучшую боевую позицию под прикрытием дыма.', 'Оружие', 'Метательное', 'grenade_smoke', 553, 625),
(609, 'PID_MUSTARD_GAS_GRENADE', 'Граната с горчичным газом', 'Мгновенно высвобождает облако едкого газа, воздействующего на кожный покров и слизистые оболочки. Чем дольше цель находится в области поражения, тем серьезнее последствия воздействия газа на огранизм.', 'Оружие', 'Метательное', 'grenade_gas', 653, 300),
(646, 'PID_P_LASER', 'Лазерный прицел', 'Посылает яркий луч в направлении цели, тем самым облегчая прицеливание в сложных условиях. Универсальное крепление позволит прикрепить его почти к любому оружию без особых усилий.', 'Разное', '', 'laser_scope', 907, 8500),
(647, 'PID_P_JACK', 'Подствольное ружье', 'KAC Masterkey - подствольное ружье, использующее для стрельбы патроны 12 калибра. Несмотря на не самую удобную конструкцию, может оказаться отличным подспорьем в ближнем бою.(обойма 4 патрона)', 'Разное', '', 'masterkey', 907, 2500),
(648, 'PID_P_JACK_W', 'Подствольное ружье', 'KAC Masterkey - подствольное ружье, использующее для стрельбы патроны 12 калибра. Несмотря на не самую удобную конструкцию, может оказаться отличным подспорьем в ближнем бою.(обойма 4 патрона)', 'Разное', '', NULL, NULL, NULL),
(649, 'PID_P_G', 'Подствольный гранатомет', 'M203PI - самый распространенный подствольный гранатомет с весьма универсальным креплением, подходящим ко множеству различных винтовок и пулеметов. Для стрельбы подходят практически любые 40 мм гранаты.(1 заряд)', 'Разное', '', 'm203', 907, 7500),
(650, 'PID_P_G_W', 'Подствольный гранатомет', 'M203PI - самый распространенный подствольный гранатомет с весьма универсальным креплением, подходящим ко множеству различных винтовок и пулеметов. Для стрельбы подходят практически любые 40 мм гранаты.(1 заряд)', 'Разное', '', 'M203', 2000, 1500),
(651, 'PID_PG_FRAG', '40 мм, осколочный', 'Заряд к подствольному гранатомёту.', 'Боеприпасы', '', '40mm1', 300, 300),
(652, 'PID_PG_PLAS', '40 мм, плазменный', 'Заряд к подствольному гранатомёту.', 'Боеприпасы', '', '40mm4', 300, 300),
(653, 'PID_PG_PULS', '40 мм, импульсный', 'Заряд к подствольному гранатомёту.', 'Боеприпасы', '', '40mm3', 300, 300),
(660, 'PID_JETON_AN', 'Жетон бойца Анклава', 'Имя не разобрать. В любом случае, в Анклаве наверняка заинтересуются этой находкой.', 'Разное', '', 'tag', 0, 1),
(661, 'PID_JETON_BS', 'Жетон бойца Братства Стали', 'Имя не разобрать. В любом случае, в Братстве Стали наверняка заинтересуются этой находкой.', 'Разное', '', 'tag', 0, 1),
(663, 'PID_MMC', 'Электромагнит', 'Устройство создает электромагнитное поле, поглощая часть урона магнитными боеприпасами.', 'Доп слот', '', 'mag8ball', 453, 5000),
(670, 'PID_COMBAT_ARMOR_RECIPE', 'Чертеж боевой брони', 'Сделай свою собственную боевую броню!, издание пятое, дополненное. С помощью этих чертежей  вы сможете сделать самую настоящую боевую броню.', 'Разное', '', 'r_cbarmor', 215, 80),
(671, 'PID_LEATHER_JACKET_RECIPE', 'Выкройка кожаной куртки', 'Подробная выкройка для добротной прочной куртки. Вырезана из какого-то довоенного журнала, но имеет множество правок.', 'Разное', '', 'r_leather', 215, 15),
(672, 'PID_COMBAT_LEATHER_RECIPE', 'Выкройка боевой кожаной куртки', 'Это может здорово помочь в пошиве такой непростой одежды.', 'Разное', '', 'r_combleath', 215, 20),
(673, 'PID_LEATHER_ARMOR_RECIPE', 'Выкройка кожаной брони', 'Весьма полезный документ для тех, кому недостаточно обычной одежды.', 'Разное', '', 'r_leatharm', 215, 25),
(674, 'PID_LEATHER_ARMOR_II_RECIPE', 'Выкройка кожаной брони мод. II', 'Глядя на этот листок, вы понимаете, что шить надо было совсем иначе.', 'Разное', '', 'r_leatharm2', 215, 30),
(675, 'PID_METAL_ARMOR_RECIPE', 'Схема сборки металлической брони', 'Несложная инструкция по обрезке листов конструкционной стали до нужной формы и их проклепыванию в необходимых местах.', 'Разное', '', 'r_metarmor', 215, 35),
(676, 'PID_METAL_ARMOR_II_RECIPE', 'Схема сборки металлической брони мод. II', 'Более сложная схема, включает в себя всестороннюю обработку пластин и спецификации сварных швов.', 'Разное', '', 'r_metarmor2', 215, 50),
(677, 'PID_TESLA_ARMOR_RECIPE', 'Схема сборки брони Тесла', 'В основном содержит схемы электрических компонентов. Над этим еще придется поломать голову.', 'Разное', '', 'r_tesla', 215, 125),
(678, 'PID_COMBAT_ARMOR_II_RECIPE', 'Чертеж боевой брони мод. II', 'По чертежу сразу становятся видны недостатки оригинальной боевой брони. Остается только устранить их.', 'Разное', '', 'r_cbarmor2', 215, 150),
(679, 'PID_SPEC_K_RECIPE', 'Выкройка костюма разведчика', 'Подробная схема, а так же инструкция по изготовлению краски.', 'Разное', '', 'r_vsuite', 215, 100),
(680, 'PID_ROBO_ARMOR_RECIPE', 'Чертеж РБК', 'Всегда хотели почувствовать себя роботом? Эти бумаги могут вам помочь.', 'Разное', '', 'r_rbk', 215, 1500),
(681, 'PID_POWERED_ARMOR_RECIPE', 'Чертежи Силовой Брони', 'Силовая Броня T-51b. Полный цикл изготовления и сборки. Черт знает какая по счетку копия.', 'Разное', '', 'r_pa', 215, 180),
(682, 'PID_HARDENED_POWER_ARMOR_RECIPE', 'Схема закалки Силовой Брони.', 'Закалить силовую броню? Это просто! Во всяком случае, так утверждает обложка этого издания.', 'Разное', '', 'r_hpa', 215, 2500),
(683, 'PID_ADVANCED_POWER_ARMOR_RECIPE', 'Чертежи Улучшенной Силовой Брони', 'Глядя на эти чертежи, сложно поверить, что в основе лежит обычная T-51b.', 'Разное', '', 'r_apa', 215, 3500),
(684, 'PID_ADVANCED_POWER_ARMOR_MK2_RECIPE', 'Чертежи Улучшенной Силовой Брони мод. II', 'С огромным логотипом Анклава на обложке, с надписью \"Отпечатано в США\"... Пожалуй, это достаточно достоверный источник информации.', 'Разное', '', 'r_apa2', 215, 5000),
(720, 'PID_DESERT_ARMOR', 'Пустынная боевая броня', 'Высокотехнологичная броня, изготовленная из улучшенных защитных полимеров. Окрашена под цвет Пустоши.', 'Броня', '', 'armor_des', 11339, 8000),
(723, 'PID_BLACK_ARMOR', 'Боевая броня Анклава', 'Специальная усиленная модификация боевой брони, окрашенная в черный цвет с символикой Соединенных Штатов Америки.', 'Броня', '', 'cbtarmr2b', 11339, 18000),
(724, 'PID_ROBO_ARMOR', 'РБК', 'Роботизированный броне костюм. Изготовлен из деталей робота. Имеет ограничение по используемому вооружению.', 'Броня', '', 'itrobo', 145359, 85000),
(725, 'PID_DS_ROBE', 'Желтая мантия', 'Желтая мантия.', 'Броня', '', 'SROBINV', 1035, 90),
(726, 'PID_MUT_ARMOR1', 'Броня гула', 'Специальная модификация Тесла', 'Броня', '', 'cbtarmr2', 11339, 18000),
(727, 'PID_MUT_ARMOR2', 'Боевая броня гула', 'Специальная модификация боевой брони гула', 'Броня', '', 'pwrarmor', 45359, 15000),
(728, 'PID_MUT_ARMOR3', 'Боевая броня гула', 'Специальная модификация силовой боевой брони, добалены элементы защиты.', 'Броня', '', 'parmor2', 45359, 25000),
(729, 'PID_ROBO_ARMOR_II', 'РБК II', 'Роботизированный броне костюм мод II. Облегчённая версия. Изготовлен из деталей робота. Имеет ограничение по используемому вооружению.', 'Броня', '', 'Citrobo', 135359, 25000),
(730, 'PID_PID_SUPER_ARMOR', 'Броня', 'Силовая броня с голографическим проектором. Экспериментальная броня для проведения разведки. Имитирует внешний вид различных группировок.', 'Броня', '', 'pwrarmor', 38555, 12500),
(731, 'PID_BLCK_ROBE', 'Черная мантия', 'Черная мантия.', 'Броня', '', 'BLROBEINV', 1035, 90),
(732, 'PID_GASMASK', 'Противогаз', 'Это то, что защитит вас от отравления и радиации.', 'Доп слот', '', 'gasmask', 6000, 5000),
(853, 'PID_ENERGY_BARIER_ACCESS_CARD', 'Карта-пропуск', 'На этой карточке есть магнитная полоска.', 'Разное', '', NULL, NULL, NULL);
INSERT INTO `items` (`id`, `pid`, `name`, `description`, `class`, `podclass`, `pic`, `Weight`, `Cost`) VALUES
(873, 'PID_SCORPION', 'Стонер ПЛП 2200', 'Ручной пулемет «Скорпион» производит  очередь из 6 выстрелов, каждая пуля непосредственно по прохождению ствола орудия, заряжается раскаленной плазмой, способной расплавить даже броню танка. Все что не удается сделать плазме, завершает увесистая пуля калибра 12,7 мм.. Мин. сила: 8.', 'Топ', '', 'scorpion', 12990, 52520),
(875, 'PID_OSA', 'Беретта 2050 Оса', 'Снайперская винтовка системы буллпап, с длинной ствола 1,5 метра, электронным оптическим прицелом, электронным спусковым механизмом. Все это делает из Беретты 2050, убийственное по дальности и мощности оружие. Один выстрел - один труп... сила: 6.', 'Топ', '', 'osa', 9654, 100200),
(876, 'PID_CHIMEC', 'ХЛ КОИЛ', 'Еще до великой войны многие мировые державы пытались создать мощный химический лазер. Спустя сотни лет ученым правительства удалось создать переносной химический лазер. сила: 8. Усиление: 40.', 'Топ', '', 'chimec', 11443, 50000),
(877, 'PID_12_7MM', '12.7мм', 'Каждый наконечник пули снабжен специальным накопителем плазмы, сразу за которым располагается стальная пуля из закаленной стали.', 'Боеприпасы', '', '12_7mm', 25, 1255),
(878, 'PID_NUKLE', '12мм nuclear', 'Вместо обычного пороха в гильзу заложен тратил, чтобы придать большую скорость снаряду. Сама пуля умеет наконечник из обеднённого урана. Все это делает патроны 12мм nuclear, самыми мощными из того чем можно зарядить винтовку.', 'Боеприпасы', '', 'nukle', 18, 1255),
(879, 'PID_OPTIC', 'Оптический прицел', 'Высокотехнологичный оптический прицел. Найти бы куда его приделать.', 'Container', '', 'optics', 500, 850),
(880, 'PID_HOLODISK_CHIMEC', 'Программа для производства ХЛ КОИЛ', 'На диск записаны программы и инструкции для установки по производству высокотехнологичного оружия.', 'Container', '', 'tape3', 453, 50),
(881, 'PID_HOLODISK_OSA', 'Программа для производства Беретты 2050 Оса', 'На диск записаны программы и инструкции для установки по производству высокотехнологичного оружия.', 'Container', '', 'tape3', 453, 50),
(882, 'PID_HOLODISK_SCORPION', 'Программа для производства Стонера ПЛП 2200', 'На диск записаны программы и инструкции для установки по производству высокотехнологичного оружия.', 'Container', '', 'tape3', 453, 50),
(884, 'PID_HOLODISK_LERENS', 'Голодиск с компроматом на Леренса', 'Запись разговора Леренса с одним из членов семьи Мордино, Ох Леренс, Леренс - чего тут только нет на тебя.', 'Container', '', 'tape3', 453, 50),
(885, 'PID_ROCKET_LAUNCHER_DUO', 'Двухзарядный гранатомет', 'Незатейливый механизм у основания гранатомета позволяет производить поочередно 2 выстрела без перезарядки.', 'Топ', '', 'tube2', 6203, 2300),
(888, 'PID_LASER_TUBE', 'Лазерная трубка', 'Эту штуковину можно назвать высокотехнологичным телескопом, вот только специфика у нее другая (не рекомендуется заглядывать в трубку когда она работает).', 'Разное', '', 'laser_tube', 1290, 600),
(889, 'PID_TRANSFORM', 'Многозарядный плазменный трансформатор', 'Этот трансформатор помимо того, что может преобразовывать энергию в плазму, также способен накапливать ее в шести специальных емкостях и разряжать их поочередно или одновременно.', 'Разное', '', 'transform', 450, 1700),
(890, 'PID_CONTEINER', 'Емкости для Хим. Реакции', 'Судя по толщине стали и качеству ее закалки, эти емкости способны выдержать бурную химическую реакцию с выделением колоссального количества энергии.', 'Разное', '', 'cont', 1870, 800),
(891, 'PID_JETTON', 'Солдатский жетон', 'Потертый армейский жетон с именем солдата. На жетоне имеется также порядковый номер и странная эмблема, похожая на герб США.', 'Разное', '', 'tag', 0, 1),
(893, 'PID_LAUNCHER_DUO', 'Система зарядки', 'Этот штука позволяет производить быструю перезарядку гранатомёта.', 'Container', '', 'tube2_r', 1290, 6000),
(894, 'PID_HOLODISK_LAUNCHER_DUO', 'Программа для производства Двухзарядного гранатомета', 'На диск записаны программы и инструкции для установки по производству высокотехнологичного оружия.', 'Container', '', 'tape3', 453, 50),
(895, 'PID_BFG', 'БФГ-9000', 'БФГ-9000 использует технологию генерации направленного потока микроволнового излучения. Эта пушка способна прожечь дыру в чем угодно и в ком угодно. Усиление: 40.', 'Топ', '', 'bfg', 10082, 35500),
(896, 'PID_HOLODISK_BFG', 'Программа для производства БФГ', 'На диск записаны программы и инструкции для установки по производству высокотехнологичного оружия.', 'Container', '', 'tape3', 453, 50),
(897, 'PID_BFG_TRANSFORM', 'Генератор микроволновых волн', 'Генератор микроволновых волн.', 'Container', '', 'bfg_gen', 1453, 5000),
(898, 'PID_HAND_LAUNCHER', 'Ручной гранатомет', 'Неплохое устройство для метания гранат 40мм.', 'Оружие', 'Метательное', 'hgrlaunch', 8000, 3500),
(900, 'PID_TURL_BOX', 'Тренога турели', 'Автоматизированная система, предназначенная для установки на неё вооружения.', 'Оружие', 'Инженерное', 'trenog', 10272, 5050),
(901, 'PID_TURL_PULT', 'Пульт', 'Электронный передатчик  очень сложной конструкции. Предназначен, для управления турелью №  @lex frequency@', 'Оружие', 'Инженерное', 'pult', 2267, 20),
(902, 'PID_ROBO_EYE', 'Робот-разведчик', 'Деактивированый робот-разведчик.', 'Оружие', 'Инженерное', 'MAFEYe', 20272, 4050),
(905, 'PID_STAN_GRENADE', 'Светозвуковая граната', 'Cпециальное средство, предназначенное для оказания светозвукового воздействия на противника.', 'Оружие', 'Метательное', 'flash', 853, 2050),
(911, 'PID_SPEC_K', 'Костюм разведчика', 'Мягкий костюм, окрашенный под цвет пустыни. Прекрасно скрывает от врага. +10 к скрытности.', 'Броня', '', 'SNROBEIN', 1371, 500),
(912, 'PID_SPEC_ARMOR', 'Специальная броня', 'Высокотехнологичная броня, облёгчённый  вариант. Специально для подразделений разведки. +20 к скрытности.', 'Броня', '', 'dsrtcai', 4071, 17500),
(913, 'PID_PIJAMA', 'Пижама', 'Стандартный костюм репликанта, в обиходе часто называемый \"пижама\". Судя по следам крови на синей материи, прежний обладатель расставаться с ним не очень хотел.', 'Броня', '', 'jumpsuit', 1000, 1),
(914, 'PID_FISH', 'Рыба', 'Рыба, содержит много фосфора.', 'Медикаменты', '', 'ryba_c', 0, 300),
(915, 'PID_BLUE_COMBAT_ARMOR', 'Боевая броня мод. II', 'Высокотехнологичная броня, изготовленная из улучшенных защитных полимеров. Синяя...', 'Броня', '', 'hfcmbtb', 9339, 18000),
(916, 'PID_BL_ROBA', 'Синяя мантия', 'Синяя мантия.', 'Броня', '', 'BOSROBEBLUEINV', 1035, 90),
(917, 'PID_KR_ROBA', 'Коричневая мантия', 'Коричневая мантия.', 'Броня', '', 'ROBEBOSPINV', 1035, 90),
(918, 'PID_GR_ROBA', 'Зелёная мантия', 'Зелёная мантия.', 'Броня', '', 'GRROBEINV', 1035, 90),
(919, 'PID_RE_ROBA', 'Красная мантия', 'Красная мантия.', 'Броня', '', 'RROBEINV', 1035, 90),
(930, 'PID_TEPLOVISOR', 'Тепловой бинокль', 'Сделан на базе датчиков из кремния, легкий, компактный, имеет крепление к шлему. Достойная замена приборам ночного видения.', 'Доп слот', '', 'infrared', 907, 2500),
(980, 'PID_MINE_PP', 'Противопехотная мина', 'Доработанная каким-то умельцем мина, наносящая урон по большей площади. Что, впрочем, снизило её мощность.', 'Разное', '', 'FragMine', 5160, 850),
(981, 'PID_MINE_PP_ACTIVE', 'Активированная противопехотная мина', 'Доработанная каким-то умельцем мина, наносящая урон по большей площади. Что, впрочем, снизило её мощность. Активирована!', 'Разное', '', 'FragMine', 5160, 850),
(982, 'PID_MINE_PLASMA', 'Плазменная мина', 'Корпус мины покрыт изъятыми из гранат капсулами с плазмой.', 'Разное', '', 'PlasmaMine', 5160, 850),
(983, 'PID_MINE_PLASMA_ACTIVE', 'Активированная плазменная мина', 'Корпус мины покрыт изъятыми из гранат капсулами с плазмой. Активирована!', 'Разное', '', 'PlasmaMine', 5160, 850),
(984, 'PID_MINE_PULS', 'Импульсная мина', 'Большая часть взрывчатки была заменена на начинку импульсных гранат.', 'Разное', '', 'PulseMine', 5160, 850),
(985, 'PID_MINE_PULS_ACTIVE', 'Активированная импульсная мина', 'Большая часть взрывчатки была заменена на начинку импульсных гранат. Активирована!', 'Разное', '', 'PulseMine', 5160, 850),
(986, 'PID_MINE_STAN', 'Светошумовая мина', 'Часть взрывчатки была заменена довоенным светошумовым составом, извлеченным из гранат, чьи свойства она унаследовала.', 'Разное', '', 'FlashMine', 5160, 850),
(987, 'PID_MINE_STAN_ACTIVE', 'Активированная светошумовая мина', 'Часть взрывчатки была заменена довоенным светошумовым составом, извлеченным из гранат, чьи свойства она унаследовала. Активирована!', 'Разное', '', 'FlashMine', 5160, 850),
(994, 'PID_IMP1', 'Имплантант I', 'Имплантант ', 'Разное', '', 'chipgre', 0, 1),
(995, 'PID_IMP2', 'Имплантант II', 'Имплантант ', 'Разное', '', 'chipred', 0, 1),
(996, 'PID_IMP3', 'Имплантант III', 'Имплантант ', 'Разное', '', 'chipyel', 0, 1),
(6781, 'PID_CAVE_CREATOR', 'Рюкзак с припасами', 'Как странно, все свои пожитки вы уместили в одном рюкзаке.', 'Разное', '', 'pack2c', 35875, 1),
(6783, 'PID_KOTW_GECK', 'GECK Мутантов', 'Карманная база для мутантов.', 'Разное', '', 'geck', 4535, 1),
(7000, 'PID_ALARM1', 'Сирена', 'Сирена сигнализации.', 'Разное', '', 'reserved', 0, 1),
(7001, 'PID_ALARM2', 'Сирена', 'Сирена сигнализации.', 'Разное', '', 'reserved', 0, 1),
(7002, 'PID_TERMINAL', 'Терминал', 'Компьютерный терминал.', 'Разное', '', 'reserved', 0, 1),
(7003, 'PID_BASERADIO', 'Рация', 'Явно одноразовая рация, задача которой - один раз передать кодированный сигнал.', 'Разное', '', 'bug', 907, 1),
(7004, 'PID_BASEKEY', 'Ключ', 'Какой-то ключ. Наверно, от квартиры, где деньги лежат', 'Разное', '', 'key5', 0, 1),
(7007, 'PID_DEN_BOTTLE_CAPS', 'Крышки от бутылок', 'Крышки от пивных бутылок, в настоящий момент исполняющие функцию универсального средства расчётов в Яме. Учитывая специфику поселения, вы предполагаете, что банки из-под джета смотрелись бы уместней, но, видимо, так оказалось удобней.', 'Valuta', '', 'botlcaps', 0, 1),
(7009, 'PID_KLAMATH_BOTTLE_CAPS', 'Шкурки мышей', 'Шкурки мышей, меченые чернилами, в настоящий момент используются в Кламате как альтернатива денег.', 'Valuta', '', 'mouse_special', 0, 1),
(7010, 'PID_REDDING_BOTTLE_CAPS', 'Банкноты', 'Странного вида банкноты, используемые в Реддинге в качестве варианта денег. Внешне мало чем отличаются от банкнот шахты \"Утренняя Звезда\", которыми хозяева рассчитываются с шахтёрами - видимо, производитель \"денег\" один и тот же.', 'Valuta', '', 'minescrp', 0, 1),
(7011, 'PID_MODOC_BOTTLE_CAPS', 'Куски браминих шкур', 'Неким образом меченые кусочки, оставшиеся от пущенных в дело браминьих шкур, используются как эквивалент денег в городе Модоке.', 'Valuta', '', 'brahmin_skin', 0, 1),
(7012, 'PID_BROKEN_HILLS_BOTTLE_CAPS', 'Кошачьи лапки', 'Картинки, вырезанные из журналов \"Кошачья лапка\" с чернильными метками на обратной стороне, используемые в качестве внутреннего расчётного средства в Брокен Хиллз. Как они могли сотворить такое с ценным довоенным изданием?!', 'Valuta', '', 'cat', 0, 1),
(7013, 'PID_KONSERVA', 'Консервы', 'Банки старых довоенных консервов. Им наверняка больше ста лет - осторожно, вы используете их на свой страх и риск!', 'Разное', '', 'jar', 10000, 100),
(7015, 'PID_SAN_FRAN_BOTTLE_CAPS', 'Кусочки шкур огненных гекко', 'Драконы - кусочки шкур огненных гекко, используемых в Сан Франциско в качестве денег', 'Valuta', '', 'fireg', 0, 1),
(7016, 'PID_SLAVE_LOCKER', 'Ошейник', 'Рабский ошейник, судя по всему, с какой-то хитрой начинкой', 'Разное', '', 'psynull', 1360, 100),
(7018, 'PID_NCR_BOTTLE_CAPS', 'Доллары НКР', 'Бумажные деньги довоенного образца с символикой Республики \"Новая Калифорния\".', 'Valuta', '', 'ncr_dollars', 0, 1),
(7019, 'PID_GECKO_BOTTLE_CAPS', 'купоны гулей гекко', 'купоны гулей гекко', 'Valuta', '', 'cheezy', 0, 1),
(7858, 'PID_TRAP_VACUUM', 'Вакуумная хлопушка', 'За счет мощного магнитного кольца внутри этого контейнера поддерживается постоянный вакуум. Но стоит повредить предохранитель, как произойдет сильный кинетический выборс.', 'Разное', '', NULL, NULL, NULL),
(7859, 'PID_TRAP_KIT', 'Набор для установки ловушек', 'Для неопытного человека все эти веревочки и баночки могут показаться простым набором хлама, но в руках подрывника он превращается в смертоносное оружие.', 'Доп слот', '', 'traps_adv_trapkit', 1260, 500),
(7867, 'PID_TRAP_TOXIC', 'Контейнер с яд. отходами', 'Герметичный контейнер, заполненный радиоактивными отходами.', 'Разное', '', NULL, NULL, NULL),
(7868, 'PID_TRAP_POISON', 'Шприц с ядом', 'Шприц со смертельным ядом.', 'Разное', '', NULL, NULL, NULL),
(7900, 'PID_HEAVY_SHIPER_RIFLE', 'Тяжелая снайперская винтовка AS50-M14', 'Прототип довоенной снайперской винтовки AS50, переделанный под патрон калибра 14мм. Несмотря на более легкий патрон, отдача при стрельбе ничуть не уменьшилась. Для точной стрельбы оружие устанавливается на сошки. Мин. сила - 8.', 'Инженер', '', 'ce_pos_light_1', 65000, 35000),
(7901, 'PID_LIGHT_SUPPORT_POS', 'Тяжелая снайперская винтовка AS50-M14', 'Прототип довоенной снайперской винтовки AS50, переделанный под патрон калибра 14мм. Оружие установлено на сошки, что значительно упрощает обращение с ним и позволяет вести прицельный огонь на огромные расстояния.  Мин. сила - 3.', 'Инженер', '', 'ce_pos_light_2', 35000, 1),
(7902, 'PID_HEAVY_MINIGUN', 'Стационарный миниган GAU-17', 'Стационарное оружие довоенных времен. Огромный миниган GAU-17, как правило, устанавливался на наземную и воздушную технику. Тем не менее, опытный инженер может установить это оружие в практически любом месте. Мин. сила - 10.', 'Инженер', '', 'ce_pos_heavy_1', 89000, 45000),
(7903, 'PID_HEAVY_SUPPORT_POS', 'Стационарный миниган GAU-17', 'Тяжелый миниган GAU-17. За счет креплений позволяет вести продолжительный и очень плотный огонь, подавляющий слабонервных. Мин. сила - 3.', 'Инженер', '', 'ce_pos_heavy_2', 45000, 1),
(7904, 'PID_PULSE_RIFLE', 'Импульсная винтовка М-41AE2', 'Прототип импульсной винтовки М-41AE2. Крайне тяжелое оружие, расчитанное для использования вместе с экспериментальной моторизованной броней МК3. Можно закрепить оружие и использовать как стационарное. Мин. сила - 8. Усиление: 40.', 'Топ', '', 'ce_pos_pulse_1', 74000, 60000),
(7905, 'PID_PULSE_SUPPORT_POS', 'Импульсная винтовка М-41AE2', 'Прототип импульсной винтовки М-41AE2 в закрепленном состоянии. За счет фиксации требует меньше силы для использования и позволяет вести прицельный огонь на большие расстояния. Мин. сила - 3. Усиление: 40.', 'Инженер', '', 'ce_pos_pulse_2', 40000, 1),
(7906, 'PID_NAILGUN', 'Гвоздомет', 'Строительный инструмент, который можно использовать как оружие.Низкая проникающая способность компенсируется простотой использования. В качестве боеприпасов используются обычные гвозди, которые в изобилии встречаются в мусоре.  Мин. сила - 1.', 'Оружие', 'Инженерное', 'ce_nailgun', 1500, 750),
(7907, 'PID_FRAG_SHOTGUN', 'Осколочная пушка', 'Тяжелый дробовик, выстреливающий по три патрона за раз, создавая тем самым мощную взрывную волну. Основное преимущество оружия - это его отбрасывающий эффект. Основной недостаток - огромная отдача. Мин. сила - 6.', 'Оружие', 'Инженерное', 'ce_frag_shotgun', 12700, 8000),
(7908, 'PID_SHAITAN', 'Шайтан-труба', 'Кустарный одноразовый гранатомет. Сделан по прототипу американского одноразового противотанкого гранатомета M72 LAW.  По факту - простая полая труба с реактивным зарядом внутри. Конструкция очень ненадежна. Использование на свой страх и риск. Мин. сила - 4.', 'Оружие', 'Инженерное', 'shaitan', 3020, 1500),
(7909, 'PID_RAD_X50', 'Ручная установка RAD-X50', 'Прототип оружия был создан одним безумным ученым из НКР. Пытаясь вылечить последствия мутации, он создал ручную установку направленного облучения. Повреждения от RAD-X50 труднее всего вылечить. При попадании наносит колоссальный радиационный  и электро-химический ожог. Громоздкость оружия позволяет загружать не более трех зарядов. Мин. сила - 3.', 'Топ', '', 'ce_radrifle', 14000, 25000),
(7910, 'PID_CE_SHOVEL', 'Инженерная Лопата', 'Улучшенная версия обычной лопаты. Самое популярное армейское оружие. Используется инженерами для возведения укреплений.', 'Оружие', 'Инженерное', 'ce_shovel', 2500, 15000),
(7911, 'PID_CE_SANDBAG_1', 'Укрепление', 'Это укрепление было возведено боевым инженером.', 'Инженер', '', 'SNDBGINV', 42000, 1),
(7912, 'PID_CE_SANDBAG_2', 'Укрепление', 'Это укрепление было возведено боевым инженером.', 'Инженер', '', 'SNDBGINV', 248000, 1),
(7913, 'PID_CE_SANDBAG_3', 'Укрепление', 'Это укрепление было возведено боевым инженером.', 'Инженер', '', 'SNDBGINV', 360000, 1),
(7914, 'PID_CE_SANDBAG_4', 'Укрепление', 'Это укрепление было возведено боевым инженером.', 'Инженер', '', 'SNDBGINV', 250000, 1),
(7915, 'PID_CE_SANDBAG_5', 'Укрепление', 'Это укрепление было возведено боевым инженером.', 'Инженер', '', 'SNDBGINV', 300000, 1),
(7916, 'PID_NAILS', 'Гвозди', 'Строительный материал. Можно использовать в гвоздомете как боеприпас.', 'Боеприпасы', '', 'ce_nails', 2, 5),
(7917, 'PID_GASLASER', 'Газолазерный резак', 'Ручная установка индуцированного излучения. Используется для резки металла и твердых пород. \"Внимание! Не допускайте попадания под луч работников цеха!\" Мин. сила - 8.', 'Оружие', 'Инженерное', 'ce_gaslaser', 16800, 14700),
(7918, 'PID_C_NAILGUN', 'Боевой гвоздомет', 'От строительного инструмента остался только принцип действия и боеприпасы. Полноценное боевое оружие, способное пробить даже кевлар. Иногда. Мин. сила - 2.', 'Оружие', 'Инженерное', 'ce_c_nailgun', 4100, 8900),
(7920, 'PID_CUSTOM_ARMOR', 'Сборная броня', 'Конструкция брони была специально разработана для добавления в нее разнообразных защитных модулей. В изначальном виде почти не защищает. Т.к. модули внешние, износ почти не сказывается на защитных свойствах.', 'Броня', '', 'armor_adv_a_0', 4500, 700),
(7921, 'PID_CA_TACTICAL', 'Тактическая броня', 'Броня, специально разработанная для серьезных боевых действий. Имеет превосходный показатель защиты от физического воздействия. Несмотря на свой немалый вес, она практически не стесняет движений. Дополнительно, имеет в одном из отделений рацию.', 'Броня', '', 'armor_adv_a_normal', 18000, 7000),
(7922, 'PID_CA_FFL', 'FFL костюм', 'FFL - Forcefield Lasertype. Усиленный специально отрегулированными катушками тесла, этот боевой костюм генерирует постоянное силовое поле, способное погасить более 80% прямого лазерного попадания. Очень легкий, в сравнении со своим прародителем - броней Тесла.', 'Броня', '', 'armor_adv_a_laser', 7800, 12000),
(7923, 'PID_CA_FFP', 'FFP костюм', 'FFP - Forcefield Plasmatype. Усиленный специально отрегулированными катушками тесла, этот боевой костюм генерирует постоянное силовое поле, способное погасить более 80% прямого попадания сгустка плазмы. Очень легкий, в сравнении со своим прародителем - броней Тесла.', 'Броня', '', 'armor_adv_a_plasma', 7800, 12000),
(7924, 'PID_CA_FIREPROOF', 'Огнеупорная броня', 'Большая часть брони состоит из прочной огнеупорной ткани. ', 'Броня', '', 'armor_adv_a_fire', 8600, 6000),
(7925, 'PID_CA_FFE', 'FFE костюм', 'FFE - Forcefield EMPtype. Усиленный специально отрегулированными катушками тесла, этот боевой костюм генерирует постоянное силовое поле, способное погасить более 80% ЭМИ-волны. Очень легкий, в сравнении со своим прародителем - броней Тесла.', 'Броня', '', 'armor_adv_a_emp', 7800, 12000),
(7926, 'PID_CA_EOD', 'EOD броня', 'EOD - Explosive Ordnance Disposal. Особая модель боевой брони, разработанная для проведения саперных операций в полевых условиях. Способна погасить воздействие взрывной волны даже если сапер находится в эпицентре взрыва. Очень тяжелая и сильно сковывает движения. Имеет встроенную рацию.', 'Броня', '', 'armor_adv_a_explode', 36000, 9000),
(7927, 'PID_CAI_AIV', 'Защитная пластина', 'Модуль класса А-IV. Используется для добавления к сборной броне. Обеспечивает дополнительную защиту от физического воздействия.', 'Доп слот', '', 'armor_adv_i_shell', 4000, 700),
(7928, 'PID_CAI_FIRE', 'Огнеупорная ткань', 'Этот материал  был подвергнут сложной химической обработке. Уровень проводимости тепла практически нулевой.', 'Доп слот', '', 'armor_adv_i_firefiber', 2500, 700),
(7929, 'PID_CAI_FFL', 'Катушка Тесла (FFL)', 'Извлеченная из брони Тесла катушка, которая после некоторых манипуляций была выкручена на максимальное сопротивление воздействию лазерного излучения.', 'Доп слот', '', 'armor_adv_i_tesla_laser', 1000, 2000),
(7930, 'PID_CAI_FFP', 'Катушка Тесла (FFP)', 'Извлеченная из брони Тесла катушка, которая после некоторых манипуляций была выкручена на максимальное сопротивление воздействию раскаленной плазмы.', 'Доп слот', '', 'armor_adv_i_tesla_plasma', 1000, 2000),
(7931, 'PID_CAI_FFE', 'Катушка Тесла (FFE)', 'Извлеченная из брони Тесла катушка, которая после некоторых манипуляций была выкручена на максимальное сопротивление воздействию электро-магнитного импульса.', 'Доп слот', '', 'armor_adv_i_tesla_emp', 1000, 2000),
(7932, 'PID_CAI_EOD', 'Комплект активной брони', 'Набор маленьких мешков, заполненных песком. Используются для подвешивания на сборную броню. Уменьшают повреждения от взрывной волны.', 'Доп слот', '', 'armor_adv_i_sandshell', 6000, 500),
(7933, 'PID_CAI_MODULE', 'Защитный модуль', 'Дополнительный защитный модуль. С его помощью можно установить на сборную бронь еще один защитный элемент.', 'Броня', '', 'armor_adv_i_abell', 3000, 15000),
(7940, 'PID_DRUG_PACK', 'Комплект инъекций', 'В этом шприце собран концентрат из различных наркотиков.', 'Медикаменты', '', 'mutasyrm', 100, 1000),
(7941, 'PID_DRUG_PACK_EMPTY', 'Комплект инъекций (пустой)', 'В этом шприце можно  собрать концентрат из различных наркотиков.', 'Медикаменты', '', 'hypo01', 100, 1000),
(7942, 'PID_CAMO', 'Камуфляжная сетка', 'Пустынная камуфляжная сетка, которая делает Вас почти невидимым. При условии, что Вы сохраняете неподвижность.', 'Доп слот', '', 'slot_camo', 6000, 8000),
(7950, 'PID_ASH_14', 'АШ-14', 'Модификация коммунистического крупнокалиберного автомата АШ-12 под менее редкий тяжелый патрон 14 мм. Мин. сила: 5', 'Топ', '', 'ash-14', 10900, 12700),
(7951, 'PID_14MM_SN', '14 мм СН', 'Боеприпасы крупного калибра. 14 мм, снайперские.', 'Боеприпасы', '', '14mmsn', 45, 100),
(7952, 'PID_14MM_EXPL', '14 мм разр.', 'Боеприпасы крупного калибра. 14 мм, разрывные.', 'Боеприпасы', '', '14mmexpl', 55, 120),
(7953, 'PID_2MM_MAG', 'Иглы 2 мм маг.', 'Намагниченные боеприпасы 2 мм.', 'Боеприпасы', '', '2MMMG', 9, 80),
(7954, 'PID_HK_NEEDLER_POISON', 'Отр. боеприпасы для инжектора', 'Вид боеприпасов. Судя по всему, это боеприпасы для пистолета-инъектора. Каждая \"пуля\" представляет собой маленький шприц, заполненный смертельным ядом.', 'Боеприпасы', '', 'HNNeedlerCartridge_poison', 15, 90),
(7955, 'PID_45_AP', 'Патроны калибра 0,45 ББ', 'Вид боеприпасов. Калибр 0,45. Бронебойные.', 'Боеприпасы', '', '45cal_sp', 75, 15),
(7956, 'PID_12MM_FIRE', 'Патроны 12 калибр, зажиг.', 'Вид боеприпасов для дробовика. Каждый патрон содержит капсулу с воспламеняющимся составом.', 'Боеприпасы', '', '12fire', 30, 90),
(7957, 'PID_12MM_BULL', 'Патроны 12 калибр, пуля', 'Вид боеприпасов для дробовика. Каждый патрон содержит вместо дроби крупный стальной шар.', 'Боеприпасы', '', '12bull', 90, 75),
(7958, 'PID_10MM_HYDRA', '10 мм гидра', 'Вид боеприпасов. Калибр: 10 мм, гидра.', 'Боеприпасы', '', '10mm_hydra', 24, 60),
(7959, 'PID_10MM_APFIRE', '10 мм ББ зажиг.', 'Вид боеприпасов. Калибр: 10 мм, бронебойно-зажигательные.', 'Боеприпасы', '', '10mm_bbfire', 24, 85),
(7960, 'PID_MORTIER', 'Миномет', 'Переносное артиллерийское орудие калибра 80мм. Используется для поражения целей на дальних дистанциях. Мин. дальность: 40. Макс. дальность: 100. Мин. сила: 7.', 'Mortier and foxholes', '', 'adv_w_mortier', 0, 1),
(7961, 'PID_80MM_AMMO', 'Мина - 80 мм (ОФ)', 'Осколочно-фугасная минометная мина с контактным взрывателем. Калибр: 80мм.', 'Боеприпасы', '', 'adw_w_mortier_ammo', 2500, 1600),
(7962, 'PID_MORTIER_UNDEP', 'Миномет', 'Переносное артиллерийское орудие калибра 80мм. Используется для поражения целей на дальних дистанциях. Мин. дальность: 40. Макс. дальность: 100. Мин. сила: 7. Требуется установка.', 'Mortier and foxholes', '', 'adv_w_mortier', 16400, 16400),
(7964, 'PID_NAPALM', 'Напалм-В', 'Напалм на основе полистирола, прилипающий даже к влажным поверхностям. Был разработан в США в период войны во Вьетнаме. Характеризуется высокой интенсивностью и температурой горения (+1200..+1500 С). Особ.: поджигает все.', 'Боеприпасы', '', 'fuel_napalm', 1860, 2300),
(8007, 'PID_PASGT_HELM', 'PASGT шлем', 'Бронешлем армии США образца 1980 года. Выполнен из органотекстолита на основе кевларовой ткани. Отлично защищает от попаданий в голову, но, к сожалению, не вечен.', 'Доп слот', '', 'slot_pasgt', 1849, 4600),
(8008, 'PID_ASSAULT_VEST', 'Разгрузочный жилет LBV88', 'Load-Bearing Vest M-1988, разработан в США после вьетнамского конфликта как альтернатива системе ALICE. Разгрузочный жилет позволяет лучше распределить снаряжение и держать все необходимое под рукой. Бонус: Улучш. оптимизация.', 'Доп слот', '', 'slot_lbv', 2809, 6490),
(8009, 'PID_MECH_ARM', 'Механический усилитель', 'Съемный механический протез, позволяющий поднимать и фиксировать тяжелые предметы с минимальными усилиями. Бонус: +3 силы при проверке точности оружия. -1 ловкость.', 'Доп слот', '', 'mech_arm', 5497, 8950),
(8010, 'PID_HAZARD_SUIT', 'Костюм хим.защиты', 'Экипировка для проведения работы в условиях агрессивной окружающей среды. Оснащена стандартной маской M17 и универсальным РХБ-костюмом. К сожалению, воздушные фильтры пришли в негодность, но маска все еще неплохо защищает. Бонусы: иммунитет к контактному отравлению и радиации.', 'Доп слот', '', 'slot_bhsuit', 5640, 7230),
(8016, 'PID_SCOUT_CONTROLLER', 'Пульт управления роботом', 'Этот небольшой пульт оснащен графическим интерфейсом для управления роботами серии \"Скаут\" и \"Защитник\".', 'Оружие', 'Инженерное', 'scoutpult', 3500, 1000),
(8017, 'PID_CASE_BROWN', 'Запертый чемоданчик', 'Похоже на чьи-то личные вещи.', 'New lockers', '', 'bcase2a', 4768, 1000),
(8018, 'PID_CASE_METAL', 'Запертый металлический кейс', 'Тяжелый металлический кейс с массивным аналоговым замком. Что бы ни лежало внутри, оно должно быть чертовски ценным.', 'New lockers', '', 'rambox1', 6891, 2500),
(8019, 'PID_CASE_ELECTRONIC', 'Контейнер с электронным замком', 'Тяжелый герметичный контейнер, запечатанный по последнему слову техники. Можно до самой старости пытаться подобрать пароль, но лучше воспользоваться подходящим инструментом.', 'New lockers', '', 'case_elec', 7924, 1),
(8030, 'PID_CHEM_ACID', 'Кислота', 'Опасное химическое соединение. Можно использовать для проведения сложных хим. реакций. Судя по вкусу - это HNO3 или H2SO4.', 'Крафт Tech', '', 'chem_acid', 800, 1800),
(8031, 'PID_CHEM_NITROGEN', 'Жидкий азот', 'Герметичный бак с отличной замораживающей жидкостью. Можно использовать для криогенной резки или криоконсервации.', 'Крафт Tech', '', 'chem_azot', 1740, 3450),
(8032, 'PID_CHEM_ETHANOL', 'Этанол', 'Технический спирт - 99%. Для наружного применения. Только! для наружного применения.', 'Крафт Tech', '', 'chem_ethanol', 900, 650),
(8033, 'PID_CHEM_CATALYST', 'Катализатор', 'Какое-то химическое вещество, которое усиливает и ускоряет химическую реакцию, но не входит в состав итогового продукта реакции.', 'Крафт Tech', '', 'chem_catalyst', 750, 2460),
(8034, 'PID_CHEM_REACTIVE', 'Реактивы', 'Набор химических соединений разной сложности и степени чистоты. Часть из них имеет маркировку \"технический\". Ядовиты, взрывоопасны и легко воспламеняются.', 'Крафт Tech', '', 'chem_reactive', 600, 8790),
(8035, 'PID_CHEM_TRITIY', 'Тритий', 'Контейнер, внутри которого содержится целых 2 грамма сверхтяжелого радиоактивного изотопа водорода.', 'Крафт Tech', '', 'chem_toxic_can', 3650, 24600),
(8036, 'PID_CHEM_WATERCLEANER', 'Водоочистители', 'Специальные таблетки для очистки пресной воды от вредных примесей.', 'Крафт Tech', '', 'chem_water_cleaner', 120, 790),
(8037, 'PID_CHEM_WATER_CLEAN', 'Бутыль с чистой водой', 'В этой бутылке содержится самое дорогое, что есть в Пустоши - пресная вода, полностью очищенная от радиоактивных элементов и вредных примесей.', 'Крафт Tech', '', 'chem_water_clean', 500, 2000),
(8038, 'PID_CHEM_LAB', 'Переносная хим. лаборатория', 'Набор для проведения химических реакций. Включает в себя газовую горелку, пиалки, колбы, что-то еще.', 'Крафт Tech', '', 'chem_labware', 5720, 9720),
(8039, 'PID_CHEM_BURNER', 'Горелка Бунзена', 'Газовая горелка, имеющая инжектор, установленный в металлической трубке с отверстиями для поступления воздуха. Отличный инструмент для быстрого нагрева веществ.', 'Крафт Tech', '', 'chem_burner', 2210, 3740),
(8040, 'PID_CHEM_MEDS_WEAK', 'Мед. препараты', 'Обычные лекарства и витамины, некогда свободно продаваемые в аптеках США. Помогают от кашля, мигрени, изжоги и т.д. Можно принимать горстями.', 'Крафт Tech', '', 'chem_vitamins', 140, 1470),
(8041, 'PID_CHEM_MEDS_HARD', 'Мощные мед. препараты', 'Редкие сильнодействующие средства, используемые в медицине, чтобы угробить болезнь вместе со всем остальным организмом. Почти все имеют сильные побочные эффекты или вызывают зависимость.', 'Крафт Tech', '', 'chem_meds', 140, 7690),
(8042, 'PID_EL_ACCUMULATOR', 'Аккумулятор', 'Обычный электрический аккумулятор, вырабатывающий ток за счет циклических химических процессов. Безотказность подтверждается столетиями.', 'Крафт Tech', '', 'el_accumulator', 4980, 3200),
(8043, 'PID_EL_BATTERY', 'Элемент питания', 'Гальванический элемент, способный выдавать небольшое количество энергии.', 'Крафт Tech', '', 'el_battery', 330, 240),
(8044, 'PID_EL_CONDENSATS', 'Конденсаторы', 'Небольшие емкости для накопления заряда и энергии электрического поля.', 'Крафт Tech', '', 'el_condensat', 600, 125),
(8045, 'PID_EL_PLASM_CONDENSAT', 'Плазменный конденсатор', 'В отличие от обычных конденсаторов, этот способен накапливать энергию плазменной реакции. ', 'Крафт Tech', '', 'el_condensat2', 120, 6120),
(8046, 'PID_EL_COOLANT', 'Система охлаждения', 'Универсальная плата охлаждения с программируемыми термодатчиками. Может эффективно работать как на конкретный элемент, так и на все оборудование целиком.', 'Крафт Tech', '', 'el_coolant', 1320, 3890),
(8047, 'PID_EL_INTERFACE', 'Интерфейс', 'Небольшой экран с программируемой платой. Позволяет выводить нужную информацию и управлять подключенными к нему системами.', 'Крафт Tech', '', 'el_interface', 250, 11600),
(8048, 'PID_EL_MICROCHIPS', 'Микрочипы', 'Интегральные логические и технические схемы на полупроводниковой подложке и в неразборном пластиковом корпусе. ', 'Крафт Tech', '', 'el_microchips2', 240, 3150),
(8049, 'PID_EL_CPLD', 'П.Л.И.С.', 'Программируемая Логическая Интегральная Схема. Используется для создания электронных схем высокой сложности.', 'Крафт Tech', '', 'el_microchips', 15, 8900),
(8050, 'PID_EL_MICROPROC', 'Микропроцессор', 'Интегральная схема, исполняющая программный код за счет встроенных вычислительных и логических мощностей. Главная аппаратная часть любого компьютера или программируемого контроллера.', 'Крафт Tech', '', 'el_microproc', 280, 14100),
(8051, 'PID_EL_PULSE_TRANS', 'Импульсный трансформатор', 'Устройство для преобразования импульсных и электрических сигналов.', 'Крафт Tech', '', 'el_pulse_trans', 600, 1400),
(8052, 'PID_EL_ROBOT_HAND', 'Мунипулятор робота', 'Подвижная конечность робота. Низкая скорость выполнения операций компенсируется их высокой точностью.', 'Крафт Tech', '', 'el_robot_arm', 3800, 4960),
(8053, 'PID_EL_ROBOT_CP', 'Ц.П.Р.', 'Центральный Процессор Робота. Если Дух Машины существует, то он где-то тут.', 'Крафт Tech', '', 'el_robot_parts', 6780, 16980),
(8054, 'PID_EL_CABLE', 'Экранированные кабели', 'Эти провода имеют дополнительную обмотку из фольги и меди и заключены в слой сплошной электропроводящей резины.', 'Крафт Tech', '', 'el_wires', 240, 1980),
(8055, 'PID_MET_ARAMID_FABRIC', 'Арамидная ткань', 'Синтетическое волокно высокой механической и термической прочности.', 'Крафт Tech', '', 'met_aramid_fabric', 1800, 2380),
(8056, 'PID_MET_COMPOSITE_SHEET', 'Композитная броня', 'Многослойная броня из стали и керамических элементов. Обеспечивает высочайшую защиту от физического воздействия.', 'Крафт Tech', '', 'met_armored_steel', 6590, 3170),
(8057, 'PID_MET_BALLISTIC_METALL', 'Баллистический сплав', 'Пластины особой легированной стали, предназначенные для производства пуль и качественного оружия.', 'Крафт Tech', '', 'met_ballistic_steel', 6400, 2350),
(8058, 'PID_MET_PLUMBUM', 'Свинец', 'Легкоплавкий металл, получаемый из руды с содержанием галенита.', 'Крафт Tech', '', 'met_plumbum', 5910, 940),
(8059, 'PID_MET_CARBON_FIBER', 'Карбоновая ткань', 'Углепластик. Легкий, жесткий, прочнее стали, но очень дорогой в производстве.', 'Крафт Tech', '', 'met_carbon_fiber_roll', 1760, 6120),
(8060, 'PID_MET_CARBITEX', 'Карбитекс', 'Сверхпрочный углепластик на основе углеродных нанотрубок. Технология производства утеряна безвозвратно.', 'Крафт Tech', '', 'met_carbitex', 890, 12860),
(8061, 'PID_MET_KEVLAR_FIBER', 'Кевларовая ткань', 'Пара-арамидное волокно. По своим характеристикам в пять раз прочнее стали. Основной материал для производства средств индивидуальной защиты.', 'Крафт Tech', '', 'met_kevlar_fiber', 1690, 4400),
(8062, 'PID_MET_PLASTIC', 'Пластик', 'Гранулированные пластмассы на основе синтетических полимеров. Способны принять любую форму при нагреве и сохранять ее после охлаждения.', 'Крафт Tech', '', 'met_plastic', 50, 120),
(8063, 'PID_MET_LEATHER', 'Дубленая кожа', 'Выделанная кожа, пригодная для производства одежды.', 'Крафт Tech', '', 'met_leather', 4130, 560),
(8064, 'PID_MET_WIRES_COPPER', 'Медная проволока', 'Моток тонкой медной нити.', 'Крафт Tech', '', 'met_wires_copper', 450, 145),
(8065, 'PID_MET_WIRES_STEEL', 'Стальная проволока', 'Моток тонкой стальной нити.', 'Крафт Tech', '', 'met_wires_steel', 780, 350),
(8066, 'PID_MET_BARRELS_A1', 'Ствольные заготовки А1', 'Полые цилиндры из оружейного сплава. Используются для создания нарезного и гладкоствольного оружия малого калибра.', 'Крафт Tech', '', 'met_barrels_pipes', 3910, 2540),
(8067, 'PID_MET_BARRELS_A2', 'Ствольные заготовки А2', 'Заготовки из высококачественного металла. Подходят для создания оружия как малого, так и крупного калибра.', 'Крафт Tech', '', 'met_barrels_pipes2', 2920, 6740),
(8068, 'PID_MET_SHELLS_PISTOL', 'Гильзы', 'Обычные гильзы под пистолетные пули калибра 10мм и 9мм. Также подойдут для снаряжения старых патронов калибра 0.45', 'Крафт Tech', '', 'met_bullets_pistol', 250, 100),
(8069, 'PID_MET_SHELLS_MAGNUM', 'Гильзы \"Магнум\"', 'Тяжелые гильзы под пистолетные пули калибра 0.44 \"Магнум\".', 'Крафт Tech', '', 'met_bullets_pistol2', 240, 120),
(8070, 'PID_MET_SHELLS_223', 'Винтовочные гильзы', 'Гильзы под распространенные пули калибра .223', 'Крафт Tech', '', 'met_bullets_rifle', 290, 165),
(8071, 'PID_MET_SHELLS_762', 'Автоматные гильзы', 'Гильзы под пули калибра 7.62 НАТО.', 'Крафт Tech', '', 'met_bullets_rifle2', 210, 175),
(8072, 'PID_MET_SHELLS_5MM', 'Пулеметные гильзы', 'Мелкие гильзы под пули калибра 5мм.', 'Крафт Tech', '', 'met_bullets_rifle3', 150, 125),
(8073, 'PID_MET_SHELLS_14MM', 'Тяжелые гильзы', 'Крупнокалиберные гильзы для тяжелых винтовочных пуль 14мм.', 'Крафт Tech', '', 'met_bullets_rifle4', 340, 350),
(8074, 'PID_MET_SHELLS_12CAL', 'Капсюли 12 кал.', 'Капсюли-воспламенители для гладкоствольного оружия 12-го калибра.', 'Крафт Tech', '', 'met_bullets_shotgun', 470, 130),
(8075, 'PID_MET_AMMOBELT', 'Патронная лента', 'Разъёмно-звеньевая лента для боепитания пулеметного или автоматического оружия.', 'Крафт Tech', '', 'met_machinegun_lents', 290, 50),
(8076, 'PID_OPT_LENS', 'Линзы', 'Набор стеклянных и пластиковых линз разных диоптрий.', 'Крафт Tech', '', 'opt_lens', 100, 300),
(8077, 'PID_OPT_SCOPE_OLD', 'Оптический прицел', 'Простой телескопический снайперский прицел.', 'Крафт Tech', '', 'opt_old', 760, 450),
(8078, 'PID_OPT_SCOPE_ELEC', 'Электронный прицел', 'Прицел с системой aimpoint и автофокусом. Обеспечивает очень быстрое наведение и практически не сужает поле обзора стрелка.', 'Крафт Tech', '', 'opt_elec', 440, 2750),
(8079, 'PID_OPT_SCOPE_LRT', 'Прицел M4.LRT', 'Снайперский телескопический прицел, воссозданный по довоенной схеме LR/T. Снабжен светофильтрами и имеет запас прочности армейского стандарта. ', 'Крафт Tech', '', 'opt_lrt', 1280, 6970),
(8080, 'PID_OPT_LENS_ELEC', 'Электронная линза', 'Пластиковая линза со встроенным проектором и интегральной схемой. Подходит для создания сложных сенсоров и систем наблюдения.', 'Крафт Tech', '', 'opt_hi-tech', 780, 9180),
(8081, 'PID_TECH_MECHANISM', 'Механизмы', 'Небольшие элементы для создания аппаратов и приборов произвольной степени свободы. ', 'Крафт Tech', '', 'tech_mechanisms', 480, 220),
(8082, 'PID_TECH_MOVE_PARTS', 'Подвижные части', 'Особые гибкие конструкции, передающие механчиеское движение по произвольной траектории.', 'Крафт Tech', '', 'tech_mech_parts', 680, 490),
(8083, 'PID_TECH_ENGINE_SMALL', 'Малый электродвигатель', 'Трехфазный асинхронный двигатель переменного тока малой мощности.', 'Крафт Tech', '', 'tech_small_engine2', 640, 1320),
(8084, 'PID_TECH_ENGINE_MID', 'Электродвигатель', 'Универсальный коллекторный электродвигатель повышенной мощности.', 'Крафт Tech', '', 'tech_small_engine', 3400, 3480),
(8085, 'PID_TECH_ENGINE_GUN', 'Оружейный электродвигатель', 'Специальный электродвигатель для автоматического оружия сестемы \"Гатлинг\".', 'Крафт Tech', '', 'tech_gun_engine', 3140, 5730),
(8086, 'PID_TECH_GATLING_CLUTCH', 'Пулеметная муфта', 'Устройство для передачи вращающего момента в шестиствольных пулеметах системы \"Гатлинг\".', 'Крафт Tech', '', 'tech_clutch', 1390, 3710),
(8087, 'PID_TECH_DELINKER', 'Делинкер', 'Устройство для отделения пули от ленты и ее подготовки к стрельбе. Также отвечает за выброс отсрелянной гильзы или заевшего патрона.', 'Крафт Tech', '', 'tech_feeder_delinker', 2130, 4160),
(8088, 'PID_TECH_GCU', 'С.У.О.', 'Система Управления Огнем. Аналогово-электронная деталь для регулировки режима стрельбы в сложном автоматическом оружии.', 'Крафт Tech', '', 'tech_gun_control_unit', 1490, 2290),
(8089, 'PID_TECH_GATLING_GRIP', 'Пусковой механизм \"Гатлинг\"', 'Рукоять для тяжелого пулемета системы \"Гатлинг\". Имеет две кнопки, которые выполняют роль курков. После небольших манипуляций с ответкой, рукоять можно сделать одноручной.', 'Крафт Tech', '', 'tech_spade_grips', 1130, 980),
(8090, 'PID_TRIGGER_SEMIAUTO', 'УСМ - полуавто.', 'Стандартный ударно-спусковой механизм для неавтоматического и полуавтоматического огнестрельного оружия.', 'Крафт Tech', '', 'tech_lower_semiauto', 240, 320),
(8091, 'PID_TRIGGER_AUTO', 'УСМ - авто.', 'Стандартный ударно-спусковой механизм для непрерывного огня из автоматического огнестрельного оружия.', 'Крафт Tech', '', 'tech_lower_auto', 320, 640),
(8092, 'PID_TRIGGER_SHOT', 'УСМ - одиноч.', 'Высококачественный ударно-спусковой механизм для одночного огня из крупнокалиберных винтовок.', 'Крафт Tech', '', 'tech_lower_best', 360, 7220),
(8093, 'PID_TRIGGER_ELECTRO', 'СМ - электр.', 'Электронный спусковой механизм с программируемой схемой для оружия немеханического типа.', 'Крафт Tech', '', 'tech_lower_electro', 280, 1260),
(8094, 'PID_TECH_LASER', 'Лазер', 'Химический кислородно-иодный лазер (COIL). Используется как в вооружении, так и в промышленности. Данная версия - что-то вроде гражданской игрушки для резки по металлу.', 'Крафт Tech', '', 'tech_laser_gas', 1340, 2190),
(8095, 'PID_POW_CUBE_LASER', 'Накопитель лазерной энергии', 'Блок элементов питания для трансформации и усиления лазерного излучения.', 'Крафт Tech', '', 'pow_nuclear_cube_r', 890, 2600),
(8096, 'PID_POW_CUBE_PLASMA', 'Накопитель плазменной энергии', 'Блок элементов питания для трансформации и усиления плазменного потока.', 'Крафт Tech', '', 'pow_nuclear_cube_g', 890, 4380),
(8097, 'PID_POW_CUBE_PULSE', 'Накопитель импульсной энергии', 'Блок элементов питания для трансформации и усиления импульсного излучения.', 'Крафт Tech', '', 'pow_nuclear_cube_b', 890, 4380),
(8098, 'PID_POW_CELL_LASER', 'Химический усилитель', 'Катализатор, усиливающий и ускоряющий химические реакции для получения лазерного излучения.', 'Крафт Tech', '', 'pow_power_cells_r', 1340, 3460),
(8099, 'PID_POW_CELL_PLASMA', 'Ионизатор', 'Особый химический состав, усиливающий и ускоряющий процесс ионизации газа. В результате, плазма получается гуще, толще и горячее.', 'Крафт Tech', '', 'pow_power_cells_g', 1680, 4210),
(8100, 'PID_POW_CELL_PULSE', 'Полупроводник', 'Химический состав, регулирующий силу электро-магнитного импульса.', 'Крафт Tech', '', 'pow_power_cells_b', 890, 4210),
(8101, 'PID_IMP1_EMPTY', 'Имплант I (пустой)', 'Универсальный пустой модуль первого поколения для имплантации.', 'Крафт Tech', '', 'laser_smg', 2344, 2100),
(8102, 'PID_IMP2_EMPTY', 'Имплант II (пустой)', 'Универсальный пустой модуль второго поколения для имплантации.', 'Крафт Tech', '', 'laser_rifle_auto', 6443, 6000),
(8103, 'PID_IMP3_EMPTY', 'Имплант III (пустой)', 'Универсальный пустой модуль третьего поколения для имплантации.', 'Крафт Tech', '', NULL, NULL, NULL),
(8104, 'PID_LASER_SMG', 'Лазерный пистолет-пулемет', 'Модификация гражданской модели лазерного пистолета 1000-Ватт. Емкость магазина расширена, а ограничитель автоматической стрельбы снят. Мин. сила: 3.', 'Оружие', 'Энерго', 'laser_smg', NULL, NULL),
(8105, 'PID_LASER_RIFLE_AUTO', 'Лазерное ружье (авто)', 'Лазерное ружье 2000-Ватт. Благодаря дополнительным накопителям и катализаторам, ружье превратилось в полноценную автоматическую винтовку. Мин. сила: 6.', 'Оружие', 'Энерго', 'laser_rifle_auto', NULL, NULL),
(8106, 'PID_THROWING_KNIFE_MK2', 'Метательный нож МК2', 'Легкий метательный нож из качественной баллистической стали. Мин. сила: 1.', 'Оружие', 'Метательное', NULL, NULL, NULL),
(8107, 'PID_HEAVY_SUPPORT_POS_RBK', 'Стационарный миниган GAU-17', 'Тяжелый миниган GAU-17. За счет креплений к РБК позволяет вести продолжительный и очень плотный огонь, подавляющий слабонервных. Мин. сила - 3.', 'Инженер', '', NULL, NULL, NULL),
(8108, 'PID_LIGHT_SUPPORT_POS_RBK', 'Тяжелая снайперская винтовка AS50-M14', 'Прототип довоенной снайперской винтовки AS50, переделанный под патрон калибра 14мм. Мин. сила - 3.', 'Инженер', '', NULL, NULL, NULL),
(8109, 'PID_PULSE_SUPPORT_POS_RBK', 'Импульсная винтовка М-41AE2', 'Прототип импульсной винтовки М-41AE2. За счет фиксации требует меньше силы для использования и позволяет вести прицельный огонь на большие расстояния. Мин. сила - 3. Усиление: 40.', 'Инженер', '', NULL, NULL, NULL),
(8110, 'PID_MUT_ARMOR_LEATHER', 'Кожаная куртка мутанта', 'Специальная модификация кожаной куртки.', 'Броня', '', 'mut_a_l', NULL, NULL),
(8111, 'PID_MUT_ARMOR_COMBAT', 'Кустарная броня Мутанта', 'Копия стандартной армейской боевой брони предвоенных лет, переделаная под мутанта. Тяжела, защищает не так хорошо, но может отпугнуть одним своим видом.', 'Броня', '', 'mlrarmr', NULL, NULL),
(8112, 'PID_MUT_ARMOR_COMBAT_II', 'Кустарная броня Мутанта мод.II', 'Специальная модификация боевой брони мутанта. Еще тяжелее и прочнее оригинала.', 'Броня', '', 'mlrarmr', NULL, NULL),
(8113, 'PID_MUT_ARMOR_PA', 'Силовая броня мутанта МК-I', 'Силовая броня из улучшенных защитных полимеров.', 'Броня', '', 'mut_a_pa', NULL, NULL),
(8114, 'PID_MUT_ARMOR_PA_II', 'Силовая броня мутанта МК-II', 'Силовая броня из высокотехнологичных защитных полимеров.', 'Броня', '', 'mut_a_apa', NULL, NULL),
(8115, 'PID_MUT_ARMOR_TESLA', 'Броня-тесла Мутанта', 'Эта блестящая броня обеспечивает лучшую защиту против энергетической атаки. Три электромагнитных уловителя Тесла частично рассеивают направленные энергетические удары.', 'Броня', '', 'mut_a_tesl', NULL, NULL),
(8116, 'PID_MUT_ARMOR_SPEC', 'Специальная броня Мутанта', 'Высокотехнологичная броня мутанта, облёгчённый вариант. Специально для подразделений разведки.', 'Броня', '', 'mut_a_l', NULL, NULL),
(8117, 'PID_MUT_ARMOR_RBK', 'РБКМ', 'Роботизированный броне костюм мутанта. Изготовлен из деталей робота. Имеет ограничение по используемому вооружению.', 'Броня', '', 'itrobo', NULL, NULL),
(8118, 'PID_MUT_ARMOR_RBK_II', 'РБКМ II', 'Роботизированный броне костюм мутанта мод II. Облегчённая версия. Изготовлен из деталей робота. Имеет ограничение по используемому вооружению.', 'Броня', '', 'citrobo', NULL, NULL),
(8119, 'PID_WIRE', 'Колючая проволока', 'Моток колючей проволоки.', 'Крафт Tech', '', NULL, NULL, NULL),
(8120, 'PID_LITERATURE_BOOK', 'Довоенная книга', 'Относительно уцелевший экземпляр довоенной литературы.', 'Разное', '', NULL, NULL, NULL),
(8121, 'PID_CAMPFIRE', 'Костер', 'Обыкновенный костер.', 'Оружие', '', NULL, NULL, NULL),
(8122, 'PID_NAILS_BIG', 'Тяжелые гвозди', 'Специальные строительные гвозди для бетонных конструкций. Выполнены из высокопрочных сплавов.', 'Боеприпасы', '', 'ce_nails', NULL, NULL),
(0, 'PID_NULL', 'NULL', 'Этого предмета нет в безе данных', 'keys', '', 'donotuse', 0, 0);

-- --------------------------------------------------------

--
-- Структура таблицы `perks`
--
-- Создание: Янв 18 2017 г., 01:55
-- Последнее обновление: Июл 21 2017 г., 02:07
-- Последняя проверка: Июл 21 2017 г., 02:07
--

DROP TABLE IF EXISTS `perks`;
CREATE TABLE `perks` (
  `id` smallint(6) NOT NULL,
  `pid` varchar(50) COLLATE utf8_unicode_ci NOT NULL,
  `name` varchar(50) COLLATE utf8_unicode_ci NOT NULL
) ENGINE=MyISAM DEFAULT CHARSET=utf8 COLLATE=utf8_unicode_ci;

--
-- Дамп данных таблицы `perks`
--

INSERT INTO `perks` (`id`, `pid`, `name`) VALUES
(1, 'PE_RATING', 'Рейтинг'),
(2, 'KARMA_MARRIED', 'Бронник'),
(3, 'KARMA_BERSERKER', 'Оружейник'),
(4, 'KARMA_CHAMPION', 'Механик'),
(5, 'KARMA_SEPARATED', 'Энергетик'),
(6, 'KARMA_SEXPERT', 'Сапер'),
(7, 'KARMA_PRIZEFIGHTER', 'Фармацевт'),
(8, 'PE_PYROMANIAC', 'Пироманьяк'),
(9, 'PE_COMBAT_ENGINEER', 'Боевой инженер'),
(10, 'PE_COMPUSTER', 'Золотые руки'),
(11, 'PE_GECKO_SKINNING', 'Скорняк'),
(12, 'MODE_MUTATION', 'Мутант'),
(13, 'SK_OUTDOORSMAN', 'Скиталец'),
(14, 'SK_MELEE_WEAPONS', 'Холодное'),
(15, 'SK_UNARMED', 'Рукопашная'),
(16, 'SK_THROWING', 'Метательное'),
(17, 'SK_REPAIR', 'Ремонт'),
(18, 'SK_LOCKPICK', 'Взлом замков'),
(19, 'SK_SCIENCE', 'Наука'),
(20, 'ST_KNOWLEDGE_METALLURGY', 'Металургия'),
(21, 'ST_KNOWLEDGE_MECHANICS', 'Механика'),
(22, 'ST_KNOWLEDGE_BALLISTIC', 'Баллистика'),
(23, 'ST_KNOWLEDGE_CHEMISTRY', 'Химия'),
(24, 'ST_KNOWLEDGE_OPTICS', 'Оптика'),
(25, 'ST_KNOWLEDGE_ELECTRONICS', 'Электроника'),
(26, 'ST_KNOWLEDGE_CYBERNETICS', 'Кибернетика'),
(27, 'ST_KNOWLEDGE_ENERGETICS', 'Энергетика'),
(28, 'ST_KNOWLEDGE_PHARMACOLOGY', 'Фармокология'),
(29, 'ST_KNOWLEDGE_VIRUSOLOGY', 'Вирусология'),
(30, 'ST_KNOWLEDGE_BIOLOGY', 'Биология');

-- --------------------------------------------------------

--
-- Структура таблицы `rmicro`
--
-- Создание: Июл 21 2017 г., 02:07
--

DROP TABLE IF EXISTS `rmicro`;
CREATE TABLE `rmicro` (
  `id` int(5) NOT NULL,
  `item` smallint(5) NOT NULL,
  `fitem` smallint(5) NOT NULL,
  `sitem` smallint(5) NOT NULL
) ENGINE=InnoDB DEFAULT CHARSET=utf8;

--
-- Дамп данных таблицы `rmicro`
--

INSERT INTO `rmicro` (`id`, `item`, `fitem`, `sitem`) VALUES
(1, 47, 8040, 49),
(2, 533, 124, 8036),
(3, 8037, 8036, 533),
(4, 127, 449, 439),
(5, 8036, 286, 71),
(6, 55, 8043, 439),
(7, 576, 573, 574),
(8, 8063, 449, 537),
(9, 475, 98, 278),
(10, 475, 98, 538),
(11, 439, 8068, 519),
(12, 8030, 537, 574),
(13, 8030, 574, 259),
(14, 159, 574, 534),
(15, 7941, 47, 318),
(16, 8044, 8064, 8043),
(17, 534, 572, 439),
(18, 50, 475, 286),
(19, 572, 439, 98),
(20, 8076, 542, 98),
(21, 8076, 542, 8062),
(22, 8064, 537, 538),
(23, 8040, 8032, 8036),
(24, 8040, 271, 539),
(25, 8081, 475, 278),
(26, 8081, 98, 50),
(27, 377, 8044, 8054),
(28, 377, 55, 8054),
(29, 8048, 8064, 55),
(30, 537, 19, 98),
(31, 98, 286, 439),
(32, 98, 439, 534),
(33, 573, 92, 539),
(34, 106, 533, 271),
(35, 124, 533, 272),
(36, 8045, 307, 8043),
(37, 307, 229, 8054),
(38, 8062, 98, 439),
(39, 8062, 532, 286),
(40, 469, 125, 106),
(41, 535, 574, 8036),
(42, 49, 92, 125),
(43, 110, 8041, 8034),
(44, 110, 8034, 8033),
(45, 532, 8062, 439),
(46, 318, 8062, 8081),
(47, 8034, 8030, 87),
(48, 262, 98, 537),
(49, 125, 533, 8032),
(50, 125, 124, 71),
(51, 565, 8094, 382),
(52, 565, 566, 382),
(53, 8058, 537, 475),
(54, 8046, 377, 8044),
(55, 8065, 50, 538),
(56, 8066, 538, 475),
(57, 40, 318, 8040),
(58, 144, 8030, 8040),
(59, 575, 574, 8037),
(60, 538, 8068, 475),
(61, 538, 98, 475),
(62, 8091, 8090, 8081),
(63, 8090, 8065, 8081),
(64, 574, 573, 8032),
(65, 273, 271, 272),
(66, 449, 276, 277),
(67, 8043, 8058, 8068),
(68, 8054, 8064, 8065),
(69, 8032, 125, 8037);

-- --------------------------------------------------------

--
-- Структура таблицы `top`
--
-- Создание: Янв 18 2017 г., 01:55
-- Последнее обновление: Июл 21 2017 г., 02:07
-- Последняя проверка: Июл 21 2017 г., 02:07
--

DROP TABLE IF EXISTS `top`;
CREATE TABLE `top` (
  `id` smallint(6) NOT NULL,
  `pid` varchar(50) COLLATE utf8_unicode_ci NOT NULL,
  `description` varchar(255) COLLATE utf8_unicode_ci NOT NULL,
  `param1` varchar(150) COLLATE utf8_unicode_ci DEFAULT NULL,
  `param2` varchar(150) COLLATE utf8_unicode_ci DEFAULT NULL,
  `items` varchar(250) COLLATE utf8_unicode_ci NOT NULL,
  `tool` varchar(150) COLLATE utf8_unicode_ci DEFAULT NULL,
  `output` varchar(50) COLLATE utf8_unicode_ci NOT NULL,
  `exp` smallint(6) DEFAULT NULL
) ENGINE=MyISAM DEFAULT CHARSET=utf8 COLLATE=utf8_unicode_ci;

--
-- Дамп данных таблицы `top`
--

INSERT INTO `top` (`id`, `pid`, `description`, `param1`, `param2`, `items`, `tool`, `output`, `exp`) VALUES
(3, 'PID_POWERED_ARMOR', 'Дело нехитрое. С вас: Мотор, композитная броня, арамидная ткань (20), интерфейс, экранированные кабели (2), П.Л.И.С., микрочипы (10), микропроцессор, подвижные части (8), и система охлаждения.', '', '', 'PID_BOTTLE_CAPS 50000&PID_MOTOR 1&PID_MET_COMPOSITE_SHEET 1&PID_MET_ARAMID_FABRIC 20&PID_EL_INTERFACE 1&PID_EL_CABLE 2&PID_EL_CPLD 1&PID_EL_MICROCHIPS 10&PID_EL_MICROPROC 1&PID_TECH_MOVE_PARTS 8&PID_EL_COOLANT 1', '', 'PID_POWERED_ARMOR 1', 0),
(232, 'PID_HARDENED_POWER_ARMOR', 'С вас потребуется: Силовая броня, композитная броня, кевларовая ткань (10), тритий, жидкий азот, электронная линза и микропроцессор.', '', '', 'PID_BOTTLE_CAPS 75000&PID_POWERED_ARMOR 1&PID_MET_COMPOSITE_SHEET 1&PID_MET_KEVLAR_FIBER 10&PID_CHEM_TRITIY 1&PID_CHEM_NITROGEN 1&PID_OPT_LENS_ELEC 1&PID_EL_MICROPROC 1', '', 'PID_HARDENED_POWER_ARMOR 1', 0),
(348, 'PID_ADVANCED_POWER_ARMOR', 'Технологии сильно разнятся, потому собирать будем с нуля. С вас: Карбоновая ткань (15), карбитекс (8), композитная броня (4), микропроцессор, П.Л.И.С., микрочипы (15), подвижные части (8), аккумулятор', '', '', 'PID_BOTTLE_CAPS 100000&PID_MET_CARBON_FIBER 15&PID_MET_CARBITEX 8&PID_MET_COMPOSITE_SHEET 4&PID_EL_MICROPROC 1&PID_EL_CPLD 1&PID_EL_MICROCHIPS 15&PID_TECH_MOVE_PARTS 8&PID_OPT_LENS_ELEC 1&PID_EL_ACCUMULATOR 1', '', 'PID_ADVANCED_POWER_ARMOR 1', 0),
(349, 'PID_ADVANCED_POWER_ARMOR_MK2', 'Улучшить можно, но для этого нужно: АПА, композитная броня (2), карбитекс (10), электронная линза (2), реактивы (4), тритий и жидкий азот.', '', '', 'PID_BOTTLE_CAPS 150000&PID_ADVANCED_POWER_ARMOR 1&PID_MET_COMPOSITE_SHEET 2&PID_MET_CARBITEX 10&PID_OPT_LENS_ELEC 1&PID_CHEM_REACTIVE 4&PID_CHEM_TRITIY 1&PID_CHEM_NITROGEN 1', '', 'PID_ADVANCED_POWER_ARMOR_MK2 1', 0),
(873, 'PID_SCORPION', 'Сид из крафтерской Наварро сделает вам самое лучшее оружие если принести ему одну Электронную линзу. (20 рейтинга)', '', '', 'PID_BOTTLE_CAPS 25000&PID_TRANSFORM 1&PID_TECH_GCU 1&PID_MET_BARRELS_A2 3&PID_POW_CELL_PLASMA 6&PID_12_7MM 18&PID_HOLODISK_SCORPION 1', '', 'PID_SCORPION 1', 0),
(875, 'PID_OSA', 'Сид из крафтерской Наварро сделает вам самое лучшее оружие если принести ему одну Электронную линзу. (20 рейтинга)', '', '', 'PID_BOTTLE_CAPS 25000&PID_OPTIC 1&PID_MET_BARRELS_A2 2&PID_TRIGGER_SHOT 1&PID_TECH_MECHANISM 6&PID_NUKLE 5&PID_HOLODISK_OSA 1', '', 'PID_OSA 1', 0),
(876, 'PID_CHIMEC', 'Сид из крафтерской Наварро сделает вам самое лучшее оружие если принести ему одну Электронную линзу. (20 рейтинга)', '', '', 'PID_BOTTLE_CAPS 25000&PID_LASER_TUBE 1&PID_EL_MICROCHIPS 10&PID_POW_CELL_LASER 6&PID_POW_CUBE_LASER 6&PID_EL_CABLE 6&PID_CONTEINER 1&PID_TECH_LASER 1&PID_HOLODISK_CHIMEC 1', '', 'PID_CHIMEC 1', 0),
(885, 'PID_ROCKET_LAUNCHER_DUO', 'Сид из крафтерской Наварро сделает вам самое лучшее оружие если принести ему одну Электронную линзу. (20 рейтинга)', '', '', 'PID_BOTTLE_CAPS 25000&PID_LAUNCHER_DUO 1&PID_MET_BARRELS_A2 4&PID_TECH_MECHANISM 12&PID_TRIGGER_SHOT 1&PID_TECH_GCU 1&PID_HOLODISK_LAUNCHER_DUO 1', '', 'PID_ROCKET_LAUNCHER_DUO 1', 0),
(895, 'PID_BFG', 'Сид из крафтерской Наварро сделает вам самое лучшее оружие если принести ему одну Электронную линзу. (20 рейтинга)', '', '', 'PID_BOTTLE_CAPS 25000&PID_BFG_TRANSFORM 1&PID_CONTEINER 1&PID_EL_MICROPROC 5&PID_TRIGGER_ELECTRO 1&PID_POW_CUBE_PULSE 5&PID_POW_CELL_PULSE 3&PID_EL_COOLANT 1&PID_EL_CABLE 8&PID_HOLODISK_BFG 1', '', 'PID_BFG 1', 0),
(7904, 'PID_PULSE_RIFLE', 'Сид из крафтерской Наварро сделает вам самое лучшее оружие если принести ему одну Электронную линзу. (20 рейтинга)', '', '', 'PID_BOTTLE_CAPS 5000&PID_K9_MOTIVATOR 1&PID_MET_BARRELS_A2 3&PID_PLASMA_TRANSFORMER 3&PID_YK42B_PULSE_RIFLE 1', '', 'PID_PULSE_RIFLE 1', 0),
(7909, 'PID_RAD_X50', 'Сид из крафтерской Наварро сделает вам самое лучшее оружие если принести ему одну Электронную линзу. (20 рейтинга)', '', '', 'PID_BOTTLE_CAPS 25000&PID_NULL 1&PID_TECHNICAL_MANUAL 1&PID_GEIGER_COUNTER 2&PID_PLASMA_TRANSFORMER 3&PID_MET_BARRELS_A2 2&PID_POW_CUBE_PLASMA 10', '', 'PID_RAD_X50 1', 0),
(7950, 'PID_ASH_14', 'Сид из крафтерской Наварро сделает вам самое лучшее оружие если принести ему одну Электронную линзу. (20 рейтинга)', '', '', 'PID_BOTTLE_CAPS 5000&PID_NULL 1&PID_MET_BARRELS_A2 2&PID_SNIPER_RIFLE 1&PID_BOZAR 1', '', 'PID_ASH_14 1', 0),
(28, 'PID_GATLING_LASER', 'Сид из крафтерской Наварро сделает вам самое лучшее оружие если принести ему одну Электронную линзу. (20 рейтинга)', '', '', 'PID_BOTTLE_CAPS 5000&PID_QUANTUM_GEN 1&PID_POW_CUBE_LASER 6&PID_VINDICATOR_MINIGUN 1&PID_MET_BARRELS_A2 6&PID_OPT_LENS 24&PID_TECH_LASER 1', '', 'PID_GATLING_LASER 1', 0);

-- --------------------------------------------------------

--
-- Структура таблицы `users`
--
-- Создание: Янв 18 2017 г., 01:55
-- Последнее обновление: Июл 21 2017 г., 02:07
-- Последняя проверка: Июл 21 2017 г., 02:07
--

DROP TABLE IF EXISTS `users`;
CREATE TABLE `users` (
  `id` int(11) NOT NULL,
  `nick` varchar(30) COLLATE utf8_unicode_ci NOT NULL,
  `email` varchar(30) COLLATE utf8_unicode_ci NOT NULL,
  `pass` varchar(70) COLLATE utf8_unicode_ci NOT NULL,
  `hash` varchar(32) COLLATE utf8_unicode_ci NOT NULL,
  `ip` varchar(20) COLLATE utf8_unicode_ci NOT NULL DEFAULT '0',
  `lvlaccess` int(3) NOT NULL DEFAULT '0'
) ENGINE=MyISAM DEFAULT CHARSET=utf8 COLLATE=utf8_unicode_ci;

--
-- Индексы сохранённых таблиц
--

--
-- Индексы таблицы `build`
--
ALTER TABLE `build`
  ADD PRIMARY KEY (`id`);

--
-- Индексы таблицы `items`
--
ALTER TABLE `items`
  ADD PRIMARY KEY (`pid`);

--
-- Индексы таблицы `rmicro`
--
ALTER TABLE `rmicro`
  ADD PRIMARY KEY (`id`);

--
-- Индексы таблицы `top`
--
ALTER TABLE `top`
  ADD PRIMARY KEY (`id`);

--
-- Индексы таблицы `users`
--
ALTER TABLE `users`
  ADD PRIMARY KEY (`id`);

--
-- AUTO_INCREMENT для сохранённых таблиц
--

--
-- AUTO_INCREMENT для таблицы `build`
--
ALTER TABLE `build`
  MODIFY `id` int(6) NOT NULL AUTO_INCREMENT, AUTO_INCREMENT=3686;
--
-- AUTO_INCREMENT для таблицы `rmicro`
--
ALTER TABLE `rmicro`
  MODIFY `id` int(5) NOT NULL AUTO_INCREMENT, AUTO_INCREMENT=70;
--
-- AUTO_INCREMENT для таблицы `users`
--
ALTER TABLE `users`
  MODIFY `id` int(11) NOT NULL AUTO_INCREMENT, AUTO_INCREMENT=27;
/*!40101 SET CHARACTER_SET_CLIENT=@OLD_CHARACTER_SET_CLIENT */;
/*!40101 SET CHARACTER_SET_RESULTS=@OLD_CHARACTER_SET_RESULTS */;
/*!40101 SET COLLATION_CONNECTION=@OLD_COLLATION_CONNECTION */;
